version 2
JvmtiExport can_access_local_variables 0
JvmtiExport can_hotswap_or_post_breakpoint 0
JvmtiExport can_post_on_exceptions 0
# 590 ciObject found
instanceKlass java/io/ObjectInputStream
ciInstanceKlass java/lang/Cloneable 1 0 7 100 1 100 1 1 1
# instanceKlass java/lang/invoke/LambdaForm$MH+0x0000025641731000
instanceKlass org/jenkinsci/plugins/variant/OptionalExtension
instanceKlass org/jenkinsci/plugins/plaincredentials/StringCredentials
instanceKlass org/jenkinsci/plugins/plaincredentials/FileCredentials
instanceKlass com/cloudbees/plugins/credentials/common/StandardUsernamePasswordCredentials
instanceKlass com/cloudbees/plugins/credentials/common/UsernamePasswordCredentials
instanceKlass com/cloudbees/plugins/credentials/common/StandardUsernameCredentials
instanceKlass com/cloudbees/plugins/credentials/common/UsernameCredentials
instanceKlass com/cloudbees/plugins/credentials/CredentialsSelectHelper$WrappedCredentialsStore
instanceKlass com/cloudbees/plugins/credentials/BaseCredentials
instanceKlass com/cloudbees/plugins/credentials/common/StandardCertificateCredentials
instanceKlass com/cloudbees/plugins/credentials/common/CertificateCredentials
instanceKlass com/cloudbees/plugins/credentials/common/PasswordCredentials
instanceKlass com/cloudbees/plugins/credentials/domains/Domain
instanceKlass com/cloudbees/plugins/credentials/CredentialsStoreAction
instanceKlass com/cloudbees/plugins/credentials/CredentialsSelectHelper$WrappedContextResolver
instanceKlass com/cloudbees/plugins/credentials/common/StandardCredentials
instanceKlass hudson/plugins/build_timeout/global/TimeOut
instanceKlass org/jenkinsci/plugins/tokenmacro/Util$PrintfSpec
instanceKlass org/jenkinsci/plugins/tokenmacro/DataBoundTokenMacro$Parameter
instanceKlass org/jenkinsci/plugins/structs/describable/UninstantiatedDescribable
instanceKlass org/jenkinsci/plugins/workflow/steps/StepContext
instanceKlass com/google/common/util/concurrent/FutureCallback
instanceKlass com/cloudbees/hudson/plugins/folder/relocate/RelocationAction
instanceKlass com/cloudbees/plugins/credentials/domains/DomainRequirement
instanceKlass hudson/util/ListBoxModel$Option
instanceKlass com/cloudbees/plugins/credentials/common/IdCredentials
instanceKlass com/cloudbees/plugins/credentials/CredentialsMatcher
instanceKlass com/cloudbees/plugins/credentials/CredentialsStore
instanceKlass com/cloudbees/plugins/credentials/Credentials
instanceKlass hudson/model/AbstractStatusIcon
instanceKlass com/cloudbees/hudson/plugins/folder/ChildNameGenerator
instanceKlass com/google/inject/internal/InjectorShell$InheritedScannersModule
instanceKlass hudson/plugins/timestamper/pipeline/GlobalDecorator$Factory
instanceKlass org/jenkinsci/plugins/workflow/log/TaskListenerDecorator$Factory
instanceKlass org/jenkinsci/plugins/workflow/steps/StepExecutionIterator
instanceKlass org/jenkinsci/plugins/workflow/flow/FlowExecutionListener
instanceKlass org/jenkinsci/plugins/workflow/flow/FlowExecutionList$DefaultStorage
instanceKlass org/jenkinsci/plugins/workflow/flow/FlowExecutionList$Storage
instanceKlass org/jenkinsci/plugins/workflow/flow/FlowExecutionList
instanceKlass org/jenkinsci/plugins/workflow/flow/FlowCopier
instanceKlass jenkins/scm/impl/avatars/AvatarCache
instanceKlass jenkins/scm/api/SCMEventListener
instanceKlass jenkins/scm/api/SCMSourceOwners$Enumerator
instanceKlass jenkins/scm/api/SCMNavigatorOwners$Enumerator
instanceKlass org/jenkinsci/plugins/credentialsbinding/masking/LiteralSecretPatternFactory
instanceKlass org/jenkinsci/plugins/credentialsbinding/masking/DollarSecretPatternFactory
instanceKlass org/jenkinsci/plugins/credentialsbinding/masking/BatchSecretPatternFactory
instanceKlass org/jenkinsci/plugins/credentialsbinding/masking/BashSecretPatternFactory
instanceKlass org/jenkinsci/plugins/credentialsbinding/masking/Base64SecretPatternFactory
instanceKlass org/jenkinsci/plugins/credentialsbinding/masking/AlmquistShellSecretPatternFactory
instanceKlass org/jenkinsci/plugins/credentialsbinding/masking/SecretPatternFactory
instanceKlass com/cloudbees/plugins/credentials/CredentialsSnapshotTaker
instanceKlass com/cloudbees/plugins/credentials/ViewCredentialsAction
instanceKlass hudson/model/AbstractDescribableImpl
instanceKlass com/cloudbees/plugins/credentials/CredentialsSelectHelper$ContextResolver
instanceKlass hudson/plugins/build_timeout/global/Lifecycle
instanceKlass hudson/plugins/build_timeout/global/TimeOutStore
instanceKlass hudson/plugins/build_timeout/global/TimeOutProvider
instanceKlass hudson/plugins/build_timeout/BuildTimeOutOperation
instanceKlass hudson/plugins/build_timeout/BuildTimeOutStrategy
instanceKlass hudson/tasks/BuildWrapper
instanceKlass org/jenkinsci/plugins/tokenmacro/TokenMacro
instanceKlass org/jenkinsci/plugins/structs/SymbolLookup
instanceKlass com/cloudbees/hudson/plugins/folder/relocate/RelocationHandler
instanceKlass com/cloudbees/hudson/plugins/folder/relocate/ItemGroupModifier$StandardModifier
instanceKlass com/cloudbees/hudson/plugins/folder/relocate/ItemGroupModifier
instanceKlass com/cloudbees/hudson/plugins/folder/relocate/RelocationUI
instanceKlass hudson/model/queue/QueueTaskDispatcher
instanceKlass com/cloudbees/hudson/plugins/folder/ChildLoader
instanceKlass  @bci hudson/ExtensionFinder$GuiceFinder refresh ()Ljenkins/ExtensionComponentSet; 3 <appendix> argL0 ; # hudson/ExtensionFinder$GuiceFinder$$Lambda+0x0000025641697120
instanceKlass  @bci jenkins/model/Jenkins refreshExtensions ()V 109 <appendix> member <vmtarget> ; # jenkins/model/Jenkins$$Lambda+0x0000025641696f08
instanceKlass  @bci jenkins/model/Jenkins refreshExtensions ()V 12 <appendix> member <vmtarget> ; # jenkins/model/Jenkins$$Lambda+0x0000025641696cf0
instanceKlass  @bci hudson/PluginManager start (Ljava/util/List;)V 18 <appendix> argL0 ; # hudson/PluginManager$$Lambda+0x0000025641696ac0
instanceKlass  @bci hudson/PluginManager start (Ljava/util/List;)V 13 <appendix> argL0 ; # hudson/PluginManager$$Lambda+0x0000025641696890
# instanceKlass java/lang/invoke/LambdaForm$MH+0x00000256416ecc00
# instanceKlass java/lang/invoke/LambdaForm$DMH+0x00000256416ec800
# instanceKlass java/lang/invoke/LambdaForm$DMH+0x00000256416ec400
# instanceKlass java/lang/invoke/LambdaForm$DMH+0x00000256416ec000
# instanceKlass java/lang/invoke/LambdaForm$MH+0x00000256416ebc00
# instanceKlass java/lang/invoke/LambdaForm$MH+0x00000256416eb800
# instanceKlass java/lang/invoke/LambdaForm$DMH+0x00000256416eb400
# instanceKlass java/lang/invoke/LambdaForm$DMH+0x00000256416eb000
# instanceKlass java/lang/invoke/LambdaForm$DMH+0x00000256416eac00
# instanceKlass java/lang/invoke/LambdaForm$DMH+0x00000256416ea800
# instanceKlass java/lang/invoke/LambdaForm$MH+0x00000256416ea400
# instanceKlass java/lang/invoke/LambdaForm$MH+0x00000256416ea000
# instanceKlass java/lang/invoke/LambdaForm$DMH+0x00000256416e9c00
# instanceKlass java/lang/invoke/LambdaForm$MH+0x00000256416e9800
# instanceKlass java/lang/invoke/LambdaForm$DMH+0x00000256416e9400
# instanceKlass java/lang/invoke/LambdaForm$DMH+0x00000256416e9000
# instanceKlass java/lang/invoke/LambdaForm$DMH+0x00000256416e8c00
# instanceKlass java/lang/invoke/LambdaForm$DMH+0x00000256416e8800
# instanceKlass java/lang/invoke/LambdaForm$DMH+0x00000256416e8400
# instanceKlass java/lang/invoke/LambdaForm$DMH+0x00000256416e8000
# instanceKlass java/lang/invoke/LambdaForm$DMH+0x00000256416e7c00
# instanceKlass java/lang/invoke/LambdaForm$DMH+0x00000256416e7800
# instanceKlass java/lang/invoke/LambdaForm$DMH+0x00000256416e7400
# instanceKlass java/lang/invoke/LambdaForm$DMH+0x00000256416e7000
# instanceKlass java/lang/invoke/LambdaForm$DMH+0x00000256416e6c00
# instanceKlass java/lang/invoke/LambdaForm$DMH+0x00000256416e6800
# instanceKlass java/lang/invoke/LambdaForm$DMH+0x00000256416e6400
# instanceKlass java/lang/invoke/LambdaForm$DMH+0x00000256416e6000
# instanceKlass java/lang/invoke/LambdaForm$DMH+0x00000256416e5c00
# instanceKlass java/lang/invoke/LambdaForm$MH+0x00000256416e5800
# instanceKlass java/lang/invoke/LambdaForm$DMH+0x00000256416e5400
# instanceKlass java/lang/invoke/LambdaForm$DMH+0x00000256416e5000
# instanceKlass java/lang/invoke/LambdaForm$DMH+0x00000256416e4c00
# instanceKlass java/lang/invoke/LambdaForm$DMH+0x00000256416e4800
# instanceKlass java/lang/invoke/LambdaForm$DMH+0x00000256416e4400
# instanceKlass java/lang/invoke/LambdaForm$MH+0x00000256416e4000
# instanceKlass java/lang/invoke/LambdaForm$MH+0x00000256416e3c00
# instanceKlass java/lang/invoke/LambdaForm$DMH+0x00000256416e3800
# instanceKlass java/lang/invoke/LambdaForm$DMH+0x00000256416e3400
# instanceKlass java/lang/invoke/LambdaForm$DMH+0x00000256416e3000
# instanceKlass java/lang/invoke/LambdaForm$DMH+0x00000256416e2c00
# instanceKlass java/lang/invoke/LambdaForm$DMH+0x00000256416e2800
# instanceKlass java/lang/invoke/LambdaForm$DMH+0x00000256416e2400
# instanceKlass java/lang/invoke/LambdaForm$DMH+0x00000256416e2000
# instanceKlass java/lang/invoke/LambdaForm$MH+0x00000256416e1c00
# instanceKlass java/lang/invoke/LambdaForm$MH+0x00000256416e1800
# instanceKlass java/lang/invoke/LambdaForm$MH+0x00000256416e1400
# instanceKlass java/lang/invoke/LambdaForm$MH+0x00000256416e1000
# instanceKlass java/lang/invoke/LambdaForm$MH+0x00000256416e0c00
instanceKlass java/util/concurrent/ConcurrentLinkedQueue$Itr
instanceKlass hudson/PluginManager$FailedPlugin
# instanceKlass java/lang/invoke/LambdaForm$DMH+0x00000256416e0800
instanceKlass sun/net/www/http/KeepAliveStream$1
instanceKlass sun/net/www/http/KeepAliveCleanerEntry
# instanceKlass java/lang/invoke/LambdaForm$DMH+0x00000256416e0400
# instanceKlass java/lang/invoke/LambdaForm$DMH+0x00000256416e0000
instanceKlass org/bouncycastle/internal/asn1/isara/IsaraObjectIdentifiers
instanceKlass org/bouncycastle/pqc/asn1/PQCObjectIdentifiers
instanceKlass org/bouncycastle/jcajce/provider/drbg/EntropyDaemon
instanceKlass org/bouncycastle/crypto/prng/EntropySourceProvider
instanceKlass org/bouncycastle/jcajce/provider/drbg/DRBG
instanceKlass org/bouncycastle/jcajce/provider/asymmetric/compositekem/CompositeIndex
instanceKlass javax/crypto/KEMSpi
instanceKlass org/bouncycastle/jcajce/util/SpiUtil
instanceKlass org/bouncycastle/jcajce/provider/asymmetric/RSA
instanceKlass org/bouncycastle/internal/asn1/eac/EACObjectIdentifiers
instanceKlass org/bouncycastle/util/Properties$2
instanceKlass org/bouncycastle/util/Properties$1
instanceKlass org/bouncycastle/util/Properties
instanceKlass org/bouncycastle/internal/asn1/bsi/BSIObjectIdentifiers
instanceKlass org/bouncycastle/asn1/gm/GMNamedCurves
instanceKlass org/bouncycastle/asn1/cryptopro/ECGOST3410NamedCurves
instanceKlass org/bouncycastle/asn1/anssi/ANSSIObjectIdentifiers
instanceKlass org/bouncycastle/asn1/anssi/ANSSINamedCurves
instanceKlass org/bouncycastle/asn1/teletrust/TeleTrusTNamedCurves
instanceKlass org/bouncycastle/asn1/nist/NISTNamedCurves
instanceKlass org/bouncycastle/math/ec/endo/ECEndomorphism
instanceKlass org/bouncycastle/asn1/sec/SECNamedCurves
instanceKlass org/bouncycastle/math/ec/ECCurve
instanceKlass org/bouncycastle/asn1/x9/X9ECParametersHolder
instanceKlass org/bouncycastle/asn1/x9/X962NamedCurves
instanceKlass org/bouncycastle/asn1/x9/ECNamedCurveTable
instanceKlass org/bouncycastle/jcajce/provider/asymmetric/EC
instanceKlass org/bouncycastle/jcajce/provider/asymmetric/DH
instanceKlass org/bouncycastle/jcajce/provider/asymmetric/dsa/DSAUtil
instanceKlass org/bouncycastle/crypto/params/AsymmetricKeyParameter
instanceKlass org/bouncycastle/asn1/x509/X509ObjectIdentifiers
instanceKlass org/bouncycastle/jce/spec/ECNamedCurveGenParameterSpec
instanceKlass java/security/spec/RSAKeyGenParameterSpec
instanceKlass org/bouncycastle/crypto/Digest
instanceKlass org/bouncycastle/jcajce/provider/asymmetric/compositesignatures/CompositeIndex
instanceKlass org/bouncycastle/jcajce/provider/asymmetric/EXTERNAL
instanceKlass org/bouncycastle/jcajce/provider/asymmetric/EXTERNAL$ExternalKeyInfoConverter
instanceKlass org/bouncycastle/asn1/ASN1OctetStringParser
instanceKlass org/bouncycastle/asn1/InMemoryRepresentable
instanceKlass org/bouncycastle/jcajce/provider/asymmetric/COMPOSITE
instanceKlass org/bouncycastle/jcajce/util/ProviderJcaJceHelper
instanceKlass org/bouncycastle/asn1/ASN1Choice
instanceKlass org/bouncycastle/asn1/sec/SECObjectIdentifiers
instanceKlass org/bouncycastle/internal/asn1/edec/EdECObjectIdentifiers
instanceKlass org/bouncycastle/jcajce/util/JcaJceHelper
instanceKlass org/bouncycastle/jcajce/provider/symmetric/Zuc
instanceKlass org/bouncycastle/jcajce/provider/symmetric/GOST3412_2015
instanceKlass org/bouncycastle/jcajce/provider/symmetric/DSTU7624
instanceKlass org/bouncycastle/jcajce/provider/symmetric/OpenSSLPBKDF
instanceKlass org/bouncycastle/jcajce/provider/symmetric/XChaCha
instanceKlass org/bouncycastle/jcajce/provider/symmetric/XSalsa20
instanceKlass org/bouncycastle/jcajce/provider/symmetric/XTEA
instanceKlass org/bouncycastle/jcajce/provider/symmetric/VMPCKSA3
instanceKlass org/bouncycastle/jcajce/provider/symmetric/VMPC
instanceKlass org/bouncycastle/jcajce/provider/symmetric/Threefish
instanceKlass org/bouncycastle/jcajce/provider/symmetric/Twofish
instanceKlass org/bouncycastle/jcajce/provider/symmetric/TEA
instanceKlass org/bouncycastle/jcajce/provider/symmetric/SM4
instanceKlass org/bouncycastle/jcajce/provider/symmetric/Skipjack
instanceKlass org/bouncycastle/jcajce/provider/symmetric/Shacal2
instanceKlass org/bouncycastle/internal/asn1/gnu/GNUObjectIdentifiers
instanceKlass org/bouncycastle/jcajce/provider/symmetric/Serpent
instanceKlass org/bouncycastle/internal/asn1/kisa/KISAObjectIdentifiers
instanceKlass org/bouncycastle/jcajce/provider/symmetric/SEED
instanceKlass org/bouncycastle/jcajce/provider/symmetric/Salsa20
instanceKlass org/bouncycastle/jcajce/provider/symmetric/Rijndael
instanceKlass org/bouncycastle/jcajce/provider/symmetric/RC6
instanceKlass org/bouncycastle/jcajce/provider/symmetric/RC5
instanceKlass org/bouncycastle/jcajce/provider/symmetric/RC2
instanceKlass org/bouncycastle/jcajce/provider/symmetric/Noekeon
instanceKlass org/bouncycastle/jcajce/provider/symmetric/LEA
instanceKlass org/bouncycastle/jcajce/provider/symmetric/IDEA
instanceKlass org/bouncycastle/jcajce/provider/symmetric/HC256
instanceKlass org/bouncycastle/jcajce/provider/symmetric/HC128
instanceKlass org/bouncycastle/jcajce/provider/symmetric/Grain128
instanceKlass org/bouncycastle/jcajce/provider/symmetric/Grainv1
instanceKlass org/bouncycastle/jcajce/provider/symmetric/GOST28147
instanceKlass org/bouncycastle/jcajce/provider/symmetric/DESede
instanceKlass org/bouncycastle/jcajce/provider/symmetric/DES
instanceKlass org/bouncycastle/jcajce/provider/symmetric/ChaCha
instanceKlass org/bouncycastle/jcajce/provider/symmetric/CAST6
instanceKlass org/bouncycastle/jcajce/provider/symmetric/CAST5
instanceKlass org/bouncycastle/internal/asn1/ntt/NTTObjectIdentifiers
instanceKlass org/bouncycastle/jcajce/provider/symmetric/Camellia
instanceKlass org/bouncycastle/jcajce/provider/symmetric/Blowfish
instanceKlass org/bouncycastle/internal/asn1/nsri/NSRIObjectIdentifiers
instanceKlass org/bouncycastle/jcajce/provider/symmetric/ARIA
instanceKlass org/bouncycastle/jcajce/provider/symmetric/ARC4
instanceKlass org/bouncycastle/asn1/bc/BCObjectIdentifiers
instanceKlass org/bouncycastle/jcajce/provider/symmetric/AES
instanceKlass org/bouncycastle/crypto/params/DHValidationParameters
instanceKlass org/bouncycastle/crypto/params/DHParameters
instanceKlass org/bouncycastle/asn1/x9/X9ObjectIdentifiers
instanceKlass org/bouncycastle/crypto/CryptoServicesRegistrar$Property
instanceKlass org/bouncycastle/util/encoders/HexEncoder
instanceKlass org/bouncycastle/util/encoders/Encoder
instanceKlass org/bouncycastle/util/encoders/Hex
instanceKlass org/bouncycastle/crypto/params/DSAValidationParameters
instanceKlass org/bouncycastle/crypto/params/DSAParameters
instanceKlass org/bouncycastle/crypto/CipherParameters
instanceKlass org/bouncycastle/crypto/CryptoServicesRegistrar$1
instanceKlass org/bouncycastle/crypto/CryptoServicesRegistrar$ThreadLocalSecureRandomProvider
instanceKlass org/bouncycastle/crypto/CryptoServicesConstraints
instanceKlass org/bouncycastle/crypto/SecureRandomProvider
instanceKlass org/bouncycastle/crypto/CryptoServicesRegistrar
instanceKlass org/bouncycastle/jcajce/provider/symmetric/Poly1305
instanceKlass org/bouncycastle/jcajce/provider/symmetric/SipHash128
instanceKlass org/bouncycastle/jcajce/provider/symmetric/SipHash
instanceKlass org/bouncycastle/jcajce/provider/symmetric/HKDF
instanceKlass org/bouncycastle/jcajce/provider/symmetric/ARGON2
instanceKlass org/bouncycastle/jcajce/provider/symmetric/SCRYPT
instanceKlass org/bouncycastle/jcajce/provider/symmetric/TLSKDF
instanceKlass org/bouncycastle/jcajce/provider/symmetric/PBEPKCS12
instanceKlass org/bouncycastle/jcajce/provider/symmetric/PBEPBKDF2
instanceKlass org/bouncycastle/jcajce/provider/symmetric/PBEPBKDF1
instanceKlass org/bouncycastle/jcajce/provider/digest/Blake3
instanceKlass org/bouncycastle/jcajce/provider/digest/Haraka
instanceKlass org/bouncycastle/asn1/ua/UAObjectIdentifiers
instanceKlass org/bouncycastle/jcajce/provider/digest/DSTU7564
instanceKlass org/bouncycastle/jcajce/provider/digest/Blake2s
instanceKlass org/bouncycastle/internal/asn1/misc/MiscObjectIdentifiers
instanceKlass org/bouncycastle/jcajce/provider/digest/Blake2b
instanceKlass org/bouncycastle/internal/asn1/iso/ISOIECObjectIdentifiers
instanceKlass org/bouncycastle/jcajce/provider/digest/Whirlpool
instanceKlass org/bouncycastle/jcajce/provider/digest/Tiger
instanceKlass org/bouncycastle/asn1/gm/GMObjectIdentifiers
instanceKlass org/bouncycastle/jcajce/provider/digest/SM3
instanceKlass org/bouncycastle/jcajce/provider/digest/Skein
instanceKlass org/bouncycastle/jcajce/provider/digest/SHA3
instanceKlass org/bouncycastle/jcajce/provider/digest/SHA512
instanceKlass org/bouncycastle/jcajce/provider/digest/SHA384
instanceKlass org/bouncycastle/jcajce/provider/digest/SHA256
instanceKlass org/bouncycastle/asn1/nist/NISTObjectIdentifiers
instanceKlass org/bouncycastle/jcajce/provider/digest/SHA224
instanceKlass org/bouncycastle/jcajce/provider/digest/RIPEMD320
instanceKlass org/bouncycastle/jcajce/provider/digest/RIPEMD256
instanceKlass org/bouncycastle/jcajce/provider/digest/RIPEMD160
instanceKlass org/bouncycastle/asn1/teletrust/TeleTrusTObjectIdentifiers
instanceKlass org/bouncycastle/jcajce/provider/digest/RIPEMD128
instanceKlass org/bouncycastle/internal/asn1/oiw/OIWObjectIdentifiers
instanceKlass org/bouncycastle/jcajce/provider/digest/SHA1
instanceKlass org/bouncycastle/asn1/iana/IANAObjectIdentifiers
instanceKlass org/bouncycastle/jcajce/provider/digest/MD5
instanceKlass org/bouncycastle/jcajce/provider/digest/MD4
instanceKlass org/bouncycastle/asn1/ASN1ObjectIdentifier$OidHandle
instanceKlass org/bouncycastle/asn1/pkcs/PKCSObjectIdentifiers
instanceKlass org/bouncycastle/jcajce/provider/digest/MD2
instanceKlass org/bouncycastle/jcajce/provider/digest/Keccak
instanceKlass org/bouncycastle/internal/asn1/rosstandart/RosstandartObjectIdentifiers
instanceKlass org/bouncycastle/util/Arrays
instanceKlass org/bouncycastle/asn1/ASN1Tag
instanceKlass org/bouncycastle/asn1/ASN1Type
instanceKlass org/bouncycastle/asn1/ASN1Object
instanceKlass org/bouncycastle/util/Encodable
instanceKlass org/bouncycastle/asn1/ASN1Encodable
instanceKlass org/bouncycastle/asn1/cryptopro/CryptoProObjectIdentifiers
instanceKlass org/bouncycastle/jcajce/provider/digest/GOST3411
instanceKlass org/bouncycastle/jcajce/provider/util/AlgorithmProvider
instanceKlass org/bouncycastle/jce/provider/BouncyCastleProvider$1
instanceKlass jdk/internal/math/MathUtils
instanceKlass jdk/internal/math/DoubleToDecimal
instanceKlass org/bouncycastle/jce/provider/BouncyCastleProvider$JcaCryptoService
instanceKlass org/bouncycastle/jcajce/provider/symmetric/util/ClassUtil
instanceKlass org/bouncycastle/util/Strings$1
instanceKlass org/bouncycastle/util/StringList
instanceKlass org/bouncycastle/util/Iterable
instanceKlass org/bouncycastle/util/Strings
instanceKlass org/bouncycastle/jce/provider/BouncyCastleProviderConfiguration
instanceKlass org/bouncycastle/jcajce/provider/util/AsymmetricKeyInfoConverter
instanceKlass org/bouncycastle/crypto/CryptoServiceProperties
instanceKlass org/bouncycastle/jcajce/provider/config/ProviderConfiguration
instanceKlass org/bouncycastle/jcajce/provider/config/ConfigurableProvider
instanceKlass sun/security/util/ManifestEntryVerifier$SunProviderHolder
instanceKlass sun/security/util/JarConstraintsParameters
instanceKlass java/security/CodeSigner
instanceKlass sun/security/timestamp/TimestampToken
instanceKlass sun/security/pkcs/SigningCertificateInfo$ESSCertId
instanceKlass sun/security/pkcs/SigningCertificateInfo
instanceKlass sun/security/pkcs/PKCS9Attributes
instanceKlass sun/security/util/DisabledAlgorithmConstraints$JarHolder
instanceKlass  @bci sun/security/util/DerInputStream seeOptionalContextSpecific (I)Z 2 <appendix> member <vmtarget> ; # sun/security/util/DerInputStream$$Lambda+0x000002564166d040
instanceKlass  @cpi sun/security/util/DerInputStream 295 form vmentry <vmtarget> ; # java/lang/invoke/LambdaForm$DMH+0x000002564169a400
instanceKlass sun/security/pkcs/PKCS7
instanceKlass  @bci sun/security/util/ManifestDigester <init> ([B)V 350 <appendix> argL0 ; # sun/security/util/ManifestDigester$$Lambda+0x000002564166c9c8
instanceKlass sun/security/util/ManifestDigester$Section
instanceKlass sun/security/util/ManifestDigester$Entry
instanceKlass sun/security/util/ManifestDigester$Position
instanceKlass sun/security/util/ManifestDigester
instanceKlass jenkins/bouncycastle/api/BcProviderRegistration
instanceKlass jenkins/bouncycastle/api/SecurityProviderInitializer
instanceKlass  @bci hudson/PluginWrapper injectJarsToClasspath ([Ljava/io/File;)V 39 <appendix> member <vmtarget> ; # hudson/PluginWrapper$$Lambda+0x0000025641696478
instanceKlass org/eclipse/jetty/io/ManagedSelector$DestroyEndPoint
instanceKlass  @bci org/eclipse/jetty/io/IdleTimeout checkIdleTimeout ()J 94 <appendix> form vmentry <vmtarget> ; # java/lang/invoke/LambdaForm$MH+0x000002564169a000
instanceKlass  @bci org/eclipse/jetty/io/IdleTimeout checkIdleTimeout ()J 94 <appendix> argL3 form vmentry <vmtarget> ; # java/lang/invoke/LambdaForm$MH+0x0000025641699c00
# instanceKlass java/lang/invoke/LambdaForm$MH+0x0000025641699800
# instanceKlass java/lang/invoke/LambdaForm$MH+0x0000025641699400
# instanceKlass java/lang/invoke/LambdaForm$MH+0x0000025641699000
# instanceKlass java/lang/invoke/LambdaForm$MH+0x0000025641698c00
instanceKlass  @bci org/eclipse/jetty/io/IdleTimeout checkIdleTimeout ()J 94 <appendix> argL1 form vmentry <vmtarget> ; # java/lang/invoke/LambdaForm$MH+0x0000025641698800
# instanceKlass java/lang/invoke/LambdaForm$MH+0x0000025641698400
# instanceKlass java/lang/invoke/LambdaForm$MH+0x0000025641698000
# instanceKlass java/lang/invoke/LambdaForm$MH+0x0000025641695c00
# instanceKlass java/lang/invoke/LambdaForm$MH+0x0000025641695800
# instanceKlass java/lang/invoke/LambdaForm$MH+0x0000025641695400
instanceKlass  @bci org/apache/commons/io/input/ProxyInputStream close ()V 5 <appendix> member <vmtarget> ; # org/apache/commons/io/input/ProxyInputStream$$Lambda+0x0000025641696240
instanceKlass  @bci org/apache/commons/io/function/IOIntConsumer <clinit> ()V 0 <appendix> argL0 ; # org/apache/commons/io/function/IOIntConsumer$$Lambda+0x0000025641696000
instanceKlass  @cpi org/apache/commons/io/function/IOIntConsumer 86 form vmentry <vmtarget> ; # java/lang/invoke/LambdaForm$DMH+0x0000025641695000
# instanceKlass java/lang/invoke/LambdaForm$DMH+0x0000025641694c00
instanceKlass org/apache/commons/io/function/IOIntConsumer
# instanceKlass java/lang/invoke/LambdaForm$DMH+0x0000025641694800
instanceKlass jenkins/ClassLoaderReflectionToolkit
instanceKlass  @bci hudson/util/CachingClassLoader clearCacheMisses ()V 7 <appendix> argL0 ; # hudson/util/CachingClassLoader$$Lambda+0x0000025641693888
instanceKlass  @bci java/util/Vector removeAll (Ljava/util/Collection;)Z 7 <appendix> member <vmtarget> ; # java/util/Vector$$Lambda+0x000002564166bf40
instanceKlass org/apache/tools/ant/taskdefs/Zip$ArchiveState
instanceKlass  @bci org/apache/tools/ant/taskdefs/Zip grabNonFileSetResources ([Lorg/apache/tools/ant/types/ResourceCollection;)[[Lorg/apache/tools/ant/types/Resource; 108 <appendix> argL0 ; # org/apache/tools/ant/taskdefs/Zip$$Lambda+0x0000025641692c60
instanceKlass  @bci org/apache/tools/ant/types/resources/MappedResourceCollection getCollection ()Ljava/util/Collection; 66 <appendix> member <vmtarget> ; # org/apache/tools/ant/types/resources/MappedResourceCollection$$Lambda+0x0000025641692a28
instanceKlass  @bci org/apache/tools/ant/types/ZipScanner fillMapsFromArchive (Lorg/apache/tools/ant/types/Resource;Ljava/lang/String;Ljava/util/Map;Ljava/util/Map;Ljava/util/Map;Ljava/util/Map;)V 58 <appendix> form vmentry <vmtarget> ; # java/lang/invoke/LambdaForm$DMH+0x0000025641694400
instanceKlass  @bci org/apache/tools/ant/types/ZipScanner fillMapsFromArchive (Lorg/apache/tools/ant/types/Resource;Ljava/lang/String;Ljava/util/Map;Ljava/util/Map;Ljava/util/Map;Ljava/util/Map;)V 58 <appendix> member <vmtarget> ; # org/apache/tools/ant/types/ZipScanner$$Lambda+0x0000025641691d30
instanceKlass  @cpi org/apache/tools/ant/types/ZipScanner 106 form vmentry <vmtarget> ; # java/lang/invoke/LambdaForm$DMH+0x0000025641694000
instanceKlass java/util/Spliterators$AbstractSpliterator
instanceKlass org/apache/tools/ant/util/StreamUtils
instanceKlass  @bci org/apache/tools/ant/types/ZipScanner fillMapsFromArchive (Lorg/apache/tools/ant/types/Resource;Ljava/lang/String;Ljava/util/Map;Ljava/util/Map;Ljava/util/Map;Ljava/util/Map;)V 14 <appendix> argL0 ; # org/apache/tools/ant/types/ZipScanner$$Lambda+0x0000025641691698
instanceKlass  @bci org/apache/tools/ant/types/ZipScanner fillMapsFromArchive (Lorg/apache/tools/ant/types/Resource;Ljava/lang/String;Ljava/util/Map;Ljava/util/Map;Ljava/util/Map;Ljava/util/Map;)V 6 <appendix> argL0 ; # org/apache/tools/ant/types/ZipScanner$$Lambda+0x0000025641691468
instanceKlass org/apache/tools/ant/PropertyHelper$PropertySetter
instanceKlass  @bci org/apache/tools/ant/taskdefs/Zip <clinit> ()V 35 <appendix> argL0 ; # org/apache/tools/ant/taskdefs/Zip$$Lambda+0x000002564168f350
instanceKlass  @bci org/apache/tools/ant/taskdefs/Zip <clinit> ()V 27 <appendix> argL0 ; # org/apache/tools/ant/taskdefs/Zip$$Lambda+0x000002564168f140
instanceKlass org/apache/tools/ant/util/ResourceUtils$ResourceSelectorProvider
instanceKlass  @bci org/apache/tools/ant/taskdefs/Zip <clinit> ()V 19 <appendix> argL0 ; # org/apache/tools/ant/taskdefs/Zip$$Lambda+0x000002564168ed40
instanceKlass org/apache/tools/zip/ZipOutputStream$UnicodeExtraFieldPolicy
instanceKlass org/apache/tools/ant/util/ContainerMapper
instanceKlass org/apache/tools/ant/SubBuildListener
instanceKlass org/apache/tools/ant/util/GlobPatternMapper
instanceKlass  @bci org/apache/tools/ant/types/resources/Union getAllResources ()Ljava/util/Set; 4 <appendix> argL0 ; # org/apache/tools/ant/types/resources/Union$$Lambda+0x000002564168b968
instanceKlass  @bci org/apache/tools/ant/types/resources/Union streamResources (Ljava/util/function/Function;)Ljava/util/stream/Stream; 9 <appendix> argL0 ; # org/apache/tools/ant/types/resources/Union$$Lambda+0x000002564168b738
instanceKlass org/apache/tools/ant/types/resources/FailFast
instanceKlass  @bci hudson/PluginManager install (Ljava/util/Collection;ZLjava/util/UUID;)Ljava/util/List; 335 <appendix> member <vmtarget> ; # hudson/PluginManager$$Lambda+0x000002564168b2c8
instanceKlass hudson/model/UpdateCenter$CompleteBatchJob$CompleteBatchJobStatus
instanceKlass org/apache/tools/ant/util/ResourceUtils
instanceKlass  @bci org/apache/tools/zip/ZipFile resolveLocalFileHeaderData (Ljava/util/Map;)V 327 <appendix> argL0 ; # org/apache/tools/zip/ZipFile$$Lambda+0x0000025641689fc8
instanceKlass org/apache/tools/zip/ZipEightByteInteger
instanceKlass org/apache/tools/zip/Zip64ExtendedInformationExtraField
instanceKlass org/apache/tools/zip/CentralDirectoryParsingZipExtraField
instanceKlass org/apache/tools/zip/JarMarker
instanceKlass org/apache/tools/zip/AsiExtraField
instanceKlass org/apache/tools/zip/UnixStat
instanceKlass org/apache/tools/zip/ExtraFieldUtils
instanceKlass org/apache/tools/zip/ExtraFieldUtils$UnparseableExtraField
instanceKlass org/apache/tools/zip/AbstractUnicodeExtraField
instanceKlass org/apache/tools/zip/ZipUtil
instanceKlass org/apache/tools/zip/ZipShort
instanceKlass org/apache/tools/zip/GeneralPurposeBit
instanceKlass org/apache/tools/zip/ZipFile$OffsetEntry
instanceKlass org/apache/tools/zip/FallbackZipEncoding
instanceKlass org/apache/tools/zip/ZipEncodingHelper$SimpleEncodingHolder
instanceKlass org/apache/tools/zip/ZipEncoding
instanceKlass org/apache/tools/zip/ZipEncodingHelper
instanceKlass  @bci org/apache/tools/zip/ZipFile <init> (Ljava/io/File;Ljava/lang/String;Z)V 60 <appendix> argL0 ; # org/apache/tools/zip/ZipFile$$Lambda+0x0000025641686ed0
instanceKlass org/apache/tools/zip/ZipLong
instanceKlass org/apache/tools/zip/ZipExtraField
instanceKlass org/apache/tools/zip/ZipFile
instanceKlass org/apache/tools/ant/util/IdentityMapper
instanceKlass org/apache/tools/ant/types/resources/AppendableResourceCollection
instanceKlass  @bci jenkins/util/io/PathRemover tryRemoveRecursive (Ljava/nio/file/Path;)Ljava/util/List; 41 <appendix> member <vmtarget> ; # jenkins/util/io/PathRemover$$Lambda+0x0000025641684418
instanceKlass  @bci jenkins/util/io/PathRemover$PausingGCRetryStrategy <init> (IZJ)V 5 <appendix> argL0 ; # jenkins/util/io/PathRemover$PausingGCRetryStrategy$$Lambda+0x0000025641684208
instanceKlass jenkins/util/io/PathRemover$PausingGCRetryStrategy
instanceKlass jenkins/util/io/PathRemover$RetryStrategy
instanceKlass  @bci jenkins/util/io/PathRemover$PathChecker <clinit> ()V 0 <appendix> argL0 ; # jenkins/util/io/PathRemover$PathChecker$$Lambda+0x0000025641683bd8
instanceKlass jenkins/util/io/PathRemover
instanceKlass jenkins/util/io/PathRemover$PathChecker
instanceKlass hudson/model/UpdateCenter$FileWithComputedChecksums
instanceKlass  @bci hudson/model/UpdateSite getAvailables ()Ljava/util/List; 77 <appendix> argL0 ; # hudson/model/UpdateSite$$Lambda+0x0000025641682928
instanceKlass hudson/PluginManagerStaplerOverride
instanceKlass  @bci hudson/model/UpdateCenter$ConnectionCheckJob run ()V 110 <appendix> member <vmtarget> ; # hudson/model/UpdateCenter$ConnectionCheckJob$$Lambda+0x0000025641682518
instanceKlass hudson/util/HttpResponses$JSONObjectResponse
instanceKlass jenkins/util/ResourceBundleUtil
# instanceKlass java/lang/invoke/LambdaForm$MH+0x0000025641658c00
instanceKlass org/acegisecurity/acls/sid/GrantedAuthoritySid
instanceKlass hudson/tasks/UserAvatarResolver
instanceKlass  @bci org/springframework/security/web/authentication/rememberme/RememberMeAuthenticationFilter doFilter (Ljakarta/servlet/http/HttpServletRequest;Ljakarta/servlet/http/HttpServletResponse;Ljakarta/servlet/FilterChain;)V 22 <appendix> member <vmtarget> ; # org/springframework/security/web/authentication/rememberme/RememberMeAuthenticationFilter$$Lambda+0x0000025641659228
instanceKlass  @bci org/springframework/security/web/authentication/session/SessionFixationProtectionStrategy transferAttributes (Ljava/util/Map;Ljakarta/servlet/http/HttpSession;)V 11 <appendix> member <vmtarget> ; # org/springframework/security/web/authentication/session/SessionFixationProtectionStrategy$$Lambda+0x0000025641659000
instanceKlass  @cpi org/springframework/security/web/authentication/session/SessionFixationProtectionStrategy 182 form vmentry <vmtarget> ; # java/lang/invoke/LambdaForm$DMH+0x0000025641658800
instanceKlass  @bci org/eclipse/jetty/session/AbstractSessionDataStore exists (Ljava/lang/String;)Z 11 <appendix> member <vmtarget> ; # org/eclipse/jetty/session/AbstractSessionDataStore$$Lambda+0x000002564165c4b0
instanceKlass  @bci org/eclipse/jetty/ee9/nested/SessionHandler$CoreSessionManager onSessionDestroyed (Lorg/eclipse/jetty/server/Session;)V 12 <appendix> member <vmtarget> ; # org/eclipse/jetty/ee9/nested/SessionHandler$CoreSessionManager$$Lambda+0x0000025641657c60
instanceKlass org/springframework/core/log/LogMessage
instanceKlass  @bci org/springframework/security/web/authentication/session/SessionFixationProtectionStrategy applySessionFixation (Ljakarta/servlet/http/HttpServletRequest;)Ljakarta/servlet/http/HttpSession; 20 <appendix> member <vmtarget> ; # org/springframework/security/web/authentication/session/SessionFixationProtectionStrategy$$Lambda+0x000002564165a8f0
instanceKlass org/springframework/security/core/authority/FactorGrantedAuthority$Builder
instanceKlass org/springframework/security/core/authority/FactorGrantedAuthority
instanceKlass org/acegisecurity/userdetails/UserDetails$1
instanceKlass org/acegisecurity/userdetails/UserDetailsSpringImpl
instanceKlass hudson/security/HudsonPrivateSecurityRealm$Details$UserDetailsImpl
instanceKlass  @bci org/springframework/security/authentication/dao/AbstractUserDetailsAuthenticationProvider authenticate (Lorg/springframework/security/core/Authentication;)Lorg/springframework/security/core/Authentication; 4 <appendix> member <vmtarget> ; # org/springframework/security/authentication/dao/AbstractUserDetailsAuthenticationProvider$$Lambda+0x000002564164fa28
instanceKlass  @bci org/eclipse/jetty/io/Retainable$ReferenceCounter tryRetain ()Z 4 <appendix> argL0 ; # org/eclipse/jetty/io/Retainable$ReferenceCounter$$Lambda+0x0000025641656ee8
instanceKlass org/eclipse/jetty/util/UrlParameterDecoder$ReaderCharIterator
instanceKlass  @bci org/eclipse/jetty/util/UrlParameterDecoder <init> (Lorg/eclipse/jetty/util/CharsetStringBuilder;Ljava/util/function/BiConsumer;IIZZZLjava/util/function/BiConsumer;Ljava/util/function/BiConsumer;Ljava/util/function/BiConsumer;)V 97 <appendix> argL0 ; # org/eclipse/jetty/util/UrlParameterDecoder$$Lambda+0x0000025641656aa8
instanceKlass  @bci org/eclipse/jetty/util/UrlParameterDecoder <init> (Lorg/eclipse/jetty/util/CharsetStringBuilder;Ljava/util/function/BiConsumer;IIZZZLjava/util/function/BiConsumer;Ljava/util/function/BiConsumer;Ljava/util/function/BiConsumer;)V 78 <appendix> argL0 ; # org/eclipse/jetty/util/UrlParameterDecoder$$Lambda+0x0000025641656888
instanceKlass  @bci org/eclipse/jetty/util/UrlParameterDecoder <init> (Lorg/eclipse/jetty/util/CharsetStringBuilder;Ljava/util/function/BiConsumer;IIZZZLjava/util/function/BiConsumer;Ljava/util/function/BiConsumer;Ljava/util/function/BiConsumer;)V 59 <appendix> argL0 ; # org/eclipse/jetty/util/UrlParameterDecoder$$Lambda+0x0000025641656668
instanceKlass  @bci org/eclipse/jetty/ee9/nested/Request extractFormParameters (Lorg/eclipse/jetty/util/Fields;)V 101 <appendix> member <vmtarget> ; # org/eclipse/jetty/ee9/nested/Request$$Lambda+0x0000025641656440
instanceKlass org/springframework/web/util/pattern/PathPattern$PathMatchInfo
instanceKlass org/springframework/web/util/pattern/PathPattern$MatchingContext
instanceKlass org/springframework/util/UnmodifiableMultiValueMap
instanceKlass org/springframework/http/server/DefaultPathContainer$DefaultPathSegment
instanceKlass org/springframework/http/server/DefaultRequestPath
instanceKlass org/springframework/web/util/ServletRequestPathUtils$ServletRequestPath
instanceKlass org/springframework/http/server/RequestPath
instanceKlass org/springframework/web/util/ServletRequestPathUtils
instanceKlass  @bci hudson/slaves/ComputerRetentionWork doAperiodicRun ()V 35 <adapter> ; # java/lang/invoke/LambdaForm$MH+0x0000025641658400
# instanceKlass java/lang/invoke/LambdaForm$DMH+0x0000025641658000
instanceKlass  @bci hudson/slaves/ComputerRetentionWork doAperiodicRun ()V 35 <appendix> form vmentry <vmtarget> ; # java/lang/invoke/LambdaForm$DMH+0x0000025641655c00
instanceKlass  @bci hudson/slaves/ComputerRetentionWork doAperiodicRun ()V 35 <appendix> member <vmtarget> ; # hudson/slaves/ComputerRetentionWork$$Lambda+0x000002564164e500
instanceKlass  @bci org/eclipse/jetty/ee9/nested/HttpChannel sendResponseAndComplete ()V 43 <appendix> member <vmtarget> ; # org/eclipse/jetty/ee9/nested/HttpChannel$$Lambda+0x0000025641656218
instanceKlass  @bci org/eclipse/jetty/ee9/nested/HttpChannel sendResponseAndComplete ()V 29 <appendix> member <vmtarget> ; # org/eclipse/jetty/ee9/nested/HttpChannel$$Lambda+0x0000025641656000
instanceKlass  @bci org/eclipse/jetty/ee9/nested/ErrorHandler writeErrorJson (Ljakarta/servlet/http/HttpServletRequest;Ljava/io/PrintWriter;ILjava/lang/String;)V 161 <appendix> argL0 ; # org/eclipse/jetty/ee9/nested/ErrorHandler$$Lambda+0x00000256415f3c60
instanceKlass org/eclipse/jetty/ee9/nested/ErrorHandler$1
instanceKlass org/eclipse/jetty/ee9/nested/HttpChannel$ErrorDispatchable
instanceKlass org/eclipse/jetty/ee9/nested/Response$1
instanceKlass java/security/interfaces/DSAPrivateKey
instanceKlass jenkins/model/identity/InstanceIdentityProvider$KeyTypes
instanceKlass jenkins/model/identity/InstanceIdentityProvider
instanceKlass jenkins/websocket/Provider$Handler
instanceKlass jenkins/websocket/Jetty12EE9Provider
instanceKlass jenkins/websocket/Provider
instanceKlass jenkins/websocket/Provider$Listener
instanceKlass jenkins/websocket/WebSockets
# instanceKlass java/lang/invoke/LambdaForm$MH+0x0000025641655800
# instanceKlass java/lang/invoke/LambdaForm$MH+0x0000025641655400
# instanceKlass java/lang/invoke/LambdaForm$MH+0x0000025641655000
# instanceKlass java/lang/invoke/LambdaForm$MH+0x0000025641654c00
# instanceKlass java/lang/invoke/LambdaForm$MH+0x0000025641654800
# instanceKlass java/lang/invoke/LambdaForm$MH+0x0000025641654400
instanceKlass  @bci org/kohsuke/stapler/ClassDescriptor loadParameterNamesFromReflection (Ljava/lang/reflect/Executable;)[Ljava/lang/String; 36 <appendix> argL0 ; # org/kohsuke/stapler/ClassDescriptor$$Lambda+0x000002564164d4f8
instanceKlass  @bci org/kohsuke/stapler/ClassDescriptor loadParameterNamesFromReflection (Ljava/lang/reflect/Executable;)[Ljava/lang/String; 26 <appendix> argL0 ; # org/kohsuke/stapler/ClassDescriptor$$Lambda+0x000002564164d2c8
instanceKlass  @bci org/kohsuke/stapler/ClassDescriptor loadParameterNamesFromReflection (Ljava/lang/reflect/Executable;)[Ljava/lang/String; 9 <appendix> argL0 ; # org/kohsuke/stapler/ClassDescriptor$$Lambda+0x000002564164d088
instanceKlass org/kohsuke/stapler/CapturedParameterNames
instanceKlass org/kohsuke/stapler/DispatchersFilter
# instanceKlass java/lang/invoke/LambdaForm$MH+0x0000025641654000
instanceKlass org/kohsuke/stapler/MethodHandleFactory
instanceKlass org/kohsuke/stapler/RawHtmlArgument
instanceKlass com/sun/org/apache/xml/internal/serializer/WriterChain
instanceKlass com/sun/org/apache/xalan/internal/xsltc/trax/DOM2TO
instanceKlass javax/xml/transform/stax/StAXSource
instanceKlass javax/xml/transform/sax/SAXSource
instanceKlass javax/xml/transform/stream/StreamSource
instanceKlass com/sun/org/apache/xml/internal/serializer/NamespaceMappings$MappingRecord
instanceKlass com/sun/org/apache/xml/internal/serializer/NamespaceMappings
instanceKlass sun/nio/cs/DelegatableDecoder
instanceKlass java/nio/charset/Charset$1
instanceKlass java/nio/charset/Charset$2
instanceKlass java/nio/charset/Charset$ThreadTrackHolder
instanceKlass java/nio/charset/Charset$ExtendedProviderHolder$1
instanceKlass java/nio/charset/Charset$ExtendedProviderHolder
instanceKlass  @bci jdk/xml/internal/SecuritySupport getResourceAsStream (Ljava/lang/String;)Ljava/io/InputStream; 1 <appendix> member <vmtarget> ; # jdk/xml/internal/SecuritySupport$$Lambda+0x0000025641666de8
instanceKlass com/sun/org/apache/xml/internal/serializer/Encodings$EncodingInfos
instanceKlass com/sun/org/apache/xml/internal/serializer/Encodings
instanceKlass com/sun/org/apache/xml/internal/serializer/ToStream$CharacterBuffer
instanceKlass com/sun/org/apache/xml/internal/serializer/EncodingInfo
instanceKlass com/sun/org/apache/xml/internal/serializer/ToStream$BoolStack
instanceKlass com/sun/org/apache/xml/internal/serializer/CharInfo$CharKey
instanceKlass com/sun/org/apache/xml/internal/serializer/CharInfo
instanceKlass com/sun/org/apache/xml/internal/serializer/ElemContext
instanceKlass com/sun/org/apache/xml/internal/serializer/SerializerBase
instanceKlass com/sun/org/apache/xml/internal/serializer/SerializerConstants
instanceKlass com/sun/org/apache/xml/internal/serializer/SerializationHandler
instanceKlass com/sun/org/apache/xml/internal/serializer/Serializer
instanceKlass com/sun/org/apache/xml/internal/serializer/DOMSerializer
instanceKlass org/xml/sax/ext/DeclHandler
instanceKlass com/sun/org/apache/xml/internal/serializer/XSLOutputAttributes
instanceKlass com/sun/org/apache/xml/internal/serializer/ExtendedLexicalHandler
instanceKlass com/sun/org/apache/xml/internal/serializer/ExtendedContentHandler
instanceKlass javax/xml/transform/dom/DOMResult
instanceKlass javax/xml/transform/stax/StAXResult
instanceKlass javax/xml/transform/sax/SAXResult
instanceKlass com/sun/org/apache/xalan/internal/xsltc/runtime/output/TransletOutputHandlerFactory
instanceKlass javax/xml/transform/stream/StreamResult
instanceKlass javax/xml/transform/dom/DOMSource
instanceKlass com/sun/org/apache/xml/internal/utils/XMLReaderManager
instanceKlass com/sun/org/apache/xml/internal/serializer/OutputPropertiesFactory
instanceKlass javax/xml/transform/Transformer
instanceKlass com/sun/org/apache/xalan/internal/xsltc/DOMCache
instanceKlass  @bci javax/xml/transform/FactoryFinder newInstance (Ljava/lang/Class;Ljava/lang/String;Ljava/lang/ClassLoader;Z)Ljava/lang/Object; 107 <appendix> member <vmtarget> ; # javax/xml/transform/FactoryFinder$$Lambda+0x00000256415ffcc8
instanceKlass jdk/xml/internal/JdkProperty
instanceKlass com/sun/org/apache/xalan/internal/utils/FeaturePropertyBase
instanceKlass jdk/xml/internal/JdkXmlFeatures
instanceKlass jdk/xml/internal/TransformErrorListener
instanceKlass javax/xml/transform/ErrorListener
instanceKlass com/sun/org/apache/xalan/internal/xsltc/compiler/SourceLoader
instanceKlass  @bci javax/xml/transform/FactoryFinder find (Ljava/lang/Class;Ljava/lang/String;)Ljava/lang/Object; 123 <appendix> member <vmtarget> ; # javax/xml/transform/FactoryFinder$$Lambda+0x00000256415fd5b8
instanceKlass javax/xml/transform/FactoryFinder$1
instanceKlass  @bci javax/xml/transform/FactoryFinder find (Ljava/lang/Class;Ljava/lang/String;)Ljava/lang/Object; 24 <appendix> member <vmtarget> ; # javax/xml/transform/FactoryFinder$$Lambda+0x00000256415fd180
instanceKlass javax/xml/transform/FactoryFinder
instanceKlass javax/xml/transform/TransformerFactory
instanceKlass  @bci org/jenkins/ui/symbol/Symbol get (Lorg/jenkins/ui/symbol/SymbolRequest;)Ljava/lang/String; 82 <appendix> member <vmtarget> ; # org/jenkins/ui/symbol/Symbol$$Lambda+0x000002564164c230
instanceKlass  @bci org/jenkins/ui/symbol/Symbol get (Lorg/jenkins/ui/symbol/SymbolRequest;)Ljava/lang/String; 66 <appendix> argL0 ; # org/jenkins/ui/symbol/Symbol$$Lambda+0x000002564164c000
instanceKlass org/jenkins/ui/symbol/Symbol
instanceKlass org/jenkins/ui/symbol/SymbolRequest
instanceKlass org/jenkins/ui/symbol/SymbolRequest$Builder
# instanceKlass java/lang/invoke/LambdaForm$MH+0x0000025641649400
# instanceKlass java/lang/invoke/LambdaForm$MH+0x0000025641649000
# instanceKlass java/lang/invoke/LambdaForm$MH+0x0000025641648c00
# instanceKlass java/lang/invoke/LambdaForm$MH+0x0000025641648800
# instanceKlass java/lang/invoke/LambdaForm$MH+0x0000025641648400
# instanceKlass java/lang/invoke/LambdaForm$MH+0x0000025641648000
# instanceKlass java/lang/invoke/LambdaForm$MH+0x0000025641643c00
# instanceKlass java/lang/invoke/LambdaForm$MH+0x0000025641643800
# instanceKlass java/lang/invoke/LambdaForm$MH+0x0000025641643400
instanceKlass java/util/Collections$UnmodifiableList$1
# instanceKlass java/lang/invoke/LambdaForm$MH+0x0000025641643000
# instanceKlass java/lang/invoke/LambdaForm$MH+0x0000025641642c00
# instanceKlass java/lang/invoke/LambdaForm$MH+0x0000025641642800
instanceKlass org/kohsuke/stapler/framework/adjunct/AdjunctsInPage
# instanceKlass java/lang/invoke/LambdaForm$MH+0x0000025641642400
# instanceKlass java/lang/invoke/LambdaForm$MH+0x0000025641642000
# instanceKlass java/lang/invoke/LambdaForm$MH+0x0000025641641c00
# instanceKlass java/lang/invoke/LambdaForm$MH+0x0000025641641800
# instanceKlass java/lang/invoke/LambdaForm$MH+0x0000025641641400
# instanceKlass java/lang/invoke/LambdaForm$MH+0x0000025641641000
# instanceKlass java/lang/invoke/LambdaForm$BMH+0x0000025641640c00
instanceKlass  @bci org/kohsuke/stapler/jelly/ResourceBundle get (Ljava/lang/String;)Ljava/util/Properties; 75 <appendix> member <vmtarget> ; # org/kohsuke/stapler/jelly/ResourceBundle$$Lambda+0x0000025641646d70
instanceKlass java/util/Enumeration$1
instanceKlass sun/util/ResourceBundleEnumeration
instanceKlass  @bci org/eclipse/jetty/util/Fields add (Ljava/lang/String;Ljava/lang/String;)V 7 <appendix> member <vmtarget> ; # org/eclipse/jetty/util/Fields$$Lambda+0x00000256415f3008
instanceKlass  @bci org/eclipse/jetty/util/Utf8StringBuilder build (Z)Ljava/lang/String; 9 <appendix> argL0 ; # org/eclipse/jetty/util/Utf8StringBuilder$$Lambda+0x00000256415f2df8
instanceKlass org/eclipse/jetty/util/UrlParameterDecoder$StringCharIterator
instanceKlass org/eclipse/jetty/util/UrlParameterDecoder$CharIterator
instanceKlass org/eclipse/jetty/util/UrlParameterDecoder
instanceKlass  @bci org/eclipse/jetty/ee9/nested/Request extractQueryParameters ()V 186 <appendix> member <vmtarget> ; # org/eclipse/jetty/ee9/nested/Request$$Lambda+0x00000256415f25a0
instanceKlass  @bci org/eclipse/jetty/ee9/nested/Request extractQueryParameters ()V 164 <appendix> member <vmtarget> ; # org/eclipse/jetty/ee9/nested/Request$$Lambda+0x00000256415f2378
instanceKlass  @bci org/eclipse/jetty/ee9/nested/Request extractQueryParameters ()V 154 <appendix> member <vmtarget> ; # org/eclipse/jetty/ee9/nested/Request$$Lambda+0x00000256415f2150
instanceKlass  @bci org/eclipse/jetty/ee9/nested/Request extractQueryParameters ()V 144 <appendix> member <vmtarget> ; # org/eclipse/jetty/ee9/nested/Request$$Lambda+0x00000256415f1f28
instanceKlass org/eclipse/jetty/util/UrlEncoded
instanceKlass jenkins/security/csp/ReportingContext
instanceKlass org/apache/commons/jelly/expression/Expression$1
instanceKlass  @bci jenkins/security/stapler/StaplerDispatchValidator isDispatchAllowed (Lorg/kohsuke/stapler/StaplerRequest2;Lorg/kohsuke/stapler/StaplerResponse2;)Ljava/lang/Boolean; 27 <appendix> member <vmtarget> ; # jenkins/security/stapler/StaplerDispatchValidator$$Lambda+0x0000025641639758
instanceKlass  @bci jenkins/security/stapler/StaplerDispatchValidator isDispatchAllowed (Lorg/kohsuke/stapler/StaplerRequest2;Lorg/kohsuke/stapler/StaplerResponse2;)Ljava/lang/Boolean; 13 <appendix> member <vmtarget> ; # jenkins/security/stapler/StaplerDispatchValidator$$Lambda+0x0000025641639540
instanceKlass  @bci jdk/internal/reflect/MethodHandleBooleanFieldAccessorImpl getBoolean (Ljava/lang/Object;)Z 11 <adapter> ; # java/lang/invoke/LambdaForm$MH+0x0000025641640800
instanceKlass org/apache/commons/jexl/util/introspection/UberspectImpl$1
instanceKlass sun/reflect/generics/reflectiveObjects/GenericArrayTypeImpl
instanceKlass sun/reflect/generics/tree/ArrayTypeSignature
instanceKlass sun/reflect/generics/tree/BooleanSignature
# instanceKlass java/lang/invoke/LambdaForm$MH+0x0000025641640400
# instanceKlass java/lang/invoke/LambdaForm$MH+0x0000025641640000
# instanceKlass java/lang/invoke/LambdaForm$DMH+0x0000025641638c00
instanceKlass org/apache/commons/jexl/util/introspection/UberspectImpl$VelMethodImpl
instanceKlass org/apache/commons/jexl/util/introspection/IntrospectionUtils
instanceKlass org/apache/commons/jexl/util/Coercion
instanceKlass org/apache/commons/jexl/util/introspection/UberspectImpl$VelGetterImpl
instanceKlass jakarta/servlet/http/HttpUpgradeHandler
instanceKlass jakarta/servlet/http/Part
instanceKlass org/apache/commons/jexl/util/introspection/MethodMap
instanceKlass org/apache/commons/jexl/util/introspection/ClassMap$MethodCache$CacheMiss
instanceKlass org/apache/commons/jexl/util/introspection/ClassMap$MethodCache
instanceKlass org/apache/commons/jexl/util/introspection/ClassMap
instanceKlass  @bci jenkins/security/stapler/StaplerDispatchValidator setStatus (Lorg/kohsuke/stapler/StaplerRequest2;Ljenkins/YesNoMaybe;)Ljenkins/YesNoMaybe; 41 <appendix> member <vmtarget> ; # jenkins/security/stapler/StaplerDispatchValidator$$Lambda+0x000002564163ad38
instanceKlass hudson/util/Area
instanceKlass org/kohsuke/stapler/StaplerRequest2$RenderOnDemandParameters
instanceKlass hudson/Functions$RunUrl
instanceKlass hudson/Functions$ThreadSorterBase
instanceKlass javax/servlet/http/Cookie
instanceKlass org/apache/commons/beanutils/MethodUtils$MethodDescriptor
instanceKlass org/apache/commons/jelly/tags/core/ArgTag$6
instanceKlass org/apache/commons/jelly/tags/core/ArgTag$5
instanceKlass org/apache/commons/jelly/tags/core/ArgTag$4
instanceKlass org/apache/commons/jelly/tags/core/ArgTag$3
instanceKlass org/apache/commons/jelly/tags/core/ArgTag$2
instanceKlass org/apache/commons/jelly/tags/core/ArgTag$1
# instanceKlass java/lang/invoke/LambdaForm$MH+0x0000025641638800
instanceKlass org/apache/commons/beanutils/MethodUtils
instanceKlass org/apache/commons/beanutils/DynaProperty
instanceKlass org/apache/commons/beanutils/WrapDynaClass$CacheKey
instanceKlass org/apache/commons/beanutils/WrapDynaClass
instanceKlass org/apache/commons/beanutils/DynaClass
instanceKlass org/apache/commons/beanutils/WrapDynaBean
instanceKlass org/apache/commons/jelly/CompilableTag
instanceKlass hudson/ExpressionFactory2$JellyMap
instanceKlass hudson/ExpressionFactory2$JellyJexlContext
instanceKlass org/kohsuke/stapler/jelly/CallTagLibScript$1
instanceKlass org/kohsuke/stapler/StaplerResponse$StaplerResponseWrapperImpl
instanceKlass org/kohsuke/stapler/StaplerResponse$StaplerResponseWrapper
instanceKlass io/jenkins/servlet/http/HttpServletResponseWrapper$JavaxHttpServletResponseWrapper
instanceKlass io/jenkins/servlet/ServletResponseWrapper$JavaxServletResponseWrapper
instanceKlass org/kohsuke/stapler/StaplerResponse$StaplerResponse2Wrapper
instanceKlass org/kohsuke/stapler/StaplerRequest$StaplerRequestWrapperImpl
instanceKlass org/kohsuke/stapler/StaplerRequest$StaplerRequestWrapper
instanceKlass io/jenkins/servlet/http/HttpServletRequestWrapper$JavaxHttpServletRequestWrapper
instanceKlass io/jenkins/servlet/ServletRequestWrapper$JavaxServletRequestWrapper
instanceKlass org/kohsuke/stapler/StaplerRequest$StaplerRequest2Wrapper
instanceKlass javax/servlet/http/HttpServletMapping
instanceKlass org/eclipse/jetty/ee9/nested/MultiPart$Parser
instanceKlass org/apache/commons/jelly/XMLOutput$NamespaceStack
instanceKlass  @bci org/dom4j/tree/QNameCache <init> ()V 17 <appendix> argL0 ; # org/dom4j/tree/QNameCache$$Lambda+0x0000025641635e08
instanceKlass  @bci org/dom4j/tree/QNameCache <init> ()V 5 <appendix> argL0 ; # org/dom4j/tree/QNameCache$$Lambda+0x0000025641635bf8
instanceKlass org/dom4j/QName
instanceKlass org/dom4j/tree/NamespaceCache
instanceKlass org/dom4j/tree/AbstractNode
instanceKlass  @bci org/dom4j/tree/QNameCache <init> (Lorg/dom4j/DocumentFactory;)V 17 <appendix> argL0 ; # org/dom4j/tree/QNameCache$$Lambda+0x0000025641634d10
instanceKlass  @bci org/dom4j/tree/QNameCache <init> (Lorg/dom4j/DocumentFactory;)V 5 <appendix> argL0 ; # org/dom4j/tree/QNameCache$$Lambda+0x0000025641634b00
instanceKlass org/dom4j/tree/QNameCache
instanceKlass org/dom4j/util/SimpleSingleton
instanceKlass org/dom4j/XPath
instanceKlass org/dom4j/Text
instanceKlass org/dom4j/DocumentType
instanceKlass org/dom4j/CDATA
instanceKlass org/dom4j/Document
instanceKlass org/dom4j/rule/Pattern
instanceKlass org/dom4j/NodeFilter
instanceKlass org/dom4j/util/SingletonStrategy
instanceKlass org/dom4j/Entity
instanceKlass org/dom4j/ProcessingInstruction
instanceKlass org/dom4j/Comment
instanceKlass org/dom4j/CharacterData
instanceKlass org/dom4j/Element
instanceKlass org/dom4j/Branch
instanceKlass org/dom4j/DocumentFactory
instanceKlass org/dom4j/tree/NamespaceStack
instanceKlass org/xml/sax/helpers/XMLFilterImpl
instanceKlass org/xml/sax/XMLFilter
instanceKlass  @bci org/dom4j/io/OutputFormat <clinit> ()V 0 <appendix> argL0 ; # org/dom4j/io/OutputFormat$$Lambda+0x0000025641631478
instanceKlass org/dom4j/Attribute
instanceKlass org/dom4j/Node
instanceKlass org/dom4j/io/OutputFormat
instanceKlass  @bci org/kohsuke/stapler/jelly/DefaultScriptInvoker createOutputStream (Lorg/kohsuke/stapler/StaplerRequest2;Lorg/kohsuke/stapler/StaplerResponse2;Lorg/apache/commons/jelly/Script;Ljava/lang/Object;)Ljava/io/OutputStream; 6 <appendix> member <vmtarget> ; # org/kohsuke/stapler/jelly/DefaultScriptInvoker$$Lambda+0x00000256416304f0
instanceKlass org/kohsuke/stapler/jelly/DefaultScriptInvoker$LazyOutputStreamSupplier
instanceKlass org/kohsuke/stapler/jelly/ResourceBundle
instanceKlass org/kohsuke/stapler/jelly/InternationalizedStringExpressionListener
instanceKlass org/apache/commons/jelly/xpath/XPathSource
instanceKlass org/apache/commons/jelly/impl/ExpressionScript
instanceKlass org/apache/commons/jexl/util/introspection/Info
instanceKlass org/apache/commons/jelly/impl/DefaultTagFactory
instanceKlass org/apache/commons/jexl/ExpressionImpl
instanceKlass org/apache/commons/jexl/parser/Token
instanceKlass org/apache/commons/jexl/parser/ParserTokenManager
instanceKlass org/apache/commons/jexl/parser/SimpleCharStream
instanceKlass org/apache/commons/jexl/util/introspection/IntrospectorBase
instanceKlass org/apache/commons/jexl/util/introspection/VelMethod
instanceKlass org/apache/commons/jexl/util/introspection/VelPropertyGet
instanceKlass org/apache/commons/jexl/util/AbstractExecutor
instanceKlass org/apache/commons/jexl/util/introspection/VelPropertySet
instanceKlass org/apache/commons/jexl/util/introspection/UberspectImpl
instanceKlass org/apache/commons/jexl/util/introspection/UberspectLoggable
instanceKlass org/apache/commons/jexl/util/introspection/Uberspect
instanceKlass org/apache/commons/jexl/util/Introspector
instanceKlass org/apache/commons/jexl/parser/JJTParserState
instanceKlass org/apache/commons/jexl/parser/Parser$JJCalls
instanceKlass org/apache/commons/jexl/parser/SimpleNode
instanceKlass org/apache/commons/jexl/parser/Node
instanceKlass org/apache/commons/jexl/parser/Parser
instanceKlass org/apache/commons/jexl/parser/ParserConstants
instanceKlass org/apache/commons/jexl/parser/ParserTreeConstants
instanceKlass org/apache/commons/jexl/Expression
instanceKlass org/apache/commons/jexl/ExpressionFactory
instanceKlass org/apache/commons/jexl/JexlContext
instanceKlass org/apache/commons/jelly/impl/TextScript
instanceKlass org/apache/commons/jelly/impl/ExpressionAttribute
instanceKlass org/apache/commons/jelly/NamespaceAwareTag
instanceKlass org/kohsuke/stapler/jelly/JellyTagFileLoader
instanceKlass  @bci org/kohsuke/stapler/jelly/JellyClassLoaderTearOff getTagLibrary (Ljava/lang/String;)Lorg/apache/commons/jelly/TagLibrary; 48 <appendix> member <vmtarget> ; # org/kohsuke/stapler/jelly/JellyClassLoaderTearOff$$Lambda+0x000002564161b710
instanceKlass org/xml/sax/helpers/AttributesImpl
instanceKlass org/apache/commons/jelly/impl/TagFactory
instanceKlass org/apache/commons/jelly/impl/CollectionTag
instanceKlass org/apache/commons/jelly/impl/BeanSource
instanceKlass org/apache/commons/jelly/DynaTag
instanceKlass org/apache/commons/jelly/tags/core/ArgTagParent
instanceKlass org/apache/commons/jelly/TagSupport
instanceKlass org/apache/commons/jelly/Tag
instanceKlass org/apache/commons/jelly/util/ClassLoaderUtils
instanceKlass org/apache/commons/collections/Buffer
instanceKlass org/apache/commons/jelly/impl/ScriptBlock
instanceKlass org/kohsuke/stapler/jelly/JellyViewScript
instanceKlass  @bci jenkins/security/stapler/StaplerDispatchValidator isDispatchAllowed (Lorg/kohsuke/stapler/StaplerRequest2;Lorg/kohsuke/stapler/StaplerResponse2;Ljava/lang/String;Ljava/lang/Object;)Ljava/lang/Boolean; 35 <appendix> member <vmtarget> ; # jenkins/security/stapler/StaplerDispatchValidator$$Lambda+0x0000025641611440
instanceKlass jenkins/security/stapler/StaplerDispatchValidator$1
instanceKlass  @bci jenkins/security/stapler/StaplerDispatchValidator$ValidatorCache create (Ljava/lang/Class;)Ljenkins/security/stapler/StaplerDispatchValidator$ValidatorCache$Validator; 88 <appendix> member <vmtarget> ; # jenkins/security/stapler/StaplerDispatchValidator$ValidatorCache$$Lambda+0x0000025641611030
instanceKlass jenkins/security/stapler/StaplerFragments
instanceKlass jenkins/security/stapler/StaplerViews
instanceKlass  @bci jenkins/security/stapler/StaplerDispatchValidator$ValidatorCache find (Ljava/lang/Class;)Ljenkins/security/stapler/StaplerDispatchValidator$ValidatorCache$Validator; 7 <appendix> member <vmtarget> ; # jenkins/security/stapler/StaplerDispatchValidator$ValidatorCache$$Lambda+0x0000025641610a18
instanceKlass  @bci jenkins/security/stapler/StaplerDispatchValidator isDispatchAllowed (Lorg/kohsuke/stapler/StaplerRequest2;Lorg/kohsuke/stapler/StaplerResponse2;Ljava/lang/String;Ljava/lang/Object;)Ljava/lang/Boolean; 16 <appendix> member <vmtarget> ; # jenkins/security/stapler/StaplerDispatchValidator$$Lambda+0x0000025641610800
instanceKlass org/kohsuke/stapler/framework/adjunct/Adjunct
instanceKlass hudson/util/RemotingDiagnostics
instanceKlass java/lang/FunctionalInterface
instanceKlass org/jaxen/FunctionContext
instanceKlass org/kohsuke/stapler/verb/GET
instanceKlass javax/servlet/SessionCookieConfig
instanceKlass javax/servlet/descriptor/JspConfigDescriptor
instanceKlass javax/servlet/ServletRegistration$Dynamic
instanceKlass javax/servlet/ServletRegistration
instanceKlass javax/servlet/FilterRegistration$Dynamic
instanceKlass javax/servlet/Registration$Dynamic
instanceKlass javax/servlet/FilterRegistration
instanceKlass javax/servlet/Registration
instanceKlass javax/servlet/Servlet
instanceKlass org/jfree/chart/JFreeChart
instanceKlass org/jfree/chart/event/PlotChangeListener
instanceKlass org/jfree/chart/event/TitleChangeListener
instanceKlass org/jfree/ui/Drawable
instanceKlass org/jfree/data/category/CategoryDataset
instanceKlass org/jfree/data/general/Dataset
instanceKlass org/jfree/data/KeyedValues2D
instanceKlass org/jfree/data/Values2D
instanceKlass hudson/model/MultiStageTimeSeries$TrendChart
instanceKlass org/kohsuke/stapler/WebMethodContext
instanceKlass org/kohsuke/stapler/InjectedParameter
instanceKlass org/kohsuke/stapler/Function$2
instanceKlass hudson/model/Resource
instanceKlass java/util/stream/DoubleStream
instanceKlass java/util/function/ToDoubleFunction
instanceKlass java/util/stream/LongStream
instanceKlass hudson/WorkspaceSnapshot
instanceKlass java/lang/SafeVarargs
instanceKlass hudson/util/TagCloud$Entry
instanceKlass org/kohsuke/stapler/interceptor/Interceptor
instanceKlass hudson/util/DescribableList$Owner
instanceKlass jenkins/util/VirtualFile
instanceKlass hudson/util/io/ArchiverFactory
instanceKlass org/acegisecurity/context/SecurityContext
instanceKlass org/kohsuke/stapler/LimitedTo
instanceKlass org/kohsuke/stapler/lang/AnnotatedRef
instanceKlass org/kohsuke/stapler/TraversalMethodContext
instanceKlass  @bci org/kohsuke/stapler/Function$MethodFunction getSignature ()Ljava/lang/String; 65 <appendix> argL0 ; # org/kohsuke/stapler/Function$MethodFunction$$Lambda+0x0000025641608420
instanceKlass  @bci jenkins/security/stapler/WebMethodConstants <clinit> ()V 138 <appendix> argL0 ; # jenkins/security/stapler/WebMethodConstants$$Lambda+0x00000256416081f0
instanceKlass org/kohsuke/stapler/json/SubmittedForm
instanceKlass org/kohsuke/stapler/json/JsonBody
instanceKlass org/kohsuke/stapler/Header
instanceKlass org/kohsuke/stapler/AncestorInPath
instanceKlass org/kohsuke/stapler/QueryParameter
instanceKlass  @bci jenkins/security/stapler/WebMethodConstants <clinit> ()V 73 <appendix> argL0 ; # jenkins/security/stapler/WebMethodConstants$$Lambda+0x0000025641607508
instanceKlass  @bci jenkins/security/stapler/WebMethodConstants <clinit> ()V 30 <appendix> argL0 ; # jenkins/security/stapler/WebMethodConstants$$Lambda+0x00000256416072d8
instanceKlass jenkins/security/stapler/WebMethodConstants
instanceKlass  @bci jenkins/security/stapler/StaticRoutingDecisionProvider parseFileIntoList (Ljava/util/List;Ljava/util/Set;Ljava/util/Set;)V 18 <appendix> member <vmtarget> ; # jenkins/security/stapler/StaticRoutingDecisionProvider$$Lambda+0x0000025641606cd0
instanceKlass  @bci jenkins/security/stapler/StaticRoutingDecisionProvider parseFileIntoList (Ljava/util/List;Ljava/util/Set;Ljava/util/Set;)V 6 <appendix> argL0 ; # jenkins/security/stapler/StaticRoutingDecisionProvider$$Lambda+0x0000025641606a90
instanceKlass groovy/lang/GroovyClassLoader$1
instanceKlass org/codehaus/groovy/control/CompilationUnit$PrimaryClassNodeOperation
instanceKlass groovy/lang/GroovyResourceLoader
instanceKlass org/codehaus/groovy/GroovyExceptionInterface
instanceKlass org/codehaus/groovy/control/CompilerConfiguration
instanceKlass org/kohsuke/stapler/ReflectionUtils
instanceKlass org/kohsuke/stapler/UnionAnnotatedElement
instanceKlass org/kohsuke/stapler/ClassLoaderValue$X
instanceKlass org/kohsuke/stapler/FunctionList$6
instanceKlass org/kohsuke/stapler/FunctionList$4
instanceKlass  @bci org/kohsuke/stapler/MetaClass buildDispatchers ()V 573 <appendix> argL0 ; # org/kohsuke/stapler/MetaClass$$Lambda+0x00000256416033e0
instanceKlass org/kohsuke/stapler/jelly/groovy/GroovyClassLoaderTearOff
instanceKlass org/kohsuke/stapler/FunctionList$2
instanceKlass org/kohsuke/stapler/bind/JavaScriptMethod
instanceKlass org/kohsuke/stapler/FunctionList$1
instanceKlass org/kohsuke/stapler/FunctionList$3
instanceKlass org/kohsuke/stapler/FunctionList$5
instanceKlass  @bci org/kohsuke/stapler/ClassDescriptor <init> (Ljava/lang/Class;[Ljava/lang/Class;)V 86 <appendix> argL0 ; # org/kohsuke/stapler/ClassDescriptor$$Lambda+0x0000025641600ff8
instanceKlass org/kohsuke/stapler/ClassDescriptor$Signature
instanceKlass org/kohsuke/stapler/ClassDescriptor$MethodMirror
instanceKlass  @bci java/lang/reflect/Executable sharedToString (IZ[Ljava/lang/Class;[Ljava/lang/Class;)Ljava/lang/String; 73 <appendix> argL0 ; # java/lang/reflect/Executable$$Lambda+0x00000256415f8460
instanceKlass  @bci java/lang/reflect/Executable sharedToString (IZ[Ljava/lang/Class;[Ljava/lang/Class;)Ljava/lang/String; 29 <appendix> argL0 ; # java/lang/reflect/Executable$$Lambda+0x00000256415f8230
instanceKlass org/kohsuke/stapler/ClassDescriptor$1
instanceKlass org/kohsuke/stapler/ClassDescriptor
instanceKlass org/kohsuke/stapler/KlassDescriptor
instanceKlass org/kohsuke/stapler/ClassLoaderValue
instanceKlass org/kohsuke/stapler/lang/KlassNavigator
instanceKlass org/kohsuke/stapler/lang/KInstance
instanceKlass org/kohsuke/stapler/AncestorImpl
instanceKlass org/kohsuke/stapler/EvaluationTrace$ApplicationTracer
instanceKlass org/kohsuke/stapler/TokenList
instanceKlass  @bci org/kohsuke/stapler/RequestImpl <clinit> ()V 123 <appendix> argL0 ; # org/kohsuke/stapler/RequestImpl$$Lambda+0x00000256415f5eb0
instanceKlass org/kohsuke/stapler/Ancestor
instanceKlass java/util/zip/Deflater$DeflaterZStreamRef
instanceKlass java/util/zip/Deflater
instanceKlass  @bci org/eclipse/jetty/util/compression/CompressionPool acquire ()Lorg/eclipse/jetty/util/compression/CompressionPool$Entry; 14 <appendix> member <vmtarget> ; # org/eclipse/jetty/util/compression/CompressionPool$$Lambda+0x00000256415f0f98
instanceKlass org/eclipse/jetty/util/compression/CompressionPool$Entry
instanceKlass sun/net/www/MimeEntry
instanceKlass sun/net/www/MimeTable$DefaultInstanceHolder$1
instanceKlass sun/net/www/MimeTable$DefaultInstanceHolder
instanceKlass sun/net/www/MimeTable$2
instanceKlass sun/net/www/MimeTable$1
instanceKlass sun/net/www/MimeTable
instanceKlass java/net/URLConnection$1
instanceKlass java/net/FileNameMap
instanceKlass org/kohsuke/stapler/export/ModelBuilder
instanceKlass org/kohsuke/stapler/export/TreePruner
instanceKlass org/kohsuke/stapler/TearOffSupport
instanceKlass org/kohsuke/stapler/Stapler$OpenConnection
instanceKlass java/net/URLDecoder
instanceKlass jenkins/PluginLocaleDrivenResourceProvider
instanceKlass  @bci org/kohsuke/stapler/LocaleDrivenResourceProvider getLocaleDrivenResourceProviders ()Ljava/util/List; 58 <appendix> member <vmtarget> ; # org/kohsuke/stapler/LocaleDrivenResourceProvider$$Lambda+0x00000256415ea0e8
instanceKlass org/kohsuke/stapler/LocaleDrivenResourceProvider
instanceKlass  @bci org/eclipse/jetty/ee9/nested/Request getLocale ()Ljava/util/Locale; 84 <appendix> argL0 ; # org/eclipse/jetty/ee9/nested/Request$$Lambda+0x00000256415f0b10
instanceKlass  @bci org/eclipse/jetty/ee9/nested/Request getLocale ()Ljava/util/Locale; 62 <appendix> argL0 ; # org/eclipse/jetty/ee9/nested/Request$$Lambda+0x00000256415f08e0
instanceKlass  @bci org/eclipse/jetty/ee9/nested/Request getLocale ()Ljava/util/Locale; 27 <appendix> argL0 ; # org/eclipse/jetty/ee9/nested/Request$$Lambda+0x00000256415f06a0
instanceKlass  @bci org/eclipse/jetty/session/DefaultSessionCache doComputeIfAbsent (Ljava/lang/String;Ljava/util/function/Function;)Lorg/eclipse/jetty/session/ManagedSession; 7 <appendix> member <vmtarget> ; # org/eclipse/jetty/session/DefaultSessionCache$$Lambda+0x00000256415f0468
instanceKlass  @bci org/eclipse/jetty/session/AbstractSessionCache getAndEnter (Ljava/lang/String;Z)Lorg/eclipse/jetty/session/ManagedSession; 13 <appendix> member <vmtarget> ; # org/eclipse/jetty/session/AbstractSessionCache$$Lambda+0x00000256415f0230
instanceKlass  @bci org/eclipse/jetty/io/Retainable$ReferenceCounter acquire ()V 4 <appendix> argL0 ; # org/eclipse/jetty/io/Retainable$ReferenceCounter$$Lambda+0x00000256415f0000
instanceKlass org/eclipse/jetty/ee9/nested/Authentication$5
instanceKlass org/eclipse/jetty/ee9/nested/Authentication$SendSuccess
instanceKlass org/eclipse/jetty/ee9/nested/Authentication$4
instanceKlass org/eclipse/jetty/ee9/nested/Authentication$Failure
instanceKlass org/eclipse/jetty/ee9/nested/Authentication$3
instanceKlass org/eclipse/jetty/ee9/nested/Authentication$Challenge
instanceKlass org/eclipse/jetty/ee9/nested/Authentication$2
instanceKlass org/eclipse/jetty/ee9/nested/Authentication$1
instanceKlass org/eclipse/jetty/io/CyclicTimeout$Wakeup
instanceKlass  @bci org/eclipse/jetty/ee9/nested/ContextHandler$CoreContextRequest completeSessions ()V 57 <appendix> member <vmtarget> ; # org/eclipse/jetty/ee9/nested/ContextHandler$CoreContextRequest$$Lambda+0x00000256415ef8c0
instanceKlass org/eclipse/jetty/http/MultiPartFormData
instanceKlass  @bci java/util/regex/Pattern ALL ()Ljava/util/regex/Pattern$CharPredicate; 0 <appendix> argL0 ; # java/util/regex/Pattern$$Lambda+0x000002564157e5d8
instanceKlass  @bci org/eclipse/jetty/server/CustomRequestLog <clinit> ()V 21 <appendix> argL0 ; # org/eclipse/jetty/server/CustomRequestLog$$Lambda+0x00000256415ef4b8
instanceKlass org/eclipse/jetty/server/RequestLog$Writer
instanceKlass org/eclipse/jetty/util/Callback$4
instanceKlass  @bci org/eclipse/jetty/ee9/nested/HttpChannel handle ()Z 700 <appendix> member <vmtarget> ; # org/eclipse/jetty/ee9/nested/HttpChannel$$Lambda+0x00000256415ee938
instanceKlass  @bci org/eclipse/jetty/ee9/nested/HttpChannel handle ()Z 686 <appendix> member <vmtarget> ; # org/eclipse/jetty/ee9/nested/HttpChannel$$Lambda+0x00000256415ee720
instanceKlass org/springframework/web/util/WebUtils
instanceKlass  @bci hudson/security/ChainedServletFilter2$1 doFilter (Ljakarta/servlet/ServletRequest;Ljakarta/servlet/ServletResponse;)V 106 <appendix> member <vmtarget> ; # hudson/security/ChainedServletFilter2$1$$Lambda+0x00000256415e98d8
instanceKlass  @bci org/eclipse/jetty/server/handler/ContextResponse$1 succeeded ()V 16 <appendix> member <vmtarget> ; # org/eclipse/jetty/server/handler/ContextResponse$1$$Lambda+0x00000256415ee508
instanceKlass org/eclipse/jetty/util/thread/Invocable$Task$Abstract
instanceKlass  @bci org/eclipse/jetty/server/internal/HttpChannelState$ChannelResponse succeeded ()V 120 <appendix> member <vmtarget> ; # org/eclipse/jetty/server/internal/HttpChannelState$ChannelResponse$$Lambda+0x00000256415e7780
instanceKlass sun/nio/ch/IOVecWrapper$Deallocator
instanceKlass sun/nio/ch/NativeObject
instanceKlass sun/nio/ch/IOVecWrapper
instanceKlass org/eclipse/jetty/http/HttpGenerator$1
instanceKlass  @bci org/eclipse/jetty/session/AbstractSessionDataStore store (Ljava/lang/String;Lorg/eclipse/jetty/session/SessionData;)V 183 <adapter> ; # java/lang/invoke/LambdaForm$MH+0x00000256415ecc00
# instanceKlass java/lang/invoke/LambdaForm$DMH+0x00000256415ec800
instanceKlass  @bci org/eclipse/jetty/session/AbstractSessionDataStore store (Ljava/lang/String;Lorg/eclipse/jetty/session/SessionData;)V 183 <appendix> form vmentry <vmtarget> ; # java/lang/invoke/LambdaForm$DMH+0x00000256415ec400
instanceKlass  @bci org/eclipse/jetty/session/AbstractSessionDataStore store (Ljava/lang/String;Lorg/eclipse/jetty/session/SessionData;)V 183 <appendix> member <vmtarget> ; # org/eclipse/jetty/session/AbstractSessionDataStore$$Lambda+0x00000256415e6f48
instanceKlass  @cpi org/eclipse/jetty/session/AbstractSessionDataStore 342 form vmentry <vmtarget> ; # java/lang/invoke/LambdaForm$DMH+0x00000256415ec000
instanceKlass org/eclipse/jetty/util/FuturePromise
instanceKlass  @bci org/eclipse/jetty/ee9/nested/ContextHandler$CoreContextRequest commitSessions ()V 57 <appendix> member <vmtarget> ; # org/eclipse/jetty/ee9/nested/ContextHandler$CoreContextRequest$$Lambda+0x00000256415e6a68
instanceKlass org/eclipse/jetty/server/handler/ContextResponse$1
instanceKlass  @bci org/springframework/core/annotation/AnnotationUtils getAnnotation (Ljava/lang/reflect/AnnotatedElement;Ljava/lang/Class;)Ljava/lang/annotation/Annotation; 48 <appendix> argL0 ; # org/springframework/core/annotation/AnnotationUtils$$Lambda+0x00000256415e9698
instanceKlass org/springframework/core/annotation/AbstractMergedAnnotation
instanceKlass org/springframework/core/annotation/AnnotationsScanner$1
instanceKlass org/springframework/core/annotation/MergedAnnotationSelectors$FirstDirectlyDeclared
instanceKlass org/springframework/core/annotation/MergedAnnotationSelectors$Nearest
instanceKlass org/springframework/core/annotation/MergedAnnotationSelector
instanceKlass org/springframework/core/annotation/MergedAnnotationSelectors
instanceKlass org/springframework/core/annotation/MergedAnnotation
instanceKlass org/springframework/core/annotation/TypeMappedAnnotations$MergedAnnotationFinder
instanceKlass org/springframework/core/annotation/AnnotationsProcessor
instanceKlass org/springframework/core/annotation/TypeMappedAnnotations
instanceKlass  @bci org/springframework/core/annotation/MergedAnnotations$Search <clinit> ()V 8 <appendix> argL0 ; # org/springframework/core/annotation/MergedAnnotations$Search$$Lambda+0x00000256415e5848
instanceKlass  @bci org/springframework/core/annotation/MergedAnnotations$Search <clinit> ()V 0 <appendix> argL0 ; # org/springframework/core/annotation/MergedAnnotations$Search$$Lambda+0x00000256415e5608
instanceKlass org/springframework/core/annotation/MergedAnnotations$Search
instanceKlass org/springframework/core/annotation/MergedAnnotations
instanceKlass org/springframework/core/annotation/RepeatableContainers
instanceKlass org/springframework/core/Ordered
instanceKlass org/springframework/core/annotation/AnnotationsScanner
instanceKlass org/springframework/core/annotation/AnnotationFilter$2
instanceKlass org/springframework/core/annotation/AnnotationFilter$1
instanceKlass org/springframework/core/annotation/PackagesAnnotationFilter
instanceKlass org/springframework/core/annotation/AnnotationFilter
instanceKlass org/springframework/core/annotation/AnnotationUtils
instanceKlass org/springframework/security/core/Transient
instanceKlass org/eclipse/jetty/server/Session$ValueListener
instanceKlass org/eclipse/jetty/server/HttpCookieUtils
instanceKlass jenkins/util/HttpSessionListener
instanceKlass javax/servlet/http/HttpSessionListener
instanceKlass org/eclipse/jetty/ee9/nested/SessionHandler$ServletSessionApi
instanceKlass jakarta/servlet/http/HttpSession
instanceKlass  @bci org/eclipse/jetty/io/CyclicTimeout <clinit> ()V 22 <appendix> argL0 ; # org/eclipse/jetty/io/CyclicTimeout$$Lambda+0x00000256415e3638
instanceKlass  @cpi org/eclipse/jetty/io/CyclicTimeout 169 form vmentry <vmtarget> ; # java/lang/invoke/LambdaForm$DMH+0x00000256415e4400
# instanceKlass java/lang/invoke/LambdaForm$DMH+0x00000256415e4000
instanceKlass org/eclipse/jetty/io/CyclicTimeout$Timeout
instanceKlass org/eclipse/jetty/io/CyclicTimeout
instanceKlass org/eclipse/jetty/session/SessionInactivityTimer
instanceKlass org/eclipse/jetty/session/SessionData
instanceKlass  @bci org/eclipse/jetty/ee9/nested/ContextHandler$CoreContextRequest getSession (Z)Lorg/eclipse/jetty/server/Session; 96 <appendix> member <vmtarget> ; # org/eclipse/jetty/ee9/nested/ContextHandler$CoreContextRequest$$Lambda+0x00000256415e2418
instanceKlass org/eclipse/jetty/session/ManagedSession
instanceKlass  @bci org/eclipse/jetty/util/Fields toStringArrayMap ()Ljava/util/Map; 14 <appendix> member <vmtarget> ; # org/eclipse/jetty/util/Fields$$Lambda+0x00000256415e1db0
instanceKlass org/eclipse/jetty/util/Fields$Field
instanceKlass org/eclipse/jetty/util/RFC9110QuotedStringTokenizer$1
instanceKlass  @bci org/eclipse/jetty/ee9/nested/Request getLocales ()Ljava/util/Enumeration; 48 <appendix> argL0 ; # org/eclipse/jetty/ee9/nested/Request$$Lambda+0x00000256415e0d88
instanceKlass  @bci org/eclipse/jetty/http/QuotedQualityCSV sort ()V 46 <appendix> member <vmtarget> ; # org/eclipse/jetty/http/QuotedQualityCSV$$Lambda+0x00000256415e0b70
instanceKlass  @bci org/eclipse/jetty/http/QuotedQualityCSV sort ()V 35 <appendix> argL0 ; # org/eclipse/jetty/http/QuotedQualityCSV$$Lambda+0x00000256415e0940
instanceKlass  @bci org/eclipse/jetty/http/QuotedQualityCSV sort ()V 20 <appendix> argL0 ; # org/eclipse/jetty/http/QuotedQualityCSV$$Lambda+0x00000256415e0700
instanceKlass org/eclipse/jetty/http/QuotedQualityCSV$QualityValue
instanceKlass  @bci org/eclipse/jetty/http/QuotedQualityCSV <init> (Lorg/eclipse/jetty/http/ComplianceViolation$Mode;Lorg/eclipse/jetty/http/ComplianceViolation$Listener;Ljava/util/function/ToIntFunction;)V 39 <appendix> argL0 ; # org/eclipse/jetty/http/QuotedQualityCSV$$Lambda+0x00000256415e02b0
instanceKlass  @bci org/eclipse/jetty/http/QuotedQualityCSV <clinit> ()V 8 <appendix> argL0 ; # org/eclipse/jetty/http/QuotedQualityCSV$$Lambda+0x00000256415d3df0
instanceKlass  @bci org/springframework/security/web/savedrequest/DefaultSavedRequest addHeader (Ljava/lang/String;Ljava/lang/String;)V 5 <appendix> argL0 ; # org/springframework/security/web/savedrequest/DefaultSavedRequest$$Lambda+0x00000256415ddc60
instanceKlass org/eclipse/jetty/http/HttpFields$3
instanceKlass  @bci org/eclipse/jetty/http/HttpFields getFieldNamesCollection ()Ljava/util/Set; 72 <appendix> argL0 ; # org/eclipse/jetty/http/HttpFields$$Lambda+0x00000256415d3520
instanceKlass org/springframework/security/web/savedrequest/SavedCookie
instanceKlass org/springframework/security/web/savedrequest/DefaultSavedRequest
instanceKlass org/springframework/security/web/savedrequest/SavedRequest
instanceKlass  @bci org/springframework/context/support/ResourceBundleMessageSource getResourceBundle (Ljava/lang/String;Ljava/util/Locale;)Ljava/util/ResourceBundle; 71 <appendix> argL0 ; # org/springframework/context/support/ResourceBundleMessageSource$$Lambda+0x00000256415dd328
instanceKlass org/springframework/context/i18n/LocaleContext
instanceKlass org/springframework/context/i18n/LocaleContextHolder
instanceKlass  @bci hudson/security/ChainedServletFilter2$1 doFilter (Ljakarta/servlet/ServletRequest;Ljakarta/servlet/ServletResponse;)V 134 <appendix> member <vmtarget> ; # hudson/security/ChainedServletFilter2$1$$Lambda+0x00000256415dc610
instanceKlass  @bci jenkins/security/AcegiSecurityExceptionFilter doFilter (Ljakarta/servlet/ServletRequest;Ljakarta/servlet/ServletResponse;Ljakarta/servlet/FilterChain;)V 47 <appendix> argL0 ; # jenkins/security/AcegiSecurityExceptionFilter$$Lambda+0x00000256415dc3e0
instanceKlass org/eclipse/jetty/http/HttpFields$Mutable$Wrapper$1
instanceKlass org/springframework/security/core/AuthenticatedPrincipal
instanceKlass hudson/util/PluginServletFilter$1
instanceKlass org/apache/commons/lang/StringUtils
instanceKlass  @bci jenkins/security/csp/CspBuilder build ()Ljava/lang/String; 14 <appendix> argL0 ; # jenkins/security/csp/CspBuilder$$Lambda+0x00000256415db6a0
instanceKlass  @bci java/util/TreeMap$EntrySpliterator getComparator ()Ljava/util/Comparator; 21 <appendix> argL0 ; # java/util/TreeMap$EntrySpliterator$$Lambda+0x000002564157d638
instanceKlass  @bci jenkins/security/csp/CspBuilder lambda$buildDirectives$4 (Ljenkins/security/csp/Directive;)Ljava/util/Map$Entry; 14 <appendix> argL0 ; # jenkins/security/csp/CspBuilder$$Lambda+0x00000256415db418
instanceKlass  @bci java/util/stream/Collectors mapMerger (Ljava/util/function/BinaryOperator;)Ljava/util/function/BinaryOperator; 1 <appendix> member <vmtarget> ; # java/util/stream/Collectors$$Lambda+0x000002564157d198
instanceKlass  @bci java/util/stream/Collectors toMap (Ljava/util/function/Function;Ljava/util/function/Function;Ljava/util/function/BinaryOperator;Ljava/util/function/Supplier;)Ljava/util/stream/Collector; 3 <appendix> member <vmtarget> ; # java/util/stream/Collectors$$Lambda+0x000002564157cf70
instanceKlass  @bci jenkins/security/csp/CspBuilder buildDirectives ()Ljava/util/Map; 47 <appendix> argL0 ; # jenkins/security/csp/CspBuilder$$Lambda+0x00000256415db208
instanceKlass  @bci jenkins/security/csp/CspBuilder buildDirectives ()Ljava/util/Map; 42 <appendix> argL0 ; # jenkins/security/csp/CspBuilder$$Lambda+0x00000256415dafd0
instanceKlass  @bci jenkins/security/csp/CspBuilder buildDirectives ()Ljava/util/Map; 37 <appendix> argL0 ; # jenkins/security/csp/CspBuilder$$Lambda+0x00000256415dada0
instanceKlass  @bci jenkins/security/csp/CspBuilder buildDirectives ()Ljava/util/Map; 32 <appendix> argL0 ; # jenkins/security/csp/CspBuilder$$Lambda+0x00000256415dab70
instanceKlass  @bci jenkins/security/csp/CspBuilder buildDirectives ()Ljava/util/Map; 22 <appendix> argL0 ; # jenkins/security/csp/CspBuilder$$Lambda+0x00000256415da940
instanceKlass  @bci jenkins/security/csp/CspBuilder buildDirectives ()Ljava/util/Map; 9 <appendix> argL0 ; # jenkins/security/csp/CspBuilder$$Lambda+0x00000256415da710
instanceKlass java/util/AbstractList$RandomAccessSpliterator
instanceKlass org/springframework/security/web/authentication/WebAuthenticationDetails
instanceKlass  @bci jenkins/security/csp/AvatarContributor apply (Ljenkins/security/csp/CspBuilder;)V 5 <appendix> member <vmtarget> ; # jenkins/security/csp/AvatarContributor$$Lambda+0x00000256415da2d8
instanceKlass  @bci jenkins/security/csp/CspBuilder lambda$add$1 ([Ljava/lang/String;Ljava/lang/String;Ljava/util/Set;)Ljava/util/Set; 61 <appendix> argL0 ; # jenkins/security/csp/CspBuilder$$Lambda+0x00000256415da098
instanceKlass  @bci jenkins/security/csp/CspBuilder add (Ljava/lang/String;[Ljava/lang/String;)Ljenkins/security/csp/CspBuilder; 32 <appendix> member <vmtarget> ; # jenkins/security/csp/CspBuilder$$Lambda+0x00000256415d9e70
instanceKlass  @bci jenkins/security/csp/CspBuilder withDefaultContributions ()Ljenkins/security/csp/CspBuilder; 4 <appendix> member <vmtarget> ; # jenkins/security/csp/CspBuilder$$Lambda+0x00000256415d9c48
instanceKlass  @bci hudson/security/ChainedServletFilter2$1 doFilter (Ljakarta/servlet/ServletRequest;Ljakarta/servlet/ServletResponse;)V 24 <appendix> member <vmtarget> ; # hudson/security/ChainedServletFilter2$1$$Lambda+0x00000256415d9428
instanceKlass  @bci org/springframework/security/core/context/ThreadLocalSecurityContextHolderStrategy setDeferredContext (Ljava/util/function/Supplier;)V 7 <appendix> member <vmtarget> ; # org/springframework/security/core/context/ThreadLocalSecurityContextHolderStrategy$$Lambda+0x00000256415d9210
instanceKlass org/springframework/util/function/SingletonSupplier
instanceKlass  @bci org/springframework/security/web/authentication/AnonymousAuthenticationFilter defaultWithAnonymous (Ljakarta/servlet/http/HttpServletRequest;Ljava/util/function/Supplier;)Ljava/util/function/Supplier; 3 <appendix> member <vmtarget> ; # org/springframework/security/web/authentication/AnonymousAuthenticationFilter$$Lambda+0x00000256415d8dd0
instanceKlass  @bci org/eclipse/jetty/ee9/nested/Request getCookies ()[Ljakarta/servlet/http/Cookie; 7 <appendix> member <vmtarget> ; # org/eclipse/jetty/ee9/nested/Request$$Lambda+0x00000256415d2ff0
instanceKlass org/springframework/security/web/util/matcher/RequestMatcher$MatchResult
instanceKlass org/springframework/security/web/context/HttpRequestResponseHolder
instanceKlass  @bci hudson/security/ChainedServletFilter2$1 doFilter (Ljakarta/servlet/ServletRequest;Ljakarta/servlet/ServletResponse;)V 76 <appendix> member <vmtarget> ; # hudson/security/ChainedServletFilter2$1$$Lambda+0x00000256415a3a70
instanceKlass hudson/security/ChainedServletFilter2$1
instanceKlass  @bci hudson/security/ChainedServletFilter2 doFilter (Ljakarta/servlet/ServletRequest;Ljakarta/servlet/ServletResponse;Ljakarta/servlet/FilterChain;)V 55 <appendix> member <vmtarget> ; # hudson/security/ChainedServletFilter2$$Lambda+0x00000256415a3638
instanceKlass  @bci org/kohsuke/stapler/DiagnosticThreadNameFilter doFilter (Ljakarta/servlet/ServletRequest;Ljakarta/servlet/ServletResponse;Ljakarta/servlet/FilterChain;)V 43 <appendix> form vmentry <vmtarget> ; # java/lang/invoke/LambdaForm$MH+0x00000256415d1800
# instanceKlass java/lang/invoke/LambdaForm$MH+0x00000256415d1400
instanceKlass  @bci org/kohsuke/stapler/DiagnosticThreadNameFilter doFilter (Ljakarta/servlet/ServletRequest;Ljakarta/servlet/ServletResponse;Ljakarta/servlet/FilterChain;)V 43 <appendix> argL3 form vmentry <vmtarget> ; # java/lang/invoke/LambdaForm$MH+0x00000256415d1000
# instanceKlass java/lang/invoke/LambdaForm$MH+0x00000256415d0c00
# instanceKlass java/lang/invoke/LambdaForm$MH+0x00000256415d0800
# instanceKlass java/lang/invoke/LambdaForm$MH+0x00000256415d0400
instanceKlass jakarta/servlet/ServletRequestWrapper
instanceKlass org/eclipse/jetty/ee9/servlet/ServletHandler$Chain
instanceKlass org/eclipse/jetty/ee9/servlet/ServletHandler$ChainEnd
instanceKlass org/eclipse/jetty/ee9/servlet/FilterMapping$1
instanceKlass org/eclipse/jetty/ee9/nested/Authentication$User
instanceKlass org/eclipse/jetty/ee9/nested/Authentication$ResponseSent
instanceKlass org/eclipse/jetty/ee9/nested/Authentication$Wrapped
instanceKlass org/eclipse/jetty/ee9/security/authentication/DeferredAuthentication$1
instanceKlass org/eclipse/jetty/server/Request$AuthenticationState$1
instanceKlass org/eclipse/jetty/ee9/security/authentication/DeferredAuthentication
instanceKlass org/eclipse/jetty/ee9/nested/Authentication$Deferred
instanceKlass org/eclipse/jetty/ee9/nested/Authentication$LogoutAuthentication
instanceKlass org/eclipse/jetty/ee9/nested/Authentication$LoginAuthentication
instanceKlass org/eclipse/jetty/ee9/security/SecurityHandler$3
instanceKlass org/eclipse/jetty/ee9/nested/ServletPathMapping$1
instanceKlass org/eclipse/jetty/ee9/nested/ServletPathMapping
instanceKlass org/eclipse/jetty/http/HttpCookie$Immutable
instanceKlass org/eclipse/jetty/http/RFC6265CookieParser
instanceKlass org/eclipse/jetty/http/CookieParser
instanceKlass org/eclipse/jetty/http/CookieParser$Handler
instanceKlass  @bci org/eclipse/jetty/ee9/nested/SessionHandler$CoreSessionManager addSessionStreamWrapper (Lorg/eclipse/jetty/server/Request;)V 7 <appendix> member <vmtarget> ; # org/eclipse/jetty/ee9/nested/SessionHandler$CoreSessionManager$$Lambda+0x00000256415cee78
instanceKlass org/eclipse/jetty/ee9/nested/SessionHandler$1
instanceKlass org/eclipse/jetty/ee9/nested/HttpChannel$1
instanceKlass  @bci org/eclipse/jetty/ee9/nested/ContextHandler$CoreContextHandler$CoreToNestedHandler handle (Lorg/eclipse/jetty/server/Request;Lorg/eclipse/jetty/server/Response;Lorg/eclipse/jetty/util/Callback;)Z 3 <appendix> argL0 ; # org/eclipse/jetty/ee9/nested/ContextHandler$CoreContextHandler$CoreToNestedHandler$$Lambda+0x00000256415ce018
instanceKlass org/eclipse/jetty/server/HttpStream$Wrapper
instanceKlass  @bci org/eclipse/jetty/server/Request addCompletionListener (Lorg/eclipse/jetty/server/Request;Ljava/util/function/Consumer;)V 2 <appendix> member <vmtarget> ; # org/eclipse/jetty/server/Request$$Lambda+0x00000256415cd498
instanceKlass  @bci org/eclipse/jetty/ee9/nested/ContextHandler$CoreContextHandler wrapRequest (Lorg/eclipse/jetty/server/Request;Lorg/eclipse/jetty/server/Response;)Lorg/eclipse/jetty/server/handler/ContextRequest; 153 <appendix> member <vmtarget> ; # org/eclipse/jetty/ee9/nested/ContextHandler$CoreContextHandler$$Lambda+0x00000256415cd270
instanceKlass org/eclipse/jetty/util/Attributes$Synthetic$1
instanceKlass  @bci org/eclipse/jetty/server/handler/ContextRequest addIdleTimeoutListener (Ljava/util/function/Predicate;)V 3 <appendix> member <vmtarget> ; # org/eclipse/jetty/server/handler/ContextRequest$$Lambda+0x00000256415cc8f8
instanceKlass  @bci org/eclipse/jetty/ee9/nested/HttpChannel onRequest (Lorg/eclipse/jetty/ee9/nested/ContextHandler$CoreContextRequest;)V 18 <appendix> member <vmtarget> ; # org/eclipse/jetty/ee9/nested/HttpChannel$$Lambda+0x00000256415cc6b0
instanceKlass  @cpi org/eclipse/jetty/ee9/nested/HttpChannel 1392 form vmentry <vmtarget> ; # java/lang/invoke/LambdaForm$DMH+0x00000256415d0000
instanceKlass org/eclipse/jetty/ee9/nested/HttpChannel$DemandTask
instanceKlass org/eclipse/jetty/ee9/nested/HttpChannel$AsyncDispatchable
instanceKlass org/eclipse/jetty/ee9/nested/HttpChannel$RequestDispatchable
instanceKlass  @bci org/eclipse/jetty/ee9/nested/HttpChannelListeners$NotifyContent <clinit> ()V 0 <appendix> argL0 ; # org/eclipse/jetty/ee9/nested/HttpChannelListeners$NotifyContent$$Lambda+0x00000256415cbc08
instanceKlass org/eclipse/jetty/ee9/nested/HttpChannelListeners$NotifyContent
instanceKlass  @bci org/eclipse/jetty/ee9/nested/HttpChannelListeners$NotifyFailure <clinit> ()V 0 <appendix> argL0 ; # org/eclipse/jetty/ee9/nested/HttpChannelListeners$NotifyFailure$$Lambda+0x00000256415cb808
instanceKlass org/eclipse/jetty/ee9/nested/HttpChannelListeners$NotifyFailure
instanceKlass  @bci org/eclipse/jetty/ee9/nested/HttpChannelListeners$NotifyRequest <clinit> ()V 0 <appendix> argL0 ; # org/eclipse/jetty/ee9/nested/HttpChannelListeners$NotifyRequest$$Lambda+0x00000256415cb408
instanceKlass org/eclipse/jetty/ee9/nested/HttpChannelListeners$NotifyRequest
instanceKlass org/eclipse/jetty/ee9/nested/HttpChannelListeners$1
instanceKlass org/eclipse/jetty/ee9/nested/HttpChannelListeners
instanceKlass org/eclipse/jetty/util/SharedBlockingCallback$Blocker
instanceKlass org/eclipse/jetty/util/SharedBlockingCallback
instanceKlass org/eclipse/jetty/http/HttpCookie
instanceKlass org/eclipse/jetty/ee9/nested/Response
instanceKlass org/eclipse/jetty/ee9/nested/AsyncContentProducer$LockedSemaphore
instanceKlass org/eclipse/jetty/ee9/nested/BlockingContentProducer
instanceKlass org/eclipse/jetty/ee9/nested/AsyncContentProducer
instanceKlass org/eclipse/jetty/ee9/nested/HttpInput$Interceptor
instanceKlass org/eclipse/jetty/ee9/nested/ContentProducer
instanceKlass org/eclipse/jetty/http/RFC6265SetCookieParser
instanceKlass org/eclipse/jetty/http/SetCookieParser
instanceKlass jakarta/servlet/http/PushBuilder
instanceKlass jakarta/servlet/AsyncContext
instanceKlass jakarta/servlet/http/HttpServletMapping
instanceKlass org/eclipse/jetty/ee9/nested/Request
instanceKlass jakarta/servlet/AsyncEvent
instanceKlass org/eclipse/jetty/ee9/nested/HttpChannelState
instanceKlass org/eclipse/jetty/util/Callback$Nested
instanceKlass org/eclipse/jetty/util/Callback$Completing
instanceKlass org/eclipse/jetty/ee9/nested/HttpInput$Content
instanceKlass org/eclipse/jetty/ee9/nested/HttpChannel$Dispatchable
instanceKlass org/eclipse/jetty/ee9/nested/HttpChannel$Listener
instanceKlass org/eclipse/jetty/ee9/nested/HttpChannel
instanceKlass org/eclipse/jetty/ee9/nested/HttpOutput$Interceptor
instanceKlass org/eclipse/jetty/server/Response$Wrapper
instanceKlass org/eclipse/jetty/http/MutableHttpFields$Listerator
instanceKlass  @bci org/eclipse/jetty/http/HttpFields$Mutable computeField (Lorg/eclipse/jetty/http/HttpHeader;Ljava/util/function/BiFunction;)Lorg/eclipse/jetty/http/HttpFields$Mutable; 14 <appendix> member <vmtarget> ; # org/eclipse/jetty/http/HttpFields$Mutable$$Lambda+0x00000256415c4000
instanceKlass  @bci org/eclipse/jetty/http/HttpFields$Mutable ensureField (Lorg/eclipse/jetty/http/HttpField;)V 29 <appendix> member <vmtarget> ; # org/eclipse/jetty/http/HttpFields$Mutable$$Lambda+0x00000256415bfc68
instanceKlass org/eclipse/jetty/server/handler/gzip/GzipHandler$1
instanceKlass  @bci org/eclipse/jetty/http/HttpField getValues ()[Ljava/lang/String; 12 <appendix> argL0 ; # org/eclipse/jetty/http/HttpField$$Lambda+0x00000256415bf3f8
instanceKlass org/eclipse/jetty/http/ComplianceUtils$1
instanceKlass org/eclipse/jetty/http/ComplianceUtils
instanceKlass org/eclipse/jetty/http/ImmutableHttpFields$Listerator
instanceKlass  @bci org/eclipse/jetty/io/ArrayByteBufferPool getTotalMemory (Z)J 2 <appendix> argL0 ; # org/eclipse/jetty/io/ArrayByteBufferPool$$Lambda+0x00000256415be2c0
instanceKlass  @cpi org/eclipse/jetty/io/ArrayByteBufferPool 667 form vmentry <vmtarget> ; # java/lang/invoke/LambdaForm$DMH+0x00000256415c0000
instanceKlass org/eclipse/jetty/util/ConcurrentPool$Holder
instanceKlass org/eclipse/jetty/util/ConcurrentPool$ConcurrentEntry
instanceKlass  @bci org/eclipse/jetty/io/Retainable$ReferenceCounter release ()Z 5 <appendix> member <vmtarget> ; # org/eclipse/jetty/io/Retainable$ReferenceCounter$$Lambda+0x00000256415bd670
instanceKlass org/eclipse/jetty/io/Content$Chunk$Empty
instanceKlass org/eclipse/jetty/server/internal/HttpChannelState$ChannelResponse
instanceKlass org/eclipse/jetty/server/internal/HttpChannelState$ChannelCallback
instanceKlass org/eclipse/jetty/util/Fields
instanceKlass org/eclipse/jetty/util/Promise$Invocable
instanceKlass java/util/concurrent/Flow$Publisher
instanceKlass org/eclipse/jetty/http/HttpURI$Immutable
instanceKlass org/eclipse/jetty/server/internal/HttpConnection$1
instanceKlass org/eclipse/jetty/http/HttpParser$1
instanceKlass org/eclipse/jetty/http/HttpTokens$Token
instanceKlass org/eclipse/jetty/http/HttpTokens
instanceKlass org/eclipse/jetty/http/HttpURI$Mutable
instanceKlass org/eclipse/jetty/server/internal/HttpConnection$HttpStreamOverHTTP1
instanceKlass org/eclipse/jetty/server/internal/HttpChannelState$AllowedOnlyComplianceListener
instanceKlass org/eclipse/jetty/http/ComplianceViolation$Listener$1
instanceKlass org/eclipse/jetty/io/Retainable$ReferenceCounter
instanceKlass org/eclipse/jetty/io/RetainableByteBuffer$EmptyRetainableByteBuffer
instanceKlass org/eclipse/jetty/io/Retainable$1
instanceKlass org/eclipse/jetty/util/thread/ReservedThreadExecutor$ReservedThread
instanceKlass org/eclipse/jetty/util/thread/strategy/AdaptiveExecutionStrategy$1
# instanceKlass org/eclipse/jetty/io/ManagedSelector$$Lambda+0x00000256415b48a0
instanceKlass  @bci org/eclipse/jetty/io/ManagedSelector createEndPoint (Ljava/nio/channels/SelectableChannel;Ljava/nio/channels/SelectionKey;)V 42 <appendix> member <vmtarget> ; # org/eclipse/jetty/io/ManagedSelector$$Lambda+0x00000256415b4688
# instanceKlass org/eclipse/jetty/server/AbstractConnectionFactory$$Lambda+0x00000256415b4460
instanceKlass  @bci org/eclipse/jetty/server/AbstractConnectionFactory configure (Lorg/eclipse/jetty/io/AbstractConnection;Lorg/eclipse/jetty/server/Connector;Lorg/eclipse/jetty/io/EndPoint;)Lorg/eclipse/jetty/io/AbstractConnection; 32 <appendix> member <vmtarget> ; # org/eclipse/jetty/server/AbstractConnectionFactory$$Lambda+0x00000256415b4238
# instanceKlass org/eclipse/jetty/server/AbstractConnectionFactory$$Lambda+0x00000256415b4010
instanceKlass  @bci org/eclipse/jetty/server/AbstractConnectionFactory configure (Lorg/eclipse/jetty/io/AbstractConnection;Lorg/eclipse/jetty/server/Connector;Lorg/eclipse/jetty/io/EndPoint;)Lorg/eclipse/jetty/io/AbstractConnection; 12 <appendix> member <vmtarget> ; # org/eclipse/jetty/server/AbstractConnectionFactory$$Lambda+0x00000256415b3de8
instanceKlass  @bci org/eclipse/jetty/server/internal/HttpConnection <init> (Lorg/eclipse/jetty/server/HttpConfiguration;Lorg/eclipse/jetty/server/Connector;Lorg/eclipse/jetty/io/EndPoint;)V 249 <appendix> member <vmtarget> ; # org/eclipse/jetty/server/internal/HttpConnection$$Lambda+0x00000256415b3bd0
# instanceKlass org/eclipse/jetty/server/internal/HttpConnection$$Lambda+0x00000256415b39b8
instanceKlass org/eclipse/jetty/http/HttpParser$FieldCache
instanceKlass org/eclipse/jetty/util/Utf8StringBuilder
instanceKlass org/eclipse/jetty/util/CharsetStringBuilder
instanceKlass  @bci org/eclipse/jetty/http/HttpParser <clinit> ()V 410 <appendix> argL0 ; # org/eclipse/jetty/http/HttpParser$$Lambda+0x00000256415b23b8
instanceKlass  @bci org/eclipse/jetty/http/HttpParser <clinit> ()V 402 <appendix> argL0 ; # org/eclipse/jetty/http/HttpParser$$Lambda+0x00000256415b21a8
instanceKlass org/eclipse/jetty/util/HostPort
instanceKlass org/eclipse/jetty/http/HttpParser
instanceKlass org/eclipse/jetty/io/Content$Chunk
instanceKlass org/eclipse/jetty/server/internal/HttpConnection$RequestHandler
instanceKlass  @bci org/eclipse/jetty/http/MutableHttpFields <init> (I)V 10 <appendix> argL0 ; # org/eclipse/jetty/http/MutableHttpFields$$Lambda+0x00000256415b0908
# instanceKlass org/eclipse/jetty/http/MutableHttpFields$$Lambda+0x00000256415b06f8
instanceKlass org/eclipse/jetty/server/internal/HttpChannelState$LastWriteCallback
instanceKlass org/eclipse/jetty/server/internal/HttpChannelState$HandlerInvoker
instanceKlass org/eclipse/jetty/util/thread/SerializedInvoker
instanceKlass org/eclipse/jetty/server/internal/HttpChannelState
instanceKlass org/eclipse/jetty/server/Components
instanceKlass org/eclipse/jetty/http/HttpStatus
instanceKlass org/eclipse/jetty/http/HttpGenerator$PreparedResponse
instanceKlass  @bci org/eclipse/jetty/http/ImmutableHttpFields <init> (Lorg/eclipse/jetty/http/HttpCompliance;Ljava/util/function/Supplier;[Lorg/eclipse/jetty/http/HttpField;I)V 11 <appendix> argL0 ; # org/eclipse/jetty/http/ImmutableHttpFields$$Lambda+0x00000256415af290
instanceKlass org/eclipse/jetty/http/HttpFields$Mutable$Wrapper
instanceKlass org/eclipse/jetty/http/ImmutableHttpFields
instanceKlass org/eclipse/jetty/http/MutableHttpFields
instanceKlass org/eclipse/jetty/http/EmptyHttpFields
instanceKlass  @bci org/eclipse/jetty/http/HttpHeaderValue <clinit> ()V 190 <appendix> argL0 ; # org/eclipse/jetty/http/HttpHeaderValue$$Lambda+0x00000256415ab280
instanceKlass  @bci org/eclipse/jetty/http/DateGenerator formatDate (J)Ljava/lang/String; 8 <appendix> argL0 ; # org/eclipse/jetty/http/DateGenerator$$Lambda+0x00000256415aac40
instanceKlass  @cpi org/eclipse/jetty/http/DateGenerator 202 form vmentry <vmtarget> ; # java/lang/invoke/LambdaForm$DMH+0x00000256415ac000
instanceKlass  @bci org/eclipse/jetty/http/DateGenerator formatDate (J)Ljava/lang/String; 3 <appendix> argL0 ; # org/eclipse/jetty/http/DateGenerator$$Lambda+0x00000256415aaa30
instanceKlass org/eclipse/jetty/http/DateGenerator
instanceKlass org/eclipse/jetty/http/HttpFields$Mutable
instanceKlass org/eclipse/jetty/http/MetaData
instanceKlass org/eclipse/jetty/http/HttpGenerator
instanceKlass  @bci org/eclipse/jetty/util/IteratingCallback <init> (Z)V 17 <appendix> member <vmtarget> ; # org/eclipse/jetty/util/IteratingCallback$$Lambda+0x00000256415a8ec8
# instanceKlass org/eclipse/jetty/util/IteratingCallback$$Lambda+0x00000256415a8ca0
instanceKlass org/eclipse/jetty/server/internal/HttpConnection$DemandContentCallback
instanceKlass org/eclipse/jetty/util/Attributes$Lazy
instanceKlass org/eclipse/jetty/server/internal/HttpConnection$TunnelSupportOverHTTP1
instanceKlass org/eclipse/jetty/server/internal/HttpConnection$FillableCallback
instanceKlass org/eclipse/jetty/io/AbstractConnection$FillableCallback
instanceKlass org/eclipse/jetty/server/HttpChannel
instanceKlass org/eclipse/jetty/http/HttpParser$RequestHandler
instanceKlass org/eclipse/jetty/http/HttpParser$HttpHandler
instanceKlass org/eclipse/jetty/server/TunnelSupport
# instanceKlass org/eclipse/jetty/io/IdleTimeout$$Lambda+0x00000256415a7270
instanceKlass  @bci org/eclipse/jetty/io/IdleTimeout scheduleIdleTimeout (J)V 27 <appendix> member <vmtarget> ; # org/eclipse/jetty/io/IdleTimeout$$Lambda+0x00000256415a7058
instanceKlass org/eclipse/jetty/io/SelectableChannelEndPoint$RunnableCloseable
# instanceKlass org/eclipse/jetty/io/SelectableChannelEndPoint$$Lambda+0x00000256415a6400
instanceKlass  @bci org/eclipse/jetty/io/SelectableChannelEndPoint <init> (Lorg/eclipse/jetty/util/thread/Scheduler;Ljava/nio/channels/SelectableChannel;Lorg/eclipse/jetty/io/ManagedSelector;Ljava/nio/channels/SelectionKey;)V 18 <appendix> member <vmtarget> ; # org/eclipse/jetty/io/SelectableChannelEndPoint$$Lambda+0x00000256415a61e8
instanceKlass org/eclipse/jetty/io/WriteFlusher$State
instanceKlass org/eclipse/jetty/io/WriteFlusher
instanceKlass org/eclipse/jetty/io/FillInterest
instanceKlass java/util/concurrent/Flow$Subscriber
instanceKlass org/eclipse/jetty/io/IdleTimeout
instanceKlass org/eclipse/jetty/io/ManagedSelector$Selectable
instanceKlass java/lang/invoke/ConstantBootstraps
instanceKlass java/nio/channels/SelectionKey
instanceKlass org/eclipse/jetty/io/ManagedSelector$Accept
instanceKlass sun/nio/ch/SocketChannelImpl$DefaultOptionsHolder
instanceKlass  @bci java/time/LocalDate parse (Ljava/lang/CharSequence;Ljava/time/format/DateTimeFormatter;)Ljava/time/LocalDate; 9 <appendix> argL0 ; # java/time/LocalDate$$Lambda+0x000002564157a6c8
instanceKlass java/util/stream/ReduceOps$2ReducingSink
instanceKlass  @bci java/lang/management/ManagementFactory$PlatformMBeanFinder findSingleton (Ljava/lang/Class;)Lsun/management/spi/PlatformMBeanProvider$PlatformComponent; 30 <appendix> member <vmtarget> ; # java/lang/management/ManagementFactory$PlatformMBeanFinder$$Lambda+0x0000025641579f00
instanceKlass  @bci java/lang/management/ManagementFactory$PlatformMBeanFinder findSingleton (Ljava/lang/Class;)Lsun/management/spi/PlatformMBeanProvider$PlatformComponent; 19 <appendix> member <vmtarget> ; # java/lang/management/ManagementFactory$PlatformMBeanFinder$$Lambda+0x0000025641579cb8
# instanceKlass java/lang/invoke/LambdaForm$MH+0x00000256415a5800
# instanceKlass java/lang/invoke/LambdaForm$MH+0x00000256415a5400
instanceKlass hudson/util/jna/GNUCLibrary
instanceKlass java/lang/ProcessHandleImpl$Info
instanceKlass  @bci java/lang/ProcessHandleImpl lambda$static$1 ()Ljava/util/concurrent/Executor; 45 <appendix> form vmentry <vmtarget> ; # java/lang/invoke/LambdaForm$DMH+0x00000256415a5000
instanceKlass  @bci java/lang/ProcessHandleImpl lambda$static$1 ()Ljava/util/concurrent/Executor; 45 <appendix> member <vmtarget> ; # java/lang/ProcessHandleImpl$$Lambda+0x0000025641579830
instanceKlass  @cpi java/lang/ProcessHandleImpl 436 form vmentry <vmtarget> ; # java/lang/invoke/LambdaForm$DMH+0x00000256415a4c00
# instanceKlass java/lang/invoke/LambdaForm$DMH+0x00000256415a4800
instanceKlass  @bci java/lang/ProcessHandleImpl <clinit> ()V 32 <appendix> argL0 ; # java/lang/ProcessHandleImpl$$Lambda+0x0000025641579620
instanceKlass java/lang/ProcessHandleImpl
instanceKlass jenkins/util/JavaVMArguments
instanceKlass  @bci jdk/internal/reflect/MethodHandleLongFieldAccessorImpl setLong (Ljava/lang/Object;J)V 41 <adapter> ; # java/lang/invoke/LambdaForm$MH+0x00000256415a4400
instanceKlass  @bci jdk/internal/reflect/MethodHandleIntegerFieldAccessorImpl setInt (Ljava/lang/Object;I)V 41 <adapter> ; # java/lang/invoke/LambdaForm$MH+0x00000256415a4000
instanceKlass com/sun/jna/Structure$ByReference
instanceKlass com/sun/jna/Function$PostCallRead
instanceKlass com/sun/jna/Library$Handler$FunctionInfo
instanceKlass java/lang/foreign/ValueLayout
instanceKlass java/lang/foreign/MemoryLayout
instanceKlass com/sun/jna/internal/ReflectionUtils
instanceKlass com/sun/jna/VarArgsChecker
instanceKlass com/sun/jna/NativeLibrary$NativeLibraryDisposer
instanceKlass com/sun/jna/NativeLibrary$1
instanceKlass com/sun/jna/SymbolProvider
instanceKlass org/jvnet/hudson/Windows$Kernel32
instanceKlass com/sun/jna/NativeLibrary
instanceKlass  @bci jdk/internal/reflect/MethodHandleLongFieldAccessorImpl getLong (Ljava/lang/Object;)J 20 <adapter> ; # java/lang/invoke/LambdaForm$MH+0x0000025641599800
# instanceKlass java/lang/invoke/LambdaForm$MH+0x0000025641599400
# instanceKlass java/lang/invoke/LambdaForm$BMH+0x0000025641599000
instanceKlass  @cpi hudson/slaves/ComputerRetentionWork 156 form vmentry <vmtarget> ; # java/lang/invoke/LambdaForm$DMH+0x0000025641598c00
instanceKlass com/sun/jna/Library$Handler
# instanceKlass java/lang/invoke/LambdaForm$MH+0x0000025641598800
# instanceKlass java/lang/invoke/LambdaForm$BMH+0x0000025641598400
instanceKlass com/sun/jna/FunctionMapper
instanceKlass hudson/util/jna/Kernel32
instanceKlass com/sun/jna/win32/StdCallLibrary
instanceKlass com/sun/jna/win32/StdCall
instanceKlass com/sun/jna/AltCallingConvention
instanceKlass com/sun/jna/Structure$StructField
instanceKlass com/sun/jna/Structure$LayoutInfo
instanceKlass  @bci com/sun/jna/Structure fieldOrder ()Ljava/util/List; 84 <appendix> member <vmtarget> ; # com/sun/jna/Structure$$Lambda+0x000002564159a000
instanceKlass  @bci com/sun/jna/Structure getFieldList ()Ljava/util/List; 84 <appendix> member <vmtarget> ; # com/sun/jna/Structure$$Lambda+0x000002564159fd70
instanceKlass  @bci com/sun/jna/Structure validateFields ()V 75 <appendix> member <vmtarget> ; # com/sun/jna/Structure$$Lambda+0x000002564159f928
instanceKlass com/sun/jna/Memory$MemoryDisposer
instanceKlass com/sun/jna/internal/Cleaner$Cleanable
instanceKlass com/sun/jna/TypeMapper
instanceKlass com/sun/jna/internal/Cleaner
instanceKlass com/sun/jna/Library
instanceKlass com/sun/jna/Native$2
instanceKlass com/sun/jna/Structure$FFIType$FFITypes
instanceKlass com/sun/jna/Native$ffi_callback
instanceKlass com/sun/jna/JNIEnv
instanceKlass com/sun/jna/PointerType
instanceKlass com/sun/jna/NativeMapped
instanceKlass com/sun/jna/WString
instanceKlass com/sun/jna/win32/DLLCallback
instanceKlass com/sun/jna/CallbackProxy
instanceKlass com/sun/jna/Callback
instanceKlass com/sun/jna/Structure$ByValue
instanceKlass jdk/internal/loader/NativeLibraries$Unloader
instanceKlass com/sun/jna/WeakMemoryHolder
instanceKlass hudson/util/jna/Kernel32Utils
instanceKlass  @bci org/apache/tools/ant/DirectoryScanner couldHoldIncluded (Lorg/apache/tools/ant/types/selectors/TokenizedPath;)Z 36 <appendix> member <vmtarget> ; # org/apache/tools/ant/DirectoryScanner$$Lambda+0x000002564159c230
instanceKlass  @bci org/apache/tools/ant/DirectoryScanner couldHoldIncluded (Lorg/apache/tools/ant/types/selectors/TokenizedPath;)Z 21 <appendix> argL0 ; # org/apache/tools/ant/DirectoryScanner$$Lambda+0x000002564159c000
instanceKlass  @bci org/apache/tools/ant/DirectoryScanner isIncluded (Lorg/apache/tools/ant/types/selectors/TokenizedPath;)Z 43 <appendix> member <vmtarget> ; # org/apache/tools/ant/DirectoryScanner$$Lambda+0x0000025641597cf8
instanceKlass org/apache/tools/ant/types/selectors/SelectorUtils
instanceKlass org/apache/tools/ant/types/selectors/TokenizedPattern
instanceKlass org/apache/tools/ant/types/selectors/TokenizedPath
instanceKlass  @bci org/apache/tools/ant/DirectoryScanner addDefaultExcludes ()V 38 <appendix> argL0 ; # org/apache/tools/ant/DirectoryScanner$$Lambda+0x00000256415972a0
instanceKlass  @bci org/apache/tools/ant/DirectoryScanner addDefaultExcludes ()V 6 <appendix> argL0 ; # org/apache/tools/ant/DirectoryScanner$$Lambda+0x0000025641597070
instanceKlass  @bci org/apache/tools/ant/DirectoryScanner setIncludes ([Ljava/lang/String;)V 27 <appendix> argL0 ; # org/apache/tools/ant/DirectoryScanner$$Lambda+0x0000025641596e60
instanceKlass  @bci org/apache/tools/ant/DirectoryScanner setIncludes ([Ljava/lang/String;)V 17 <appendix> argL0 ; # org/apache/tools/ant/DirectoryScanner$$Lambda+0x0000025641596c30
instanceKlass  @bci org/apache/tools/ant/types/PatternSet makeArray (Ljava/util/List;Lorg/apache/tools/ant/Project;)[Ljava/lang/String; 48 <appendix> argL0 ; # org/apache/tools/ant/types/PatternSet$$Lambda+0x0000025641596a20
instanceKlass  @bci org/apache/tools/ant/types/PatternSet makeArray (Ljava/util/List;Lorg/apache/tools/ant/Project;)[Ljava/lang/String; 38 <appendix> argL0 ; # org/apache/tools/ant/types/PatternSet$$Lambda+0x00000256415967e0
instanceKlass  @bci org/apache/tools/ant/types/PatternSet makeArray (Ljava/util/List;Lorg/apache/tools/ant/Project;)[Ljava/lang/String; 28 <appendix> argL0 ; # org/apache/tools/ant/types/PatternSet$$Lambda+0x00000256415965a0
instanceKlass  @bci org/apache/tools/ant/types/PatternSet makeArray (Ljava/util/List;Lorg/apache/tools/ant/Project;)[Ljava/lang/String; 18 <appendix> member <vmtarget> ; # org/apache/tools/ant/types/PatternSet$$Lambda+0x0000025641596368
instanceKlass  @bci org/apache/tools/ant/property/ParseProperties parsePropertyName (Ljava/lang/String;Ljava/text/ParsePosition;)Ljava/lang/String; 22 <appendix> argL0 ; # org/apache/tools/ant/property/ParseProperties$$Lambda+0x0000025641596128
instanceKlass  @bci org/apache/tools/ant/property/ParseProperties parsePropertyName (Ljava/lang/String;Ljava/text/ParsePosition;)Ljava/lang/String; 12 <appendix> member <vmtarget> ; # org/apache/tools/ant/property/ParseProperties$$Lambda+0x0000025641595ef0
instanceKlass org/apache/tools/ant/property/ParseProperties
instanceKlass org/apache/tools/ant/PropertyHelper$2
instanceKlass  @bci org/apache/tools/ant/PropertyHelper <clinit> ()V 18 <appendix> argL0 ; # org/apache/tools/ant/PropertyHelper$$Lambda+0x0000025641595630
instanceKlass  @bci org/apache/tools/ant/PropertyHelper <clinit> ()V 10 <appendix> argL0 ; # org/apache/tools/ant/PropertyHelper$$Lambda+0x0000025641595420
instanceKlass  @cpi org/apache/tools/ant/PropertyHelper 464 form vmentry <vmtarget> ; # java/lang/invoke/LambdaForm$DMH+0x0000025641598000
instanceKlass org/apache/tools/ant/property/ParseNextProperty
instanceKlass org/apache/tools/ant/property/PropertyExpander
instanceKlass org/apache/tools/ant/PropertyHelper$1
instanceKlass org/apache/tools/ant/PropertyHelper$PropertyEvaluator
instanceKlass org/apache/tools/ant/PropertyHelper$Delegate
instanceKlass org/apache/tools/ant/PropertyHelper
instanceKlass org/apache/tools/ant/property/GetProperty
instanceKlass org/apache/tools/ant/ComponentHelper
instanceKlass  @bci org/apache/tools/ant/types/AbstractFileSet mergePatterns (Lorg/apache/tools/ant/Project;)Lorg/apache/tools/ant/types/PatternSet; 38 <appendix> member <vmtarget> ; # org/apache/tools/ant/types/AbstractFileSet$$Lambda+0x0000025641594018
instanceKlass org/apache/tools/ant/util/WindowsJunctionUtils
instanceKlass org/apache/tools/ant/input/DefaultInputHandler
instanceKlass  @bci org/apache/tools/ant/Project <init> ()V 102 <appendix> argL0 ; # org/apache/tools/ant/Project$$Lambda+0x00000256415939c8
instanceKlass org/apache/tools/ant/types/FilterSetCollection
instanceKlass org/apache/tools/ant/types/EnumeratedAttribute
instanceKlass org/apache/tools/ant/input/InputHandler
instanceKlass java/nio/file/attribute/PosixFilePermissions$1
instanceKlass  @bci org/apache/tools/ant/util/DeweyDecimal toString ()Ljava/lang/String; 7 <appendix> argL0 ; # org/apache/tools/ant/util/DeweyDecimal$$Lambda+0x0000025641591a48
instanceKlass java/util/Spliterators$IntArraySpliterator
instanceKlass com/sun/jna/Native$5
instanceKlass org/apache/tools/ant/util/DeweyDecimal
instanceKlass com/sun/jna/Platform
instanceKlass org/apache/tools/ant/util/JavaEnvUtils
instanceKlass org/apache/tools/ant/taskdefs/condition/Os
instanceKlass com/sun/jna/Native$1
instanceKlass org/apache/tools/ant/taskdefs/condition/Condition
instanceKlass org/apache/tools/ant/types/resources/Appendable
instanceKlass org/apache/tools/ant/types/resources/FileProvider
instanceKlass org/apache/tools/ant/types/resources/Touchable
instanceKlass com/sun/jna/Callback$UncaughtExceptionHandler
instanceKlass org/apache/tools/ant/util/FileUtils
instanceKlass com/sun/jna/Native
instanceKlass com/sun/jna/Version
instanceKlass org/apache/tools/ant/Location
# instanceKlass java/lang/invoke/LambdaForm$MH+0x000002564158ec00
# instanceKlass java/lang/invoke/LambdaForm$MH+0x000002564158e800
# instanceKlass java/lang/invoke/LambdaForm$MH+0x000002564158e400
# instanceKlass java/lang/invoke/LambdaForm$MH+0x000002564158e000
instanceKlass com/sun/jna/FromNativeContext
# instanceKlass java/lang/invoke/LambdaForm$MH+0x000002564158dc00
instanceKlass com/sun/jna/FromNativeConverter
# instanceKlass java/lang/invoke/LambdaForm$MH+0x000002564158d800
instanceKlass com/sun/jna/ToNativeConverter
# instanceKlass java/lang/invoke/LambdaForm$MH+0x000002564158d400
# instanceKlass java/lang/invoke/LambdaForm$BMH+0x000002564158d000
# instanceKlass java/lang/invoke/LambdaForm$DMH+0x000002564158cc00
# instanceKlass java/lang/invoke/LambdaForm$MH+0x000002564158c800
# instanceKlass java/lang/invoke/LambdaForm$DMH+0x000002564158c400
# instanceKlass java/lang/invoke/LambdaForm$DMH+0x000002564158c000
instanceKlass com/sun/jna/Pointer
instanceKlass sun/nio/ch/Util$4
instanceKlass sun/nio/ch/FileChannelImpl$Unmapper
instanceKlass jdk/internal/access/foreign/UnmapperProxy
instanceKlass  @bci jdk/internal/misc/ExtendedMapMode <clinit> ()V 0 <appendix> argL0 ; # jdk/internal/misc/ExtendedMapMode$$Lambda+0x00000256415767d0
instanceKlass jdk/internal/misc/ExtendedMapMode
instanceKlass com/sun/jna/ToNativeContext
instanceKlass java/nio/channels/FileChannel$MapMode
instanceKlass com/sun/jna/Structure
instanceKlass  @bci hudson/model/Node setTemporaryOfflineCause (Lhudson/slaves/OfflineCause;)V 32 <appendix> member <vmtarget> ; # hudson/model/Node$$Lambda+0x0000025641588850
instanceKlass  @bci jenkins/model/Nodes updateNode (Lhudson/model/Node;Z)Z 2 <appendix> member <vmtarget> ; # jenkins/model/Nodes$$Lambda+0x0000025641588428
instanceKlass org/jvnet/hudson/MemoryMonitor
instanceKlass hudson/remoting/LocalChannel$FutureImpl
instanceKlass hudson/FilePath$CallableWith
# instanceKlass jenkins/util/ContextResettingExecutorService$$Lambda+0x0000025641582f28
# instanceKlass jenkins/util/ContextResettingExecutorService$$Lambda+0x0000025641582d10
instanceKlass  @bci jenkins/util/ContextResettingExecutorService wrap (Ljava/util/concurrent/Callable;)Ljava/util/concurrent/Callable; 1 <appendix> member <vmtarget> ; # jenkins/util/ContextResettingExecutorService$$Lambda+0x0000025641582af8
# instanceKlass hudson/remoting/LocalChannel$$Lambda+0x0000025641582688
# instanceKlass hudson/remoting/LocalChannel$$Lambda+0x0000025641582258
instanceKlass  @bci hudson/remoting/LocalChannel callAsync (Lhudson/remoting/Callable;)Lhudson/remoting/Future; 5 <appendix> member <vmtarget> ; # hudson/remoting/LocalChannel$$Lambda+0x0000025641582470
instanceKlass org/kohsuke/stapler/HttpResponses
instanceKlass org/apache/commons/beanutils/BeanIntrospectionData
instanceKlass org/apache/commons/beanutils/DefaultIntrospectionContext
# instanceKlass java/lang/invoke/LambdaForm$MH+0x0000025641581800
# instanceKlass java/lang/invoke/LambdaForm$MH+0x0000025641581400
# instanceKlass java/lang/invoke/LambdaForm$MH+0x0000025641581000
# instanceKlass java/lang/invoke/LambdaForm$DMH+0x0000025641580c00
instanceKlass  @bci jdk/internal/reflect/MethodHandleObjectFieldAccessorImpl set (Ljava/lang/Object;Ljava/lang/Object;)V 41 <adapter> ; # java/lang/invoke/LambdaForm$MH+0x0000025641580800
instanceKlass hudson/tools/ToolInstaller$ToolInstallerEntry
instanceKlass net/sf/json/JSONObject$FieldProperty
instanceKlass hudson/tools/ToolInstaller$ToolInstallerList
instanceKlass  @bci hudson/model/BuildAuthorizationToken$ItemListenerImpl onLoaded ()V 9 <appendix> member <vmtarget> ; # hudson/model/BuildAuthorizationToken$ItemListenerImpl$$Lambda+0x0000025641585828
instanceKlass  @bci hudson/model/Items getAllItems (Lhudson/model/ItemGroup;Ljava/lang/Class;Ljava/util/List;Ljava/util/function/Predicate;)V 7 <appendix> member <vmtarget> ; # hudson/model/Items$$Lambda+0x00000256415855e0
instanceKlass  @bci hudson/model/Items getAllItems (Lhudson/model/ItemGroup;Ljava/lang/Class;)Ljava/util/List; 2 <appendix> argL0 ; # hudson/model/Items$$Lambda+0x00000256415853a0
instanceKlass hudson/PluginWrapper$Dependency
# instanceKlass java/util/function/Predicate$$Lambda+0x0000025641575ed0
instanceKlass  @bci java/util/function/Predicate negate ()Ljava/util/function/Predicate; 1 <appendix> member <vmtarget> ; # java/util/function/Predicate$$Lambda+0x0000025641575c88
instanceKlass  @cpi java/util/function/Predicate 75 form vmentry <vmtarget> ; # java/lang/invoke/LambdaForm$DMH+0x0000025641580400
# instanceKlass java/lang/invoke/LambdaForm$DMH+0x0000025641580000
# instanceKlass java/util/function/Predicate$$Lambda+0x0000025641575180
instanceKlass  @bci java/util/function/Predicate and (Ljava/util/function/Predicate;)Ljava/util/function/Predicate; 7 <appendix> member <vmtarget> ; # java/util/function/Predicate$$Lambda+0x0000025641574f38
instanceKlass  @cpi java/util/function/Predicate 72 form vmentry <vmtarget> ; # java/lang/invoke/LambdaForm$DMH+0x00000256412c8400
# instanceKlass java/lang/invoke/LambdaForm$DMH+0x00000256412c9400
# instanceKlass hudson/model/UpdateSite$Plugin$$Lambda+0x00000256412c8bf8
instanceKlass  @bci hudson/model/UpdateSite$Plugin <init> (Lhudson/model/UpdateSite;Ljava/lang/String;Lnet/sf/json/JSONObject;)V 251 <appendix> argL0 ; # hudson/model/UpdateSite$Plugin$$Lambda+0x00000256412c89e8
# instanceKlass hudson/model/UpdateSite$Plugin$$Lambda+0x00000256412c9c70
instanceKlass  @bci hudson/model/UpdateSite$Plugin <init> (Lhudson/model/UpdateSite;Ljava/lang/String;Lnet/sf/json/JSONObject;)V 241 <appendix> argL0 ; # hudson/model/UpdateSite$Plugin$$Lambda+0x00000256412c9a30
instanceKlass  @bci hudson/model/UpdateSite$Plugin <init> (Lhudson/model/UpdateSite;Ljava/lang/String;Lnet/sf/json/JSONObject;)V 231 <appendix> argL0 ; # hudson/model/UpdateSite$Plugin$$Lambda+0x00000256412c9800
# instanceKlass hudson/model/UpdateSite$Plugin$$Lambda+0x000002564155fc88
instanceKlass hudson/model/UpdateSite$IssueTracker
instanceKlass jenkins/util/MemoryReductionUtil
# instanceKlass jenkins/util/PluginLabelUtil$$Lambda+0x000002564155f450
instanceKlass  @bci jenkins/util/PluginLabelUtil canonicalLabel (Ljava/lang/String;)Ljava/lang/String; 28 <appendix> argL0 ; # jenkins/util/PluginLabelUtil$$Lambda+0x000002564155f670
instanceKlass jenkins/util/PluginLabelUtil
instanceKlass java/time/format/Parsed
instanceKlass java/time/format/DateTimeParseContext
instanceKlass  @bci java/time/Instant parse (Ljava/lang/CharSequence;)Ljava/time/Instant; 4 <appendix> argL0 ; # java/time/Instant$$Lambda+0x00000256414ca098
# instanceKlass java/time/Instant$$Lambda+0x0000025641569cb8
instanceKlass hudson/model/UpdateSite$Deprecation
instanceKlass hudson/model/UpdateSite$WarningVersionRange
instanceKlass  @bci hudson/model/UpdateSite updateData (Ljava/lang/String;Z)Lhudson/util/FormValidation; 102 <appendix> member <vmtarget> ; # hudson/model/UpdateSite$$Lambda+0x000002564155df28
instanceKlass jenkins/util/JSONSignatureValidator$1
instanceKlass hudson/util/DOSToUnixPathHelper$Helper
instanceKlass  @bci org/apache/commons/io/function/IOConsumer <clinit> ()V 0 <appendix> argL0 ; # org/apache/commons/io/function/IOConsumer$$Lambda+0x000002564155cfd0
instanceKlass  @bci org/apache/commons/io/output/ProxyOutputStream close ()V 5 <appendix> member <vmtarget> ; # org/apache/commons/io/output/ProxyOutputStream$$Lambda+0x000002564155cd98
instanceKlass org/apache/commons/io/function/IOConsumer
instanceKlass org/jvnet/hudson/crypto/CertificateUtil
instanceKlass  @bci jenkins/util/JSONSignatureValidator loadTrustAnchors (Ljava/security/cert/CertificateFactory;)Ljava/util/Set; 190 <appendix> member <vmtarget> ; # jenkins/util/JSONSignatureValidator$$Lambda+0x000002564155c798
instanceKlass  @bci jenkins/util/JSONSignatureValidator verifySignature (Lnet/sf/json/JSONObject;)Lhudson/util/FormValidation; 240 <appendix> member <vmtarget> ; # jenkins/util/JSONSignatureValidator$$Lambda+0x000002564155c580
instanceKlass net/sf/json/processors/JsonValueProcessor
instanceKlass net/sf/json/JSONArray$JSONArrayListIterator
instanceKlass net/sf/json/JSONSerializer
instanceKlass net/sf/json/JSONString
instanceKlass net/sf/json/util/JSONTokener
instanceKlass net/sf/json/JSONNull
instanceKlass net/sf/json/processors/DefaultDefaultValueProcessor
instanceKlass net/sf/json/util/JavaIdentifierTransformer
instanceKlass net/sf/json/util/CycleDetectionStrategy
instanceKlass net/sf/json/processors/PropertyNameProcessorMatcher
instanceKlass net/sf/json/util/PropertyExclusionClassMatcher
instanceKlass net/sf/json/util/NewBeanInstanceStrategy
instanceKlass net/sf/json/processors/JsonValueProcessorMatcher
instanceKlass net/sf/json/processors/JsonBeanProcessorMatcher
instanceKlass net/sf/json/processors/DefaultValueProcessorMatcher
instanceKlass net/sf/json/processors/DefaultValueProcessor
instanceKlass net/sf/json/JsonConfig
instanceKlass net/sf/json/AbstractJSON$2
instanceKlass net/sf/json/AbstractJSON$1
instanceKlass net/sf/json/JSONObject$Property
instanceKlass net/sf/json/AbstractJSON$WritingVisitor
instanceKlass sun/net/www/http/KeepAliveEntry
instanceKlass sun/net/www/http/KeepAliveCache$1
instanceKlass  @bci org/apache/commons/io/IOUtils$ScratchChars <clinit> ()V 0 <appendix> argL0 ; # org/apache/commons/io/IOUtils$ScratchChars$$Lambda+0x000002564154add0
instanceKlass org/apache/commons/io/IOUtils$ScratchChars
instanceKlass sun/security/util/math/IntegerModuloP$MultiplicativeInverser$Secp256R1Field
instanceKlass  @bci sun/security/ec/ECDSASignature engineVerify ([B)Z 37 <appendix> member <vmtarget> ; # sun/security/ec/ECDSASignature$$Lambda+0x0000025641552f10
instanceKlass  @bci sun/security/ec/ECDSAOperations forParameters (Ljava/security/spec/ECParameterSpec;)Ljava/util/Optional; 7 <appendix> member <vmtarget> ; # sun/security/ec/ECDSAOperations$$Lambda+0x0000025641552cd8
instanceKlass sun/security/ec/ECDSAOperations
# instanceKlass java/lang/invoke/LambdaForm$MH+0x0000025641551c00
instanceKlass java/lang/foreign/MemorySegment
# instanceKlass java/lang/invoke/LambdaForm$DMH+0x0000025641551800
# instanceKlass java/lang/invoke/LambdaForm$DMH+0x0000025641551400
instanceKlass sun/security/ssl/PreSharedKeyExtension$SHPreSharedKeySpec
instanceKlass sun/security/ssl/SSLEngineOutputRecord$RecordMemo
instanceKlass sun/security/ssl/SSLEngineOutputRecord$HandshakeFragment
instanceKlass sun/security/ssl/PreSharedKeyExtension$CHPreSharedKeySpec
instanceKlass sun/security/ssl/PreSharedKeyExtension$PskIdentity
instanceKlass sun/security/ssl/Alert$AlertConsumer
instanceKlass sun/net/www/http/KeepAliveStreamCleaner$2
instanceKlass sun/net/www/http/KeepAliveStreamCleaner$1
instanceKlass sun/net/www/http/Hurryable
instanceKlass sun/net/www/HeaderParser
instanceKlass sun/net/www/protocol/http/AuthCacheValue
instanceKlass sun/security/ssl/TransportContext$NotifyHandshake$1
instanceKlass sun/security/ssl/TransportContext$NotifyHandshake
instanceKlass com/sun/crypto/provider/GaloisCounterMode$EncryptOp
instanceKlass sun/security/ssl/SSLBasicKeyDerivation$SecretSizeSpec
instanceKlass sun/security/ssl/SSLBasicKeyDerivation
instanceKlass sun/security/ssl/Finished$1
instanceKlass sun/security/ssl/Finished$T13VerifyDataGenerator
instanceKlass sun/security/ssl/Finished$T12VerifyDataGenerator
instanceKlass sun/security/ssl/Finished$T10VerifyDataGenerator
instanceKlass sun/security/ssl/Finished$S30VerifyDataGenerator
instanceKlass sun/security/ssl/Finished$VerifyDataGenerator
instanceKlass sun/security/rsa/MGF1
instanceKlass sun/security/ssl/X509Authentication$X509Credentials
instanceKlass sun/security/util/HostnameChecker
# instanceKlass java/lang/invoke/LambdaForm$DMH+0x0000025641551000
# instanceKlass java/lang/invoke/LambdaForm$DMH+0x0000025641550c00
instanceKlass sun/security/util/AnchorCertificates$1
instanceKlass sun/security/util/AnchorCertificates
instanceKlass sun/security/validator/CamerfirmaTLSPolicy
instanceKlass sun/security/validator/EntrustTLSPolicy
instanceKlass sun/security/validator/SymantecTLSPolicy
instanceKlass sun/security/validator/CADistrustPolicy$4
instanceKlass java/security/cert/PKIXCertPathValidatorResult
instanceKlass java/security/cert/CertPathValidatorResult
instanceKlass sun/security/rsa/RSAPadding
instanceKlass sun/security/rsa/RSACore
instanceKlass java/security/interfaces/RSAPrivateCrtKey
instanceKlass java/security/interfaces/RSAPrivateKey
instanceKlass sun/security/util/SignatureUtil
instanceKlass java/security/interfaces/DSAPublicKey
instanceKlass java/security/interfaces/DSAKey
instanceKlass sun/security/util/Length
instanceKlass sun/security/provider/certpath/CertPathConstraintsParameters
instanceKlass sun/security/util/ConstraintsParameters
instanceKlass sun/security/provider/certpath/PKIXMasterCertPathValidator
instanceKlass sun/security/provider/certpath/PolicyNodeImpl
instanceKlass java/security/cert/PolicyNode
instanceKlass sun/security/util/DisabledAlgorithmConstraints$CertPathHolder
# instanceKlass sun/security/x509/X509CertImpl$$Lambda+0x00000256415666f0
instanceKlass  @bci sun/security/x509/X509CertImpl getFingerprint (Ljava/lang/String;Lsun/security/util/Debug;)Ljava/lang/String; 7 <appendix> member <vmtarget> ; # sun/security/x509/X509CertImpl$$Lambda+0x0000025641566928
instanceKlass sun/security/util/UntrustedCertificates$1
instanceKlass sun/security/util/UntrustedCertificates
instanceKlass java/security/cert/X509CertSelector
instanceKlass java/security/cert/CertSelector
instanceKlass sun/security/provider/certpath/PKIX$ValidatorParams
instanceKlass sun/security/provider/certpath/PKIX
instanceKlass java/security/cert/CertPath
instanceKlass java/security/cert/CertPathValidatorSpi
instanceKlass java/security/cert/CertPathValidator
instanceKlass java/security/cert/PKIXCertPathChecker
instanceKlass java/security/cert/CertPathChecker
instanceKlass java/security/Timestamp
instanceKlass sun/security/ssl/SSLAlgorithmConstraints$SupportedSignatureAlgorithmConstraints
instanceKlass jdk/internal/icu/impl/Norm2AllModes$NFKCSingleton
instanceKlass jdk/internal/icu/text/NormalizerBase$ModeImpl
instanceKlass jdk/internal/icu/text/NormalizerBase$NFKDModeImpl
instanceKlass jdk/internal/icu/text/NormalizerBase$1
instanceKlass java/text/Normalizer
instanceKlass sun/security/pkcs/SignerInfo
instanceKlass sun/security/pkcs/PKCS9Attribute
instanceKlass sun/security/x509/AVAKeyword
instanceKlass java/security/cert/PKIXParameters
instanceKlass java/security/cert/CertPathParameters
instanceKlass sun/security/provider/certpath/CertPathHelper
instanceKlass java/security/cert/TrustAnchor
instanceKlass sun/security/validator/EndEntityChecker
instanceKlass sun/security/validator/Validator
instanceKlass javax/net/ssl/SSLEngine
instanceKlass sun/security/ssl/CertificateMessage$CertificateEntry
instanceKlass sun/security/ssl/ServerNameExtension$SHServerNamesSpec
instanceKlass com/sun/crypto/provider/GaloisCounterMode$DecryptOp
instanceKlass com/sun/crypto/provider/GaloisCounterMode$GCMOperation
instanceKlass com/sun/crypto/provider/GHASH
instanceKlass com/sun/crypto/provider/GCM
instanceKlass com/sun/crypto/provider/GaloisCounterMode$GCMEngine
instanceKlass javax/crypto/spec/GCMParameterSpec
instanceKlass sun/security/ssl/ChangeCipherSpec$T13ChangeCipherSpecConsumer
instanceKlass sun/security/ssl/ChangeCipherSpec$T10ChangeCipherSpecProducer
instanceKlass sun/security/ssl/ChangeCipherSpec$T10ChangeCipherSpecConsumer
instanceKlass sun/security/ssl/ChangeCipherSpec
instanceKlass javax/crypto/spec/IvParameterSpec
instanceKlass sun/security/ssl/SSLTrafficKeyDerivation$T13TrafficKeyDerivation
instanceKlass sun/security/ssl/SSLTrafficKeyDerivation$1
instanceKlass sun/security/ssl/SSLTrafficKeyDerivation$T13TrafficKeyDerivationGenerator
instanceKlass sun/security/ssl/SSLTrafficKeyDerivation$T12TrafficKeyDerivationGenerator
instanceKlass sun/security/ssl/SSLTrafficKeyDerivation$T10TrafficKeyDerivationGenerator
instanceKlass sun/security/ssl/SSLTrafficKeyDerivation$S30TrafficKeyDerivationGenerator
instanceKlass sun/security/ssl/SSLKeyDerivationGenerator
instanceKlass sun/security/ssl/SSLSecretDerivation
instanceKlass sun/security/ssl/HKDF
# instanceKlass sun/security/ec/XDHKeyAgreement$$Lambda+0x0000025641552880
instanceKlass  @bci sun/security/ec/XDHKeyAgreement engineDoPhase (Ljava/security/Key;Z)Ljava/security/Key; 70 <appendix> argL0 ; # sun/security/ec/XDHKeyAgreement$$Lambda+0x0000025641552650
# instanceKlass sun/security/ec/XDHKeyAgreement$$Lambda+0x0000025641552440
instanceKlass  @bci sun/security/ec/XDHKeyAgreement initImpl (Ljava/security/Key;)V 66 <appendix> argL0 ; # sun/security/ec/XDHKeyAgreement$$Lambda+0x0000025641552230
# instanceKlass sun/security/ec/XDHKeyAgreement$$Lambda+0x0000025641552000
instanceKlass  @bci sun/security/ec/XDHKeyAgreement initImpl (Ljava/security/Key;)V 38 <appendix> argL0 ; # sun/security/ec/XDHKeyAgreement$$Lambda+0x0000025641557d60
instanceKlass  @bci sun/security/ec/XDHKeyAgreement initImpl (Ljava/security/Key;)V 22 <appendix> argL0 ; # sun/security/ec/XDHKeyAgreement$$Lambda+0x0000025641557b30
# instanceKlass sun/security/ec/XDHKeyAgreement$$Lambda+0x0000025641557900
instanceKlass javax/crypto/KeyAgreementSpi
instanceKlass sun/security/ssl/KAKeyDerivation
instanceKlass sun/security/ssl/XDHKeyExchange$XDHEKAGenerator
instanceKlass sun/security/ssl/XDHKeyExchange
instanceKlass  @bci sun/security/ec/XDHKeyFactory generatePublicImpl (Ljava/security/spec/KeySpec;)Ljava/security/PublicKey; 65 <appendix> argL0 ; # sun/security/ec/XDHKeyFactory$$Lambda+0x00000256415574a0
instanceKlass  @bci sun/security/ec/XDHKeyFactory generatePublicImpl (Ljava/security/spec/KeySpec;)Ljava/security/PublicKey; 51 <appendix> argL0 ; # sun/security/ec/XDHKeyFactory$$Lambda+0x0000025641557270
instanceKlass java/security/spec/XECPublicKeySpec
instanceKlass sun/security/ssl/XDHKeyExchange$XDHECredentials
instanceKlass sun/security/ssl/NamedGroupCredentials
instanceKlass sun/security/ssl/KeyShareExtension$SHKeyShareSpec
instanceKlass sun/security/ssl/HandshakeHash$CloneableHash
instanceKlass sun/security/ssl/HandshakeHash$T13HandshakeHash
instanceKlass sun/security/ssl/SupportedVersionsExtension$SHSupportedVersionsSpec
instanceKlass sun/security/ssl/TransportContext$1
instanceKlass sun/security/ssl/Plaintext
instanceKlass hudson/util/Iterators$FilterIterator
instanceKlass hudson/model/LoadStatistics$LoadStatisticsSnapshot$Builder
instanceKlass hudson/model/LoadStatistics$LoadStatisticsSnapshot
instanceKlass sun/security/ssl/OutputRecord$T13PaddingHolder
instanceKlass sun/security/ssl/KeyShareExtension$CHKeyShareSpec
instanceKlass sun/security/util/math/IntegerModuloP$MultiplicativeInverser$Secp256R1
instanceKlass sun/security/ec/ECOperations$PointMultiplier$Default
instanceKlass sun/security/ec/ECOperations$PointMultiplier$Secp256R1GeneratorMultiplier$P256
instanceKlass sun/security/ec/ECOperations$PointMultiplier$Secp256R1GeneratorMultiplier
instanceKlass sun/security/ec/ECOperations$PointMultiplier
# instanceKlass sun/security/ec/ECPrivateKeyImpl$$Lambda+0x0000025641555410
instanceKlass  @bci sun/security/ec/ECPrivateKeyImpl calculatePublicKey ()Ljava/security/PublicKey; 9 <appendix> argL0 ; # sun/security/ec/ECPrivateKeyImpl$$Lambda+0x0000025641555200
instanceKlass java/security/interfaces/ECPrivateKey
instanceKlass sun/security/ec/ECOperations
instanceKlass sun/security/ssl/ECDHKeyExchange$ECDHEPossession
instanceKlass sun/security/ssl/KeyShareExtension$KeyShareEntry
instanceKlass sun/security/ssl/XDHKeyExchange$1
instanceKlass sun/security/pkcs/PKCS8Key
instanceKlass sun/security/util/InternalPrivateKey
instanceKlass java/security/interfaces/XECPrivateKey
instanceKlass java/security/interfaces/XECPublicKey
instanceKlass java/security/interfaces/XECKey
instanceKlass java/security/KeyPair
instanceKlass sun/security/util/math/IntegerModuloP$MultiplicativeInverser$Default
instanceKlass sun/security/util/math/IntegerModuloP$MultiplicativeInverser
instanceKlass sun/security/util/math/MutableIntegerModuloP
instanceKlass sun/security/jca/JCAUtil$CachedSecureRandomHolder
instanceKlass sun/security/ec/XECOperations
instanceKlass sun/security/ec/XECParameters
# instanceKlass sun/security/ec/XDHKeyPairGenerator$$Lambda+0x0000025641554000
instanceKlass  @bci sun/security/ec/XDHKeyPairGenerator initialize (Ljava/security/spec/AlgorithmParameterSpec;Ljava/security/SecureRandom;)V 0 <appendix> argL0 ; # sun/security/ec/XDHKeyPairGenerator$$Lambda+0x00000256414bbcd0
instanceKlass sun/security/ssl/XDHKeyExchange$XDHEPossession
instanceKlass sun/security/ssl/ECDHKeyExchange$ECDHEXDHKAGenerator
instanceKlass sun/security/ssl/ECDHKeyExchange$ECDHEKAGenerator
instanceKlass sun/security/ssl/ECDHKeyExchange$ECDHKAGenerator
instanceKlass sun/security/ssl/ECDHKeyExchange$ECDHEPossessionGenerator
instanceKlass sun/security/ssl/ECDHKeyExchange
instanceKlass sun/security/ssl/DHKeyExchange$DHEKAGenerator
instanceKlass sun/security/ssl/DHKeyExchange$DHEPossessionGenerator
instanceKlass sun/security/ssl/DHKeyExchange
instanceKlass sun/security/ssl/RSAKeyExchange$RSAKAGenerator
instanceKlass sun/security/ssl/RSAKeyExchange$EphemeralRSAPossessionGenerator
instanceKlass sun/security/ssl/RSAKeyExchange
instanceKlass sun/security/ssl/SSLKeyExchange$T13KeyAgreement
instanceKlass sun/security/ssl/SSLKeyAgreement
instanceKlass sun/security/ssl/SSLPossessionGenerator
instanceKlass sun/security/ssl/SSLKeyExchange
instanceKlass sun/security/ssl/SSLHandshakeBinding
instanceKlass sun/security/ssl/SSLKeyAgreementGenerator
instanceKlass sun/security/ssl/PskKeyExchangeModesExtension$PskKeyExchangeModesSpec
instanceKlass sun/security/ssl/SupportedVersionsExtension$CHSupportedVersionsSpec
instanceKlass sun/security/ssl/SignatureAlgorithmsExtension$SignatureSchemesSpec
instanceKlass  @bci sun/security/util/DisabledAlgorithmConstraints permits (Ljava/lang/String;Ljava/util/Set;)Z 20 <appendix> member <vmtarget> ; # sun/security/util/DisabledAlgorithmConstraints$$Lambda+0x0000025641530fb0
# instanceKlass sun/security/util/DisabledAlgorithmConstraints$$Lambda+0x0000025641530d68
instanceKlass sun/security/ssl/ExtendedMasterSecretExtension$ExtendedMasterSecretSpec
instanceKlass sun/security/ssl/CertStatusExtension$CertStatusRequestV2Spec
instanceKlass sun/security/ssl/ECPointFormatsExtension$ECPointFormatsSpec
instanceKlass sun/security/ssl/SupportedGroupsExtension$SupportedGroupsSpec
instanceKlass sun/security/ssl/CertStatusExtension$CertStatusRequest
instanceKlass sun/security/ssl/CertStatusExtension$CertStatusRequestSpec
instanceKlass sun/security/ssl/ServerNameExtension$CHServerNamesSpec
instanceKlass sun/security/ssl/SSLExtension$SSLExtensionSpec
instanceKlass sun/security/ssl/SSLExtension$ClientExtensions
instanceKlass sun/security/ssl/PreSharedKeyExtension$SHPreSharedKeyStringizer
instanceKlass sun/security/ssl/PreSharedKeyExtension$SHPreSharedKeyAbsence
instanceKlass sun/security/ssl/PreSharedKeyExtension$SHPreSharedKeyConsumer
instanceKlass sun/security/ssl/PreSharedKeyExtension$SHPreSharedKeyProducer
instanceKlass sun/security/ssl/PreSharedKeyExtension$CHPreSharedKeyStringizer
instanceKlass sun/security/ssl/PreSharedKeyExtension$CHPreSharedKeyOnTradeAbsence
instanceKlass sun/security/ssl/PreSharedKeyExtension$CHPreSharedKeyUpdate
instanceKlass sun/security/ssl/PreSharedKeyExtension$CHPreSharedKeyOnLoadAbsence
instanceKlass sun/security/ssl/PreSharedKeyExtension$CHPreSharedKeyConsumer
instanceKlass sun/security/ssl/PreSharedKeyExtension$CHPreSharedKeyProducer
instanceKlass sun/security/ssl/PreSharedKeyExtension
instanceKlass sun/security/ssl/RenegoInfoExtension$RenegotiationInfoStringizer
instanceKlass sun/security/ssl/RenegoInfoExtension$SHRenegotiationInfoAbsence
instanceKlass sun/security/ssl/RenegoInfoExtension$SHRenegotiationInfoConsumer
instanceKlass sun/security/ssl/RenegoInfoExtension$SHRenegotiationInfoProducer
instanceKlass sun/security/ssl/RenegoInfoExtension$CHRenegotiationInfoAbsence
instanceKlass sun/security/ssl/RenegoInfoExtension$CHRenegotiationInfoConsumer
instanceKlass sun/security/ssl/RenegoInfoExtension$CHRenegotiationInfoProducer
instanceKlass sun/security/ssl/RenegoInfoExtension
instanceKlass sun/security/ssl/KeyShareExtension$HRRKeyShareStringizer
instanceKlass sun/security/ssl/KeyShareExtension$HRRKeyShareReproducer
instanceKlass sun/security/ssl/KeyShareExtension$HRRKeyShareConsumer
instanceKlass sun/security/ssl/KeyShareExtension$HRRKeyShareProducer
instanceKlass sun/security/ssl/KeyShareExtension$SHKeyShareStringizer
instanceKlass sun/security/ssl/KeyShareExtension$SHKeyShareAbsence
instanceKlass sun/security/ssl/KeyShareExtension$SHKeyShareConsumer
instanceKlass sun/security/ssl/KeyShareExtension$SHKeyShareProducer
instanceKlass sun/security/ssl/KeyShareExtension$CHKeyShareStringizer
instanceKlass sun/security/ssl/KeyShareExtension$CHKeyShareOnTradeAbsence
instanceKlass sun/security/ssl/KeyShareExtension$CHKeyShareConsumer
instanceKlass sun/security/ssl/KeyShareExtension$CHKeyShareProducer
instanceKlass sun/security/ssl/KeyShareExtension
instanceKlass sun/security/ssl/CertSignAlgsExtension$CertSignatureSchemesStringizer
instanceKlass sun/security/ssl/CertSignAlgsExtension$CRCertSignatureSchemesUpdate
instanceKlass sun/security/ssl/CertSignAlgsExtension$CRCertSignatureSchemesConsumer
instanceKlass sun/security/ssl/CertSignAlgsExtension$CRCertSignatureSchemesProducer
instanceKlass sun/security/ssl/CertSignAlgsExtension$CHCertSignatureSchemesUpdate
instanceKlass sun/security/ssl/CertSignAlgsExtension$CHCertSignatureSchemesConsumer
instanceKlass sun/security/ssl/CertSignAlgsExtension$CHCertSignatureSchemesProducer
instanceKlass sun/security/ssl/CertSignAlgsExtension
instanceKlass sun/security/ssl/CertificateAuthoritiesExtension$CertificateAuthoritiesStringizer
instanceKlass sun/security/ssl/CertificateAuthoritiesExtension$CRCertificateAuthoritiesConsumer
instanceKlass sun/security/ssl/CertificateAuthoritiesExtension$CRCertificateAuthoritiesProducer
instanceKlass sun/security/ssl/CertificateAuthoritiesExtension$CHCertificateAuthoritiesConsumer
instanceKlass sun/security/ssl/CertificateAuthoritiesExtension$CHCertificateAuthoritiesProducer
instanceKlass sun/security/ssl/CertificateAuthoritiesExtension
instanceKlass sun/security/ssl/PskKeyExchangeModesExtension$PskKeyExchangeModesStringizer
instanceKlass sun/security/ssl/PskKeyExchangeModesExtension$PskKeyExchangeModesOnTradeAbsence
instanceKlass sun/security/ssl/PskKeyExchangeModesExtension$PskKeyExchangeModesOnLoadAbsence
instanceKlass sun/security/ssl/PskKeyExchangeModesExtension$PskKeyExchangeModesConsumer
instanceKlass sun/security/ssl/PskKeyExchangeModesExtension$PskKeyExchangeModesProducer
instanceKlass sun/security/ssl/PskKeyExchangeModesExtension
instanceKlass sun/security/ssl/CookieExtension$CookieStringizer
instanceKlass sun/security/ssl/CookieExtension$HRRCookieReproducer
instanceKlass sun/security/ssl/CookieExtension$HRRCookieConsumer
instanceKlass sun/security/ssl/CookieExtension$HRRCookieProducer
instanceKlass sun/security/ssl/CookieExtension$CHCookieUpdate
instanceKlass sun/security/ssl/CookieExtension$CHCookieConsumer
instanceKlass sun/security/ssl/CookieExtension$CHCookieProducer
instanceKlass sun/security/ssl/CookieExtension
instanceKlass sun/security/ssl/SupportedVersionsExtension$HRRSupportedVersionsReproducer
instanceKlass sun/security/ssl/SupportedVersionsExtension$HRRSupportedVersionsConsumer
instanceKlass sun/security/ssl/SupportedVersionsExtension$HRRSupportedVersionsProducer
instanceKlass sun/security/ssl/SupportedVersionsExtension$SHSupportedVersionsStringizer
instanceKlass sun/security/ssl/SupportedVersionsExtension$SHSupportedVersionsConsumer
instanceKlass sun/security/ssl/SupportedVersionsExtension$SHSupportedVersionsProducer
instanceKlass sun/security/ssl/SupportedVersionsExtension$CHSupportedVersionsStringizer
instanceKlass sun/security/ssl/SupportedVersionsExtension$CHSupportedVersionsConsumer
instanceKlass sun/security/ssl/SupportedVersionsExtension$CHSupportedVersionsProducer
instanceKlass sun/security/ssl/SupportedVersionsExtension
instanceKlass sun/security/ssl/SignatureAlgorithmsExtension$SignatureSchemesStringizer
instanceKlass sun/security/ssl/SignatureAlgorithmsExtension$CRSignatureSchemesUpdate
instanceKlass sun/security/ssl/SignatureAlgorithmsExtension$CRSignatureSchemesAbsence
instanceKlass sun/security/ssl/SignatureAlgorithmsExtension$CRSignatureSchemesConsumer
instanceKlass sun/security/ssl/SignatureAlgorithmsExtension$CRSignatureSchemesProducer
instanceKlass sun/security/ssl/SignatureAlgorithmsExtension$CHSignatureSchemesOnTradeAbsence
instanceKlass sun/security/ssl/SignatureAlgorithmsExtension$CHSignatureSchemesUpdate
instanceKlass sun/security/ssl/SignatureAlgorithmsExtension$CHSignatureSchemesOnLoadAbsence
instanceKlass sun/security/ssl/SignatureAlgorithmsExtension$CHSignatureSchemesConsumer
instanceKlass sun/security/ssl/SignatureAlgorithmsExtension$CHSignatureSchemesProducer
instanceKlass sun/security/ssl/SignatureAlgorithmsExtension
instanceKlass sun/security/ssl/SessionTicketExtension$SessionTicketStringizer
instanceKlass sun/security/ssl/SessionTicketExtension$T12SHSessionTicketConsumer
instanceKlass sun/security/ssl/SessionTicketExtension$T12SHSessionTicketProducer
instanceKlass sun/security/ssl/SessionTicketExtension$T12CHSessionTicketConsumer
instanceKlass sun/security/ssl/SessionTicketExtension$T12CHSessionTicketProducer
instanceKlass sun/security/ssl/SessionTicketExtension
instanceKlass sun/security/ssl/ExtendedMasterSecretExtension$ExtendedMasterSecretStringizer
instanceKlass sun/security/ssl/ExtendedMasterSecretExtension$SHExtendedMasterSecretAbsence
instanceKlass sun/security/ssl/ExtendedMasterSecretExtension$SHExtendedMasterSecretConsumer
instanceKlass sun/security/ssl/ExtendedMasterSecretExtension$SHExtendedMasterSecretProducer
instanceKlass sun/security/ssl/ExtendedMasterSecretExtension$CHExtendedMasterSecretAbsence
instanceKlass sun/security/ssl/ExtendedMasterSecretExtension$CHExtendedMasterSecretConsumer
instanceKlass sun/security/ssl/ExtendedMasterSecretExtension$CHExtendedMasterSecretProducer
instanceKlass sun/security/ssl/ExtendedMasterSecretExtension
instanceKlass  @bci sun/security/ssl/AlpnExtension <clinit> ()V 100 <appendix> argL0 ; # sun/security/ssl/AlpnExtension$$Lambda+0x0000025641522688
instanceKlass sun/security/ssl/AlpnExtension$AlpnStringizer
instanceKlass sun/security/ssl/AlpnExtension$SHAlpnAbsence
instanceKlass sun/security/ssl/AlpnExtension$SHAlpnConsumer
instanceKlass sun/security/ssl/AlpnExtension$SHAlpnProducer
instanceKlass sun/security/ssl/AlpnExtension$CHAlpnAbsence
instanceKlass sun/security/ssl/AlpnExtension$CHAlpnConsumer
instanceKlass sun/security/ssl/AlpnExtension$CHAlpnProducer
instanceKlass sun/security/ssl/AlpnExtension
instanceKlass sun/security/ssl/ECPointFormatsExtension$ECPointFormatsStringizer
instanceKlass sun/security/ssl/ECPointFormatsExtension$SHECPointFormatsConsumer
instanceKlass sun/security/ssl/ECPointFormatsExtension$CHECPointFormatsConsumer
instanceKlass sun/security/ssl/ECPointFormatsExtension$CHECPointFormatsProducer
instanceKlass sun/security/ssl/ECPointFormatsExtension
instanceKlass sun/security/ssl/SupportedGroupsExtension$EESupportedGroupsConsumer
instanceKlass sun/security/ssl/SupportedGroupsExtension$EESupportedGroupsProducer
instanceKlass sun/security/ssl/SupportedGroupsExtension$SupportedGroupsStringizer
instanceKlass sun/security/ssl/SupportedGroupsExtension$CHSupportedGroupsOnTradeAbsence
instanceKlass sun/security/ssl/SupportedGroupsExtension$CHSupportedGroupsConsumer
instanceKlass sun/security/ssl/SupportedGroupsExtension$CHSupportedGroupsProducer
instanceKlass sun/security/ssl/SupportedGroupsExtension
instanceKlass sun/security/ssl/CertStatusExtension$CertStatusRespStringizer
instanceKlass sun/security/ssl/CertStatusExtension$CertStatusRequestsStringizer
instanceKlass sun/security/ssl/CertStatusExtension$SHCertStatusReqV2Consumer
instanceKlass sun/security/ssl/CertStatusExtension$SHCertStatusReqV2Producer
instanceKlass sun/security/ssl/CertStatusExtension$CHCertStatusReqV2Consumer
instanceKlass sun/security/ssl/CertStatusExtension$CHCertStatusReqV2Producer
instanceKlass sun/security/ssl/CertStatusExtension$CertStatusRequestStringizer
instanceKlass sun/security/ssl/CertStatusExtension$CTCertStatusResponseConsumer
instanceKlass sun/security/ssl/CertStatusExtension$CTCertStatusResponseProducer
instanceKlass sun/security/ssl/CertStatusExtension$SHCertStatusReqConsumer
instanceKlass sun/security/ssl/CertStatusExtension$SHCertStatusReqProducer
instanceKlass sun/security/ssl/CertStatusExtension$CHCertStatusReqConsumer
instanceKlass sun/security/ssl/CertStatusExtension$CHCertStatusReqProducer
instanceKlass sun/security/ssl/CertStatusExtension
instanceKlass sun/security/ssl/MaxFragExtension$MaxFragLenStringizer
instanceKlass sun/security/ssl/MaxFragExtension$EEMaxFragmentLengthUpdate
instanceKlass sun/security/ssl/MaxFragExtension$EEMaxFragmentLengthConsumer
instanceKlass sun/security/ssl/MaxFragExtension$EEMaxFragmentLengthProducer
instanceKlass sun/security/ssl/MaxFragExtension$SHMaxFragmentLengthUpdate
instanceKlass sun/security/ssl/MaxFragExtension$SHMaxFragmentLengthConsumer
instanceKlass sun/security/ssl/MaxFragExtension$SHMaxFragmentLengthProducer
instanceKlass sun/security/ssl/MaxFragExtension$CHMaxFragmentLengthConsumer
instanceKlass sun/security/ssl/MaxFragExtension$CHMaxFragmentLengthProducer
instanceKlass sun/security/ssl/MaxFragExtension
instanceKlass sun/security/ssl/ServerNameExtension$EEServerNameConsumer
instanceKlass sun/security/ssl/ServerNameExtension$EEServerNameProducer
instanceKlass sun/security/ssl/ServerNameExtension$SHServerNamesStringizer
instanceKlass sun/security/ssl/ServerNameExtension$SHServerNameConsumer
instanceKlass sun/security/ssl/ServerNameExtension$SHServerNameProducer
instanceKlass sun/security/ssl/ServerNameExtension$CHServerNamesStringizer
instanceKlass sun/security/ssl/ServerNameExtension$CHServerNameConsumer
instanceKlass sun/security/ssl/SSLExtension$ExtensionConsumer
instanceKlass sun/security/ssl/ServerNameExtension$CHServerNameProducer
instanceKlass sun/security/ssl/ServerNameExtension
instanceKlass sun/security/ssl/SSLStringizer
instanceKlass sun/security/ssl/SSLExtensions
instanceKlass sun/security/ssl/SSLHandshake$HandshakeMessage
instanceKlass sun/security/ssl/RandomCookie
instanceKlass sun/security/util/KeyUtil
instanceKlass sun/security/ssl/SSLKeyDerivation
instanceKlass sun/security/ssl/SSLCredentials
instanceKlass sun/security/ssl/NamedGroupPossession
instanceKlass sun/security/ssl/SSLPossession
instanceKlass sun/security/ssl/HandshakeContext
instanceKlass sun/security/ssl/SSLConfiguration$1
instanceKlass javax/net/ssl/SSLParameters
instanceKlass sun/nio/ch/ExtendedSocketOption$1
instanceKlass sun/nio/ch/ExtendedSocketOption
instanceKlass sun/nio/ch/OptionKey
instanceKlass sun/nio/ch/SocketOptionRegistry$LazyInitialization
instanceKlass sun/nio/ch/SocketOptionRegistry$RegistryKey
instanceKlass sun/nio/ch/SocketOptionRegistry
instanceKlass jdk/internal/icu/impl/Trie2$UTrie2Header
instanceKlass jdk/internal/icu/impl/Trie2$1
instanceKlass jdk/internal/icu/impl/Trie2$ValueMapper
instanceKlass jdk/internal/icu/impl/Trie2
instanceKlass jdk/internal/icu/impl/UCharacterProperty$IsAcceptable
instanceKlass jdk/internal/icu/impl/UCharacterProperty$IntProperty
instanceKlass jdk/internal/icu/impl/UCharacterProperty
instanceKlass jdk/internal/icu/impl/Trie
instanceKlass jdk/internal/icu/text/StringPrep$StringPrepTrieImpl
instanceKlass jdk/internal/icu/impl/Trie$DataManipulate
instanceKlass jdk/internal/icu/impl/StringPrepDataReader
instanceKlass  @bci jenkins/install/SetupWizard init (Z)V 286 <adapter> ; # java/lang/invoke/LambdaForm$MH+0x0000025641550800
instanceKlass jdk/internal/icu/text/StringPrep
# instanceKlass java/lang/invoke/LambdaForm$DMH+0x0000025641550400
instanceKlass java/net/IDN
instanceKlass  @bci jenkins/install/SetupWizard init (Z)V 286 <appendix> form vmentry <vmtarget> ; # java/lang/invoke/LambdaForm$MH+0x0000025641550000
instanceKlass javax/net/ssl/SNIServerName
instanceKlass org/codehaus/groovy/runtime/metaclass/MetaClassRegistryImpl$1
# instanceKlass java/lang/invoke/LambdaForm$DMH+0x000002564154fc00
# instanceKlass java/lang/invoke/LambdaForm$MH+0x000002564154f800
# instanceKlass java/lang/invoke/LambdaForm$DMH+0x000002564154f400
instanceKlass org/codehaus/groovy/runtime/GroovyCategorySupport
instanceKlass java/net/SocksSocketImpl$3
instanceKlass  @bci sun/nio/ch/NioSocketImpl closerFor (Ljava/io/FileDescriptor;Z)Ljava/lang/Runnable; 5 <appendix> member <vmtarget> ; # sun/nio/ch/NioSocketImpl$$Lambda+0x0000025641514c58
# instanceKlass java/lang/invoke/LambdaForm$MH+0x000002564154f000
instanceKlass java/net/InetAddress$CachedLookup
instanceKlass org/codehaus/groovy/util/ComplexKeyHashMap$1
instanceKlass sun/net/InetAddressCachePolicy$1
# instanceKlass java/lang/invoke/LambdaForm$DMH+0x000002564154ec00
instanceKlass sun/net/InetAddressCachePolicy
instanceKlass org/codehaus/groovy/reflection/CachedClass$1$1
instanceKlass  @bci java/net/InetAddress getAddressesFromNameService (Ljava/lang/String;)[Ljava/net/InetAddress; 94 <appendix> argL0 ; # java/net/InetAddress$$Lambda+0x00000256415143d0
# instanceKlass java/lang/invoke/LambdaForm$MH+0x000002564154e800
# instanceKlass java/lang/invoke/LambdaForm$DMH+0x000002564154e400
# instanceKlass java/lang/invoke/LambdaForm$MH+0x000002564154e000
# instanceKlass java/lang/invoke/LambdaForm$MH+0x000002564154dc00
# instanceKlass java/lang/invoke/LambdaForm$MH+0x000002564154d800
# instanceKlass java/lang/invoke/LambdaForm$MH+0x000002564154d400
# instanceKlass java/lang/invoke/LambdaForm$MH+0x000002564154d000
# instanceKlass java/lang/invoke/LambdaForm$MH+0x000002564154cc00
instanceKlass java/beans/SimpleBeanInfo
# instanceKlass java/lang/invoke/LambdaForm$MH+0x000002564154c800
# instanceKlass java/lang/invoke/LambdaForm$MH+0x000002564154c400
# instanceKlass java/lang/invoke/LambdaForm$MH+0x000002564154c000
instanceKlass java/beans/Transient
instanceKlass jdk/internal/vm/annotation/IntrinsicCandidate
instanceKlass java/beans/BeanProperty
instanceKlass  @bci com/sun/beans/introspect/PropertyInfo get (Ljava/lang/Class;)Ljava/util/Map; 440 <appendix> argL0 ; # com/sun/beans/introspect/PropertyInfo$$Lambda+0x0000025641512120
instanceKlass com/sun/beans/WildcardTypeImpl
instanceKlass com/sun/beans/introspect/PropertyInfo
instanceKlass  @bci com/sun/beans/introspect/EventSetInfo get (Ljava/lang/Class;)Ljava/util/Map; 314 <appendix> argL0 ; # com/sun/beans/introspect/EventSetInfo$$Lambda+0x0000025641511aa0
instanceKlass com/sun/beans/introspect/EventSetInfo
instanceKlass  @bci java/lang/reflect/Executable sharedToGenericString (IZ)Ljava/lang/String; 193 <appendix> argL0 ; # java/lang/reflect/Executable$$Lambda+0x0000025641511488
instanceKlass com/sun/beans/WeakCache
instanceKlass com/sun/beans/TypeResolver
instanceKlass java/beans/MethodRef
instanceKlass com/sun/beans/introspect/MethodInfo$MethodOrder
instanceKlass com/sun/beans/introspect/MethodInfo
instanceKlass com/sun/beans/util/Cache$Ref
instanceKlass com/sun/beans/util/Cache$CacheEntry
instanceKlass com/sun/beans/util/Cache
instanceKlass com/sun/beans/introspect/ClassInfo
instanceKlass javax/swing/SwingContainer
instanceKlass java/beans/JavaBean
instanceKlass com/sun/beans/finder/ClassFinder
instanceKlass com/sun/beans/finder/InstanceFinder
instanceKlass java/beans/WeakIdentityMap
instanceKlass java/beans/ThreadGroupContext
instanceKlass java/beans/Introspector$1
instanceKlass jdk/internal/access/JavaBeansAccess
instanceKlass java/beans/Introspector
instanceKlass groovy/lang/MetaClassImpl$15
instanceKlass  @bci jenkins/model/Jenkins writeReplace ()Ljava/lang/Object; 1 <appendix> argL0 ; # jenkins/model/Jenkins$$Lambda+0x0000025641548b10
instanceKlass jenkins/model/Jenkins$Replacer
instanceKlass java/beans/BeanInfo
instanceKlass org/codehaus/groovy/reflection/CachedClass$CachedMethodComparatorWithString
instanceKlass org/codehaus/groovy/runtime/callsite/CallSiteArray
instanceKlass jenkins/MasterToSlaveFileCallable
instanceKlass jenkins/agents/ControllerToAgentFileCallable
instanceKlass org/codehaus/groovy/runtime/MetaClassHelper
instanceKlass groovy/lang/ClosureInvokingMethod
instanceKlass org/codehaus/groovy/reflection/CachedConstructor$1
instanceKlass groovy/lang/ExpandoMetaClass$Callable
instanceKlass org/codehaus/groovy/reflection/CachedClass$2$1
instanceKlass org/codehaus/groovy/runtime/metaclass/MetaMethodIndex$Header
instanceKlass org/codehaus/groovy/runtime/metaclass/MetaMethodIndex$Entry
instanceKlass org/codehaus/groovy/runtime/metaclass/MetaMethodIndex$EntryIterator
instanceKlass org/codehaus/groovy/runtime/metaclass/MetaMethodIndex
# instanceKlass java/lang/invoke/LambdaForm$MH+0x0000025641545400
# instanceKlass java/lang/invoke/LambdaForm$MH+0x0000025641545000
instanceKlass groovy/lang/MetaClassImpl$17
instanceKlass groovy/lang/MetaClassImpl$16
instanceKlass groovy/lang/MetaClassImpl$1
# instanceKlass java/lang/invoke/LambdaForm$MH+0x0000025641544c00
instanceKlass groovy/lang/MetaClassImpl$MethodIndexAction
# instanceKlass java/lang/invoke/LambdaForm$MH+0x0000025641544800
# instanceKlass java/lang/invoke/LambdaForm$MH+0x0000025641544400
# instanceKlass java/lang/invoke/LambdaForm$MH+0x0000025641544000
instanceKlass  @bci hudson/model/User writeReplace ()Ljava/lang/Object; 2 <appendix> member <vmtarget> ; # hudson/model/User$$Lambda+0x0000025641540d10
instanceKlass org/codehaus/groovy/control/CompilationUnit$ClassgenCallback
instanceKlass org/codehaus/groovy/util/SingleKeyHashMap$Copier
instanceKlass org/codehaus/groovy/runtime/GeneratedClosure
instanceKlass groovy/lang/MetaClassImpl
instanceKlass groovy/lang/MutableMetaClass
instanceKlass javax/script/ScriptEngineManager
instanceKlass org/w3c/dom/UserDataHandler
instanceKlass javax/swing/ButtonModel
instanceKlass java/awt/LayoutManager
instanceKlass javax/swing/AbstractButton$Handler
instanceKlass javax/swing/event/ChangeListener
instanceKlass javax/swing/Icon
instanceKlass javax/swing/event/TableColumnModelListener
instanceKlass javax/swing/ListSelectionModel
instanceKlass java/awt/event/ItemListener
instanceKlass javax/swing/MenuSelectionManager
instanceKlass javax/swing/event/TableModelListener
instanceKlass java/awt/image/ColorModel
instanceKlass java/awt/image/ImageProducer
instanceKlass javax/accessibility/AccessibleStateSet
instanceKlass sun/awt/RequestFocusController
instanceKlass java/awt/im/InputMethodRequests
instanceKlass java/awt/im/InputContext
instanceKlass java/awt/PointerInfo
instanceKlass java/awt/GraphicsConfiguration
instanceKlass java/awt/image/BufferStrategy
instanceKlass java/awt/dnd/DropTarget
instanceKlass java/awt/dnd/DropTargetListener
instanceKlass java/awt/peer/ComponentPeer
instanceKlass sun/java2d/pipe/Region
instanceKlass java/awt/ComponentOrientation
instanceKlass java/awt/event/MouseWheelListener
instanceKlass java/awt/event/HierarchyBoundsListener
instanceKlass java/awt/event/HierarchyListener
instanceKlass java/awt/event/InputMethodListener
instanceKlass java/awt/event/MouseMotionListener
instanceKlass java/awt/event/MouseListener
instanceKlass java/awt/event/KeyListener
instanceKlass java/awt/event/FocusListener
instanceKlass java/awt/BufferCapabilities
instanceKlass java/awt/ImageCapabilities
instanceKlass java/awt/Cursor
instanceKlass java/awt/Event
instanceKlass java/awt/MenuComponent
instanceKlass java/awt/Image
instanceKlass javax/swing/TransferHandler$DropLocation
instanceKlass javax/swing/InputVerifier
instanceKlass javax/swing/event/AncestorListener
instanceKlass javax/swing/AncestorNotifier
instanceKlass java/beans/PropertyChangeListener
instanceKlass java/awt/event/ComponentListener
instanceKlass java/beans/VetoableChangeListener
instanceKlass javax/swing/ArrayTable
instanceKlass java/awt/AWTKeyStroke
instanceKlass javax/swing/ActionMap
instanceKlass javax/swing/InputMap
instanceKlass javax/swing/plaf/ComponentUI
instanceKlass java/awt/FontMetrics
instanceKlass javax/swing/border/Border
instanceKlass java/awt/geom/Dimension2D
instanceKlass java/awt/Graphics
instanceKlass  @bci java/net/InetAddress loadResolver ()Ljava/net/spi/InetAddressResolver; 8 <appendix> argL0 ; # java/net/InetAddress$$Lambda+0x00000256414fdde0
instanceKlass java/net/spi/InetAddressResolverProvider
instanceKlass java/net/InetAddress$NameServiceAddresses
instanceKlass java/net/InetAddress$Addresses
instanceKlass javax/swing/TransferHandler
instanceKlass sun/security/ssl/DTLSRecord
instanceKlass javax/accessibility/AccessibleContext
instanceKlass sun/security/ssl/SessionId
instanceKlass javax/swing/table/TableColumn
instanceKlass javax/swing/Action
instanceKlass javax/swing/table/AbstractTableModel
instanceKlass java/security/spec/MGF1ParameterSpec
instanceKlass javax/swing/MutableComboBoxModel
instanceKlass javax/swing/ComboBoxModel
instanceKlass sun/security/ec/ParametersMap$1
instanceKlass  @bci sun/security/ec/ed/EdDSAParameters <clinit> ()V 268 <appendix> argL0 ; # sun/security/ec/ed/EdDSAParameters$$Lambda+0x00000256414baef8
instanceKlass sun/security/ec/ed/EdDSAParameters$SHAKE256DigesterFactory
instanceKlass javax/swing/tree/DefaultMutableTreeNode
instanceKlass sun/security/ec/point/ProjectivePoint
instanceKlass javax/swing/AbstractListModel
instanceKlass  @bci sun/security/ec/ed/EdDSAParameters <clinit> ()V 117 <appendix> argL0 ; # sun/security/ec/ed/EdDSAParameters$$Lambda+0x00000256414ba570
instanceKlass sun/security/ec/ed/EdDSAParameters$Digester
instanceKlass sun/security/ec/ed/EdDSAParameters$SHA512DigesterFactory
instanceKlass sun/security/ec/point/ExtendedHomogeneousPoint
instanceKlass sun/security/ec/point/AffinePoint
instanceKlass sun/security/util/math/intpoly/IntegerPolynomial$Limb
instanceKlass sun/security/util/math/SmallValue
instanceKlass sun/security/ec/point/MutablePoint
instanceKlass sun/security/ec/point/ImmutablePoint
instanceKlass sun/security/ec/point/Point
instanceKlass javax/swing/ButtonGroup
instanceKlass sun/security/util/math/intpoly/IntegerPolynomial$Element
instanceKlass sun/security/util/math/ImmutableIntegerModuloP
instanceKlass sun/security/util/math/IntegerModuloP
instanceKlass javax/swing/table/TableColumnModel
instanceKlass java/awt/event/ActionListener
instanceKlass javax/swing/event/ListDataListener
instanceKlass sun/security/util/math/intpoly/IntegerPolynomial
instanceKlass java/awt/ItemSelectable
instanceKlass sun/security/ec/ParametersMap
instanceKlass javax/swing/MenuElement
instanceKlass javax/swing/table/TableModel
instanceKlass sun/security/ec/ed/EdECOperations
instanceKlass sun/security/ec/ed/EdDSAParameters$DigesterFactory
instanceKlass sun/security/util/math/IntegerFieldModuloP
instanceKlass sun/security/ec/ed/EdDSAParameters
instanceKlass java/awt/Component
instanceKlass  @bci sun/security/ec/ed/EdDSASignature <init> (Ljava/security/spec/NamedParameterSpec;)V 27 <appendix> argL0 ; # sun/security/ec/ed/EdDSASignature$$Lambda+0x00000256414b8470
instanceKlass java/awt/MenuContainer
instanceKlass java/security/spec/EdDSAParameterSpec
instanceKlass java/awt/image/ImageObserver
instanceKlass sun/security/ec/ed/EdDSASignature$MessageAccumulator
instanceKlass javax/swing/TransferHandler$HasGetTransferHandler
instanceKlass javax/net/ssl/ExtendedSSLSession
instanceKlass javax/net/ssl/SSLSession
instanceKlass javax/swing/SwingConstants
instanceKlass javax/accessibility/Accessible
instanceKlass javax/swing/tree/TreePath
instanceKlass javax/swing/tree/MutableTreeNode
instanceKlass javax/swing/tree/TreeNode
instanceKlass javax/crypto/spec/DHParameterSpec
instanceKlass javax/swing/ListModel
instanceKlass sun/security/ssl/PredefinedDHParameterSpecs$1
instanceKlass sun/security/ssl/PredefinedDHParameterSpecs
instanceKlass java/sql/SQLType
instanceKlass java/sql/Statement
instanceKlass java/sql/NClob
instanceKlass java/sql/Blob
instanceKlass java/sql/SQLXML
instanceKlass java/sql/RowId
instanceKlass java/sql/Clob
instanceKlass sun/security/ssl/NamedGroup$SupportedGroups
instanceKlass java/sql/Array
instanceKlass sun/security/ssl/SSLConfiguration$CustomizedClientSignatureSchemes
instanceKlass java/sql/Ref
instanceKlass sun/security/ssl/SSLConfiguration
instanceKlass sun/security/ssl/SSLCipher$SSLWriteCipher
instanceKlass sun/security/ssl/KeyUpdate$KeyUpdateProducer
instanceKlass sun/security/ssl/KeyUpdate$KeyUpdateConsumer
instanceKlass sun/security/ssl/KeyUpdate$KeyUpdateKickstartProducer
instanceKlass sun/security/ssl/KeyUpdate
instanceKlass groovy/sql/GroovyResultSet
instanceKlass sun/security/ssl/CertificateStatus$CertificateStatusAbsence
instanceKlass sun/security/ssl/HandshakeAbsence
instanceKlass sun/security/ssl/CertificateStatus$CertificateStatusProducer
instanceKlass sun/security/ssl/CertificateStatus$CertificateStatusConsumer
instanceKlass sun/security/ssl/CertificateStatus
instanceKlass sun/security/ssl/Finished$T13FinishedProducer
instanceKlass java/sql/ResultSet
instanceKlass sun/security/ssl/Finished$T13FinishedConsumer
instanceKlass sun/security/ssl/Finished$T12FinishedProducer
instanceKlass sun/security/ssl/Finished$T12FinishedConsumer
instanceKlass java/sql/ResultSetMetaData
instanceKlass sun/security/ssl/Finished
instanceKlass java/sql/Wrapper
instanceKlass sun/security/ssl/ClientKeyExchange$ClientKeyExchangeProducer
instanceKlass sun/security/ssl/ClientKeyExchange$ClientKeyExchangeConsumer
instanceKlass sun/security/ssl/ClientKeyExchange
instanceKlass sun/security/ssl/CertificateVerify$T13CertificateVerifyProducer
instanceKlass sun/security/ssl/CertificateVerify$T13CertificateVerifyConsumer
instanceKlass sun/security/ssl/CertificateVerify$T12CertificateVerifyProducer
instanceKlass java/nio/file/WatchKey
instanceKlass sun/security/ssl/CertificateVerify$T12CertificateVerifyConsumer
instanceKlass java/nio/file/WatchEvent$Modifier
instanceKlass java/nio/file/WatchEvent$Kind
instanceKlass sun/security/ssl/CertificateVerify$T10CertificateVerifyProducer
instanceKlass java/nio/file/WatchService
instanceKlass sun/security/ssl/CertificateVerify$T10CertificateVerifyConsumer
instanceKlass sun/security/ssl/CertificateVerify$S30CertificateVerifyProducer
instanceKlass sun/security/ssl/CertificateVerify$S30CertificateVerifyConsumer
instanceKlass sun/security/ssl/CertificateVerify
instanceKlass sun/security/ssl/ServerHelloDone$ServerHelloDoneProducer
instanceKlass sun/security/ssl/ServerHelloDone$ServerHelloDoneConsumer
instanceKlass sun/security/ssl/ServerHelloDone
instanceKlass sun/security/ssl/CertificateRequest$T13CertificateRequestProducer
instanceKlass org/codehaus/groovy/runtime/metaclass/MethodHelper
instanceKlass sun/security/ssl/CertificateRequest$T13CertificateRequestConsumer
instanceKlass sun/security/ssl/CertificateRequest$T12CertificateRequestProducer
instanceKlass sun/security/ssl/CertificateRequest$T12CertificateRequestConsumer
instanceKlass javax/script/Bindings
instanceKlass sun/security/ssl/CertificateRequest$T10CertificateRequestProducer
instanceKlass javax/script/ScriptContext
instanceKlass javax/script/ScriptEngineFactory
instanceKlass sun/security/ssl/CertificateRequest$T10CertificateRequestConsumer
instanceKlass sun/security/ssl/CertificateRequest
instanceKlass sun/security/ssl/ServerKeyExchange$ServerKeyExchangeProducer
instanceKlass sun/security/ssl/ServerKeyExchange$ServerKeyExchangeConsumer
instanceKlass org/codehaus/groovy/jsr223/ScriptStaticExtensions
instanceKlass sun/security/ssl/ServerKeyExchange
instanceKlass org/codehaus/groovy/runtime/XmlGroovyMethods
instanceKlass sun/security/ssl/CertificateMessage$T13CertificateProducer
instanceKlass org/codehaus/groovy/runtime/SwingGroovyMethods
instanceKlass sun/security/ssl/CertificateMessage$T13CertificateConsumer
instanceKlass sun/security/ssl/CertificateMessage$T12CertificateProducer
instanceKlass sun/security/ssl/CertificateMessage$T12CertificateConsumer
instanceKlass org/codehaus/groovy/runtime/SqlGroovyMethods
instanceKlass sun/security/ssl/CertificateMessage
instanceKlass sun/security/ssl/EncryptedExtensions$EncryptedExtensionsConsumer
instanceKlass sun/security/ssl/EncryptedExtensions$EncryptedExtensionsProducer
instanceKlass sun/security/ssl/EncryptedExtensions
instanceKlass sun/security/ssl/NewSessionTicket$T12NewSessionTicketProducer
instanceKlass sun/security/ssl/NewSessionTicket$T13NewSessionTicketProducer
instanceKlass  @bci jenkins/security/apitoken/ApiTokenStore <clinit> ()V 37 <appendix> argL0 ; # jenkins/security/apitoken/ApiTokenStore$$Lambda+0x00000256414b31a0
instanceKlass sun/security/ssl/NewSessionTicket$T12NewSessionTicketConsumer
instanceKlass sun/security/ssl/NewSessionTicket$T13NewSessionTicketConsumer
instanceKlass sun/security/ssl/NewSessionTicket
instanceKlass sun/security/ssl/HelloVerifyRequest$HelloVerifyRequestProducer
instanceKlass sun/security/ssl/HelloVerifyRequest$HelloVerifyRequestConsumer
instanceKlass sun/security/ssl/HelloVerifyRequest
instanceKlass sun/security/ssl/ServerHello$T13HelloRetryRequestConsumer
instanceKlass sun/security/ssl/ServerHello$T13ServerHelloConsumer
instanceKlass sun/security/ssl/ServerHello$T12ServerHelloConsumer
instanceKlass org/codehaus/groovy/jsr223/ScriptExtensions
instanceKlass sun/security/ssl/ServerHello$T13HelloRetryRequestReproducer
instanceKlass sun/security/ssl/ServerHello$T13HelloRetryRequestProducer
instanceKlass sun/security/ssl/ServerHello$T13ServerHelloProducer
instanceKlass  @bci hudson/model/User removeNullsThatFailedToLoad ()V 4 <appendix> argL0 ; # hudson/model/User$$Lambda+0x00000256414b2918
instanceKlass sun/security/ssl/ServerHello$T12ServerHelloProducer
instanceKlass org/codehaus/groovy/runtime/m12n/ExtensionModule
instanceKlass sun/security/ssl/ServerHello$ServerHelloConsumer
instanceKlass org/codehaus/groovy/runtime/m12n/PropertiesModuleFactory
instanceKlass sun/security/ssl/ServerHello
instanceKlass org/springframework/core/AttributeAccessorSupport
instanceKlass org/springframework/core/AttributeAccessor
instanceKlass sun/security/ssl/ClientHello$D13ClientHelloConsumer
instanceKlass sun/security/ssl/ClientHello$D12ClientHelloConsumer
instanceKlass sun/security/ssl/ClientHello$T13ClientHelloConsumer
instanceKlass org/codehaus/groovy/runtime/metaclass/MetaClassRegistryImpl$DefaultModuleListener
instanceKlass sun/security/ssl/ClientHello$T12ClientHelloConsumer
instanceKlass sun/security/ssl/HandshakeConsumer
instanceKlass org/springframework/beans/BeanMetadataElement
instanceKlass org/codehaus/groovy/runtime/m12n/ExtensionModuleScanner
instanceKlass sun/security/ssl/ClientHello$ClientHelloProducer
instanceKlass sun/security/ssl/ClientHello$ClientHelloConsumer
instanceKlass sun/security/ssl/ClientHello$ClientHelloKickstartProducer
instanceKlass sun/security/ssl/ClientHello
instanceKlass org/springframework/beans/MutablePropertyValues
instanceKlass sun/security/ssl/HelloRequest$HelloRequestProducer
instanceKlass sun/security/ssl/HelloRequest$HelloRequestConsumer
instanceKlass org/codehaus/groovy/runtime/DefaultGroovyStaticMethods
instanceKlass sun/security/ssl/HelloRequest$HelloRequestKickstartProducer
instanceKlass sun/security/ssl/SSLProducer
instanceKlass sun/security/ssl/HelloRequest
instanceKlass sun/security/ssl/HandshakeProducer
instanceKlass sun/security/ssl/SSLConsumer
instanceKlass java/lang/constant/ClassDesc
instanceKlass jenkins/security/AcegiSecurityExceptionFilter
instanceKlass hudson/security/UnwrapSecurityExceptionFilter
instanceKlass hudson/security/AccessDeniedHandlerImpl
instanceKlass  @bci org/springframework/security/web/access/ExceptionTranslationFilter$DefaultThrowableAnalyzer initExtractorMap ()V 7 <appendix> argL0 ; # org/springframework/security/web/access/ExceptionTranslationFilter$DefaultThrowableAnalyzer$$Lambda+0x00000256414aebe8
instanceKlass org/codehaus/groovy/runtime/RangeInfo
instanceKlass sun/security/ssl/Authenticator$MacImpl
instanceKlass  @bci org/springframework/security/web/util/ThrowableAnalyzer <clinit> ()V 16 <appendix> argL0 ; # org/springframework/security/web/util/ThrowableAnalyzer$$Lambda+0x00000256414ae768
instanceKlass  @bci org/springframework/security/web/util/ThrowableAnalyzer <clinit> ()V 8 <appendix> argL0 ; # org/springframework/security/web/util/ThrowableAnalyzer$$Lambda+0x00000256414ae558
instanceKlass sun/security/ssl/Authenticator$MAC
instanceKlass  @bci org/springframework/security/web/util/ThrowableAnalyzer <clinit> ()V 0 <appendix> argL0 ; # org/springframework/security/web/util/ThrowableAnalyzer$$Lambda+0x00000256414ae348
instanceKlass org/springframework/security/web/util/ThrowableCauseExtractor
instanceKlass sun/security/ssl/Authenticator
instanceKlass sun/security/ssl/SSLCipher$SSLReadCipher
instanceKlass sun/security/ssl/InputRecord
instanceKlass org/springframework/security/web/access/AccessDeniedHandlerImpl
instanceKlass sun/security/ssl/SSLRecord
instanceKlass sun/security/ssl/Record
instanceKlass javax/script/ScriptEngine
instanceKlass hudson/security/HudsonAuthenticationEntryPoint
instanceKlass sun/security/ssl/TransportContext
instanceKlass sun/security/ssl/ConnectionContext
instanceKlass org/springframework/security/web/util/ThrowableAnalyzer
instanceKlass sun/security/ssl/HandshakeHash$CacheOnlyHash
instanceKlass sun/security/ssl/HandshakeHash$TranscriptHash
instanceKlass sun/security/ssl/HandshakeHash
instanceKlass java/net/SocksConsts
instanceKlass sun/net/PlatformSocketImpl
instanceKlass  @bci org/springframework/security/web/authentication/SimpleUrlAuthenticationFailureHandler setDefaultFailureUrl (Ljava/lang/String;)V 5 <appendix> member <vmtarget> ; # org/springframework/security/web/authentication/SimpleUrlAuthenticationFailureHandler$$Lambda+0x00000256414aaac0
instanceKlass org/codehaus/groovy/ast/Variable
instanceKlass org/springframework/security/web/util/UrlUtils
instanceKlass org/codehaus/groovy/vmplugin/v5/Java5
instanceKlass org/springframework/security/web/authentication/session/AbstractSessionFixationProtectionStrategy$NullEventPublisher
instanceKlass org/codehaus/groovy/vmplugin/VMPlugin
instanceKlass org/springframework/context/ApplicationEventPublisher
instanceKlass sun/security/ssl/SSLTransport
instanceKlass org/springframework/security/web/authentication/session/AbstractSessionFixationProtectionStrategy
instanceKlass sun/net/www/http/KeepAliveKey
instanceKlass org/codehaus/groovy/vmplugin/VMPluginFactory
instanceKlass org/springframework/security/web/context/RequestAttributeSecurityContextRepository
instanceKlass sun/net/NetworkClient$1
instanceKlass sun/net/NetworkClient
instanceKlass org/springframework/security/web/authentication/SimpleUrlAuthenticationFailureHandler
instanceKlass org/springframework/security/web/util/matcher/AnyRequestMatcher
instanceKlass javax/net/ssl/HandshakeCompletedListener
instanceKlass org/springframework/security/web/savedrequest/HttpSessionRequestCache
instanceKlass sun/net/spi/DefaultProxySelector$3
instanceKlass sun/net/spi/DefaultProxySelector$NonProxyInfo
instanceKlass org/codehaus/groovy/runtime/NumberAwareComparator
instanceKlass sun/net/spi/DefaultProxySelector$1
instanceKlass sun/net/www/protocol/http/HttpURLConnection$7
instanceKlass org/springframework/http/HttpStatusCode
instanceKlass java/net/ResponseCache
instanceKlass sun/net/www/protocol/http/HttpURLConnection$3
instanceKlass org/springframework/security/web/DefaultRedirectStrategy
instanceKlass java/net/CookieHandler
instanceKlass sun/net/www/protocol/http/HttpURLConnection$2
instanceKlass sun/net/util/ProxyUtil
instanceKlass org/springframework/security/web/savedrequest/RequestCache
instanceKlass  @bci sun/net/www/protocol/http/AuthCacheImpl getAuthCacheFor (Ljava/net/Authenticator;)Lsun/net/www/protocol/http/AuthCacheImpl; 4 <appendix> argL0 ; # sun/net/www/protocol/http/AuthCacheImpl$$Lambda+0x00000256414d2150
instanceKlass sun/net/www/protocol/http/AuthCacheImpl
instanceKlass sun/net/www/protocol/http/AuthCache
instanceKlass org/springframework/security/web/RedirectStrategy
instanceKlass  @bci sun/net/www/protocol/http/HttpURLConnection getNetProperty (Ljava/lang/String;)Ljava/lang/String; 1 <appendix> member <vmtarget> ; # sun/net/www/protocol/http/HttpURLConnection$$Lambda+0x00000256414d1b00
instanceKlass org/springframework/security/web/authentication/AbstractAuthenticationTargetUrlRequestHandler
instanceKlass org/springframework/security/web/authentication/session/NullAuthenticatedSessionStrategy
instanceKlass  @bci org/springframework/security/web/authentication/AbstractAuthenticationProcessingFilter <init> (Lorg/springframework/security/web/util/matcher/RequestMatcher;)V 23 <appendix> argL0 ; # org/springframework/security/web/authentication/AbstractAuthenticationProcessingFilter$$Lambda+0x00000256414a5710
instanceKlass  @bci sun/security/ssl/SSLContextImpl engineInit ([Ljavax/net/ssl/KeyManager;[Ljavax/net/ssl/TrustManager;Ljava/security/SecureRandom;)V 57 <appendix> argL0 ; # sun/security/ssl/SSLContextImpl$$Lambda+0x00000256414d0870
instanceKlass org/springframework/security/web/authentication/AuthenticationConverter
instanceKlass javax/net/ssl/X509ExtendedKeyManager
instanceKlass javax/net/ssl/X509KeyManager
instanceKlass javax/net/ssl/KeyManager
instanceKlass org/springframework/security/web/servlet/util/matcher/PathPatternRequestMatcher$HttpMethodRequestMatcher
instanceKlass javax/net/ssl/KeyManagerFactorySpi
instanceKlass java/util/Comparators$NullComparator
instanceKlass  @bci javax/net/ssl/KeyManagerFactory getDefaultAlgorithm ()Ljava/lang/String; 0 <appendix> argL0 ; # javax/net/ssl/KeyManagerFactory$$Lambda+0x00000256414cf2e0
instanceKlass  @bci org/springframework/web/util/pattern/PathPattern <clinit> ()V 36 <appendix> argL0 ; # org/springframework/web/util/pattern/PathPattern$$Lambda+0x00000256414a50e8
instanceKlass javax/net/ssl/KeyManagerFactory
instanceKlass  @bci org/springframework/web/util/pattern/PathPattern <clinit> ()V 26 <appendix> argL0 ; # org/springframework/web/util/pattern/PathPattern$$Lambda+0x00000256414a4ed8
instanceKlass sun/security/ssl/SSLContextImpl$DefaultManagersHolder$1
instanceKlass  @bci org/springframework/web/util/pattern/PathPattern <clinit> ()V 16 <appendix> argL0 ; # org/springframework/web/util/pattern/PathPattern$$Lambda+0x00000256414a4cc8
instanceKlass javax/net/ssl/X509ExtendedTrustManager
instanceKlass javax/net/ssl/X509TrustManager
instanceKlass  @bci org/springframework/web/util/pattern/PathPattern <clinit> ()V 8 <appendix> argL0 ; # org/springframework/web/util/pattern/PathPattern$$Lambda+0x00000256414a4ab8
instanceKlass org/springframework/http/server/DefaultPathContainer$DefaultSeparator
instanceKlass sun/security/validator/TrustStoreUtil
instanceKlass org/springframework/http/server/PathContainer$Separator
instanceKlass org/springframework/http/server/PathContainer$PathSegment
instanceKlass org/springframework/http/server/PathContainer$Element
instanceKlass org/springframework/http/server/DefaultPathContainer
instanceKlass org/springframework/http/server/PathContainer
instanceKlass org/springframework/web/util/pattern/PathPattern
instanceKlass sun/security/x509/AccessDescription
instanceKlass org/springframework/util/MultiValueMapAdapter
instanceKlass org/codehaus/groovy/runtime/EncodingGroovyMethods
instanceKlass org/springframework/web/util/pattern/PathElement
instanceKlass org/springframework/web/util/pattern/InternalPathPatternParser
instanceKlass org/springframework/http/HttpMethod
instanceKlass org/springframework/http/server/PathContainer$Options
instanceKlass org/springframework/web/util/pattern/PathPatternParser
instanceKlass org/springframework/security/web/servlet/util/matcher/PathPatternRequestMatcher$Builder
instanceKlass org/springframework/security/web/servlet/util/matcher/PathPatternRequestMatcher
instanceKlass sun/security/x509/DNSName
instanceKlass sun/security/x509/URIName
instanceKlass sun/security/x509/DistributionPoint
instanceKlass org/springframework/security/web/util/matcher/RequestMatcher
instanceKlass sun/security/x509/NetscapeCertTypeExtension$MapEntry
instanceKlass org/springframework/context/ApplicationEventPublisherAware
instanceKlass java/security/cert/PolicyQualifierInfo
instanceKlass sun/security/x509/CertificatePolicyId
instanceKlass sun/security/x509/PolicyInformation
instanceKlass org/springframework/security/web/authentication/www/BasicAuthenticationEntryPoint
instanceKlass org/springframework/security/web/authentication/NullRememberMeServices
instanceKlass java/security/interfaces/ECPublicKey
instanceKlass jenkins/security/BasicHeaderProcessor
instanceKlass sun/security/x509/GeneralName
instanceKlass java/beans/PropertyEditor
instanceKlass sun/security/pkcs12/PKCS12KeyStore$Entry
instanceKlass org/springframework/core/env/Environment
instanceKlass org/springframework/core/env/PropertyResolver
instanceKlass org/springframework/core/io/ResourceLoader
instanceKlass org/springframework/beans/PropertyValues
instanceKlass jdk/internal/event/EventHelper$ThreadTrackHolder
instanceKlass jdk/internal/event/EventHelper
instanceKlass org/codehaus/groovy/runtime/DefaultGroovyMethodsSupport
instanceKlass org/springframework/web/filter/GenericFilterBean
instanceKlass sun/security/util/MemoryCache$CacheEntry
instanceKlass org/springframework/beans/factory/DisposableBean
instanceKlass sun/security/x509/GeneralNames
instanceKlass org/springframework/web/context/ServletContextAware
instanceKlass org/springframework/core/env/EnvironmentCapable
instanceKlass org/springframework/context/EnvironmentAware
instanceKlass sun/security/x509/KeyIdentifier
instanceKlass org/springframework/beans/factory/BeanNameAware
instanceKlass sun/security/x509/OIDMap$OIDInfo
instanceKlass sun/security/x509/PKIXExtensions
instanceKlass sun/security/x509/OIDMap
instanceKlass sun/security/x509/Extension
instanceKlass java/security/cert/Extension
instanceKlass sun/security/x509/CertificateExtensions
instanceKlass org/springframework/security/authentication/AuthenticationTrustResolverImpl
instanceKlass sun/security/rsa/RSAUtil
instanceKlass java/security/spec/PSSParameterSpec
instanceKlass jakarta/servlet/ServletResponseWrapper
instanceKlass java/security/spec/RSAPrivateKeySpec
instanceKlass java/security/spec/RSAPublicKeySpec
instanceKlass org/springframework/security/authentication/AuthenticationTrustResolver
instanceKlass org/springframework/security/core/context/DeferredSecurityContext
instanceKlass  @bci java/security/spec/EncodedKeySpec <clinit> ()V 0 <appendix> argL0 ; # java/security/spec/EncodedKeySpec$$Lambda+0x00000256414c6680
instanceKlass org/springframework/security/web/context/HttpSessionSecurityContextRepository
instanceKlass jdk/internal/access/JavaSecuritySpecAccess
instanceKlass java/security/spec/EncodedKeySpec
instanceKlass sun/security/util/BitArray
instanceKlass sun/security/x509/X509Key
instanceKlass sun/security/x509/CertificateX509Key
instanceKlass hudson/security/HudsonPrivateSecurityRealm$SignupInfo
instanceKlass sun/security/x509/CertificateValidity
instanceKlass sun/security/x509/AVA
instanceKlass sun/security/x509/RDN
instanceKlass  @bci hudson/Util isOverridden (Ljava/lang/Class;Ljava/lang/Class;Ljava/lang/String;[Ljava/lang/Class;)Z 101 <appendix> member <vmtarget> ; # hudson/Util$$Lambda+0x0000025641490818
instanceKlass javax/security/auth/x500/X500Principal
instanceKlass  @bci sun/security/x509/X500Name <clinit> ()V 153 <appendix> argL0 ; # sun/security/x509/X500Name$$Lambda+0x00000256414c4858
instanceKlass sun/security/x509/X500Name
instanceKlass sun/security/x509/GeneralNameInterface
instanceKlass  @bci hudson/security/AbstractPasswordBasedSecurityRealm createSecurityComponents ()Lhudson/security/SecurityRealm$SecurityComponents; 69 <appendix> member <vmtarget> ; # hudson/security/AbstractPasswordBasedSecurityRealm$$Lambda+0x0000025641490400
instanceKlass org/springframework/security/authentication/ProviderManager$NullEventPublisher
instanceKlass sun/security/x509/CertificateAlgorithmId
instanceKlass sun/security/x509/SerialNumber
instanceKlass sun/security/x509/CertificateSerialNumber
instanceKlass org/springframework/security/authentication/AuthenticationEventPublisher
instanceKlass sun/security/x509/CertificateVersion
instanceKlass sun/security/x509/X509CertInfo
instanceKlass org/springframework/security/authentication/ProviderManager
instanceKlass sun/security/util/Cache$EqualByteArray
instanceKlass org/springframework/security/authentication/AnonymousAuthenticationProvider
instanceKlass java/security/cert/CertificateFactorySpi
instanceKlass java/security/cert/CertificateFactory
instanceKlass org/springframework/security/authentication/RememberMeAuthenticationProvider
instanceKlass org/springframework/security/authentication/dao/AbstractUserDetailsAuthenticationProvider$DefaultPostAuthenticationChecks
instanceKlass sun/security/pkcs/ContentInfo
instanceKlass org/springframework/security/authentication/dao/AbstractUserDetailsAuthenticationProvider$DefaultPreAuthenticationChecks
instanceKlass sun/security/util/IOUtils
instanceKlass org/springframework/security/core/userdetails/cache/NullUserCache
instanceKlass sun/security/util/DerInputStream
instanceKlass sun/security/util/DerValue
instanceKlass org/springframework/security/core/userdetails/UserCache
instanceKlass org/springframework/security/authentication/dao/AbstractUserDetailsAuthenticationProvider
instanceKlass sun/security/action/OpenFileInputStreamAction
instanceKlass org/springframework/security/authentication/AuthenticationProvider
instanceKlass  @bci sun/security/util/KeyStoreDelegator <init> (Ljava/lang/String;Ljava/lang/Class;Ljava/lang/String;Ljava/lang/Class;)V 4 <appendix> argL0 ; # sun/security/util/KeyStoreDelegator$$Lambda+0x00000256414c18b8
instanceKlass  @bci hudson/model/User getAll ()Ljava/util/Collection; 17 <appendix> member <vmtarget> ; # hudson/model/User$$Lambda+0x000002564148dc80
instanceKlass hudson/security/HudsonPrivateSecurityRealm$2
instanceKlass java/security/KeyStoreSpi
instanceKlass  @bci java/security/KeyStore getDefaultType ()Ljava/lang/String; 0 <appendix> argL0 ; # java/security/KeyStore$$Lambda+0x00000256414c0620
instanceKlass sun/security/ssl/TrustStoreManager$TrustStoreDescriptor$1
instanceKlass sun/security/util/FilePaths
instanceKlass sun/security/ssl/TrustStoreManager$TrustStoreDescriptor
instanceKlass sun/security/ssl/TrustStoreManager$TrustAnchorManager
instanceKlass sun/security/ssl/TrustStoreManager
instanceKlass javax/net/ssl/TrustManagerFactorySpi
instanceKlass  @bci javax/net/ssl/TrustManagerFactory getDefaultAlgorithm ()Ljava/lang/String; 0 <appendix> argL0 ; # javax/net/ssl/TrustManagerFactory$$Lambda+0x000002564147f2a0
instanceKlass javax/net/ssl/TrustManagerFactory
instanceKlass sun/security/ssl/SSLContextImpl$DefaultManagersHolder
instanceKlass sun/security/util/Cache
instanceKlass sun/security/ssl/SSLSessionContextImpl
instanceKlass javax/net/ssl/SSLSessionContext
instanceKlass sun/security/ssl/EphemeralKeyManager$EphemeralKeyPair
instanceKlass sun/security/ssl/EphemeralKeyManager
instanceKlass java/lang/ProcessHandle
instanceKlass java/lang/ProcessHandle$Info
instanceKlass sun/security/ssl/SSLContextImpl$CustomizedSSLProtocols
instanceKlass java/security/spec/NamedParameterSpec
instanceKlass sun/security/util/ECKeySizeParameterSpec
instanceKlass org/codehaus/groovy/ast/ASTNode
instanceKlass java/security/AlgorithmParametersSpi
instanceKlass java/security/AlgorithmParameters
instanceKlass sun/security/util/ECUtil
instanceKlass groovyjarjarasm/asm/Opcodes
instanceKlass java/security/KeyPairGeneratorSpi
instanceKlass java/security/PrivateKey
instanceKlass java/security/KeyFactorySpi
instanceKlass java/security/KeyFactory
instanceKlass javax/crypto/KeyAgreement
instanceKlass java/security/interfaces/ECKey
instanceKlass org/codehaus/groovy/reflection/CachedClass$CachedMethodComparatorByName
instanceKlass java/security/Signature$1
instanceKlass org/codehaus/groovy/reflection/CachedMethod$MyComparator
instanceKlass jdk/internal/access/JavaSecuritySignatureAccess
instanceKlass java/security/SignatureSpi
instanceKlass org/codehaus/groovy/runtime/callsite/CallSite
instanceKlass sun/security/ssl/JsseJce$EcAvailability
instanceKlass sun/security/ssl/SSLAlgorithmDecomposer$1
instanceKlass org/codehaus/groovy/runtime/memoize/MemoizeCache
instanceKlass org/codehaus/groovy/reflection/CachedClass$3$1
instanceKlass java/util/LinkedList$ListItr
instanceKlass org/codehaus/groovy/reflection/stdclasses/CachedSAMClass$1
instanceKlass sun/security/ssl/Utilities
instanceKlass sun/security/ssl/JsseJce
instanceKlass sun/security/ssl/NamedGroup$XDHScheme
instanceKlass sun/security/ssl/NamedGroup$FFDHEScheme
instanceKlass org/codehaus/groovy/transform/trait/Traits$Implemented
instanceKlass sun/security/ssl/NamedGroup$ECDHEScheme
instanceKlass sun/security/ssl/NamedGroup$NamedGroupScheme
instanceKlass sun/security/ssl/SSLCipher$1
instanceKlass sun/security/ssl/SSLCipher$T13CC20P1305WriteCipherGenerator
instanceKlass sun/security/ssl/SSLCipher$T12CC20P1305WriteCipherGenerator
instanceKlass sun/security/ssl/SSLCipher$T13CC20P1305ReadCipherGenerator
instanceKlass sun/security/ssl/SSLCipher$T12CC20P1305ReadCipherGenerator
instanceKlass org/codehaus/groovy/util/ReferenceType$HardRef
instanceKlass sun/security/ssl/SSLCipher$T13GcmWriteCipherGenerator
instanceKlass sun/security/ssl/SSLCipher$T13GcmReadCipherGenerator
instanceKlass sun/security/ssl/SSLCipher$T12GcmWriteCipherGenerator
instanceKlass sun/security/ssl/SSLCipher$T12GcmReadCipherGenerator
instanceKlass java/util/Vector$1
instanceKlass  @bci javax/crypto/JceSecurityManager <clinit> ()V 67 <appendix> argL0 ; # javax/crypto/JceSecurityManager$$Lambda+0x00000256414749f8
instanceKlass  @bci javax/crypto/JceSecurityManager <clinit> ()V 49 <appendix> argL0 ; # javax/crypto/JceSecurityManager$$Lambda+0x00000256414747e8
instanceKlass javax/crypto/JceSecurityManager
instanceKlass sun/security/ssl/SSLCipher$T11BlockWriteCipherGenerator
instanceKlass sun/security/ssl/SSLCipher$T11BlockReadCipherGenerator
instanceKlass org/codehaus/groovy/util/ManagedReference
instanceKlass com/sun/crypto/provider/DESConstants
instanceKlass sun/security/ssl/SSLCipher$T10BlockWriteCipherGenerator
instanceKlass org/codehaus/groovy/reflection/ClassInfo$GlobalClassSet
instanceKlass sun/security/ssl/SSLCipher$T10BlockReadCipherGenerator
instanceKlass org/codehaus/groovy/util/AbstractConcurrentMap$Entry
instanceKlass org/codehaus/groovy/util/AbstractConcurrentMapBase$Entry
instanceKlass sun/security/ssl/SSLCipher$StreamWriteCipherGenerator
instanceKlass sun/security/ssl/SSLCipher$StreamReadCipherGenerator
instanceKlass sun/security/ssl/SSLCipher$NullWriteCipherGenerator
instanceKlass sun/security/ssl/SSLCipher$WriteCipherGenerator
instanceKlass sun/security/ssl/SSLCipher$NullReadCipherGenerator
instanceKlass sun/security/ssl/SSLCipher$ReadCipherGenerator
instanceKlass org/codehaus/groovy/util/AbstractConcurrentMapBase
instanceKlass org/codehaus/groovy/reflection/GroovyClassValuePreJava7
instanceKlass org/codehaus/groovy/reflection/GroovyClassValue
instanceKlass org/codehaus/groovy/reflection/GroovyClassValueFactory
instanceKlass org/codehaus/groovy/reflection/ClassInfo$1
instanceKlass org/codehaus/groovy/reflection/ClassInfo$Sentinel
instanceKlass  @bci sun/security/util/DisabledAlgorithmConstraints checkDisabledPatterns (Ljava/lang/String;)Z 17 <appendix> member <vmtarget> ; # sun/security/util/DisabledAlgorithmConstraints$$Lambda+0x00000256414716d8
instanceKlass sun/security/util/DisabledAlgorithmConstraints$Constraints$Holder
instanceKlass org/codehaus/groovy/reflection/CachedClass
instanceKlass org/codehaus/groovy/reflection/GroovyClassValue$ComputeValue
instanceKlass org/codehaus/groovy/reflection/ClassInfo
instanceKlass org/codehaus/groovy/util/Finalizable
instanceKlass org/codehaus/groovy/util/ComplexKeyHashMap$Entry
instanceKlass sun/security/util/DisabledAlgorithmConstraints$Constraint
instanceKlass org/codehaus/groovy/util/ComplexKeyHashMap$EntryIterator
instanceKlass org/codehaus/groovy/util/ComplexKeyHashMap
instanceKlass sun/security/util/DisabledAlgorithmConstraints$Constraints
instanceKlass org/codehaus/groovy/reflection/ReflectionCache
instanceKlass sun/security/util/AbstractAlgorithmConstraints$1
instanceKlass sun/security/util/AlgorithmDecomposer
instanceKlass groovy/lang/Buildable
instanceKlass java/lang/Process
instanceKlass sun/security/util/AbstractAlgorithmConstraints
instanceKlass groovy/lang/Writable
instanceKlass sun/security/ssl/SSLAlgorithmConstraints
instanceKlass java/security/AlgorithmConstraints
instanceKlass groovy/lang/MetaProperty
instanceKlass sun/security/ssl/SSLLogger
instanceKlass groovy/lang/ListWithDefault
instanceKlass org/springframework/security/crypto/bcrypt/BCrypt
instanceKlass javax/net/ssl/SSLContextSpi
instanceKlass javax/net/ssl/SSLContext
instanceKlass  @bci javax/net/ssl/SSLSocketFactory getSecurityProperty (Ljava/lang/String;)Ljava/lang/String; 1 <appendix> member <vmtarget> ; # javax/net/ssl/SSLSocketFactory$$Lambda+0x000002564146c168
instanceKlass javax/net/ssl/SSLSocketFactory$DefaultFactoryHolder
instanceKlass  @bci hudson/security/HudsonPrivateSecurityRealm generatePassword ()Ljava/lang/String; 37 <appendix> argL0 ; # hudson/security/HudsonPrivateSecurityRealm$$Lambda+0x0000025641458220
instanceKlass javax/net/SocketFactory
instanceKlass  @bci hudson/security/HudsonPrivateSecurityRealm generatePassword ()Ljava/lang/String; 32 <appendix> argL0 ; # hudson/security/HudsonPrivateSecurityRealm$$Lambda+0x0000025641458000
instanceKlass groovy/lang/Range
instanceKlass javax/net/ssl/HttpsURLConnection$DefaultHostnameVerifier
instanceKlass javax/net/ssl/HostnameVerifier
instanceKlass  @bci hudson/security/HudsonPrivateSecurityRealm generatePassword ()Ljava/lang/String; 27 <appendix> argL0 ; # hudson/security/HudsonPrivateSecurityRealm$$Lambda+0x0000025641455c48
instanceKlass  @bci hudson/security/HudsonPrivateSecurityRealm generatePassword ()Ljava/lang/String; 17 <appendix> argL0 ; # hudson/security/HudsonPrivateSecurityRealm$$Lambda+0x0000025641455800
instanceKlass  @cpi hudson/security/HudsonPrivateSecurityRealm 824 form vmentry <vmtarget> ; # java/lang/invoke/LambdaForm$DMH+0x0000025641455000
instanceKlass org/codehaus/groovy/reflection/GeneratedMetaMethod$DgmMethodRecord
instanceKlass groovy/lang/MetaClass
instanceKlass groovy/lang/MetaObjectProtocol
instanceKlass jdk/internal/util/random/RandomSupport$RandomSpliterator
instanceKlass java/net/URLEncoder
instanceKlass groovy/lang/MetaClassRegistry$MetaClassCreationHandle
instanceKlass jdk/internal/util/random/RandomSupport$AbstractSpliteratorGenerator
instanceKlass org/codehaus/groovy/runtime/m12n/ExtensionModuleRegistry
instanceKlass hudson/security/HudsonPrivateSecurityRealm$MultiPasswordEncoder
instanceKlass java/text/FieldPosition$Delegate
instanceKlass org/codehaus/groovy/util/Reference
instanceKlass  @bci org/springframework/security/crypto/bcrypt/BCryptPasswordEncoder <init> (Lorg/springframework/security/crypto/bcrypt/BCryptPasswordEncoder$BCryptVersion;ILjava/security/SecureRandom;)V 84 <appendix> argL0 ; # org/springframework/security/crypto/bcrypt/BCryptPasswordEncoder$$Lambda+0x0000025641456cd8
instanceKlass org/springframework/security/crypto/bcrypt/BCryptPasswordEncoder$SecureRandomHolder
instanceKlass org/springframework/security/crypto/password/AbstractValidatingPasswordEncoder
instanceKlass hudson/util/Messages
instanceKlass org/codehaus/groovy/util/ReferenceManager
instanceKlass hudson/util/Retrier
instanceKlass org/codehaus/groovy/util/ReferenceBundle
instanceKlass  @bci hudson/PluginManager doCheckUpdatesServer ()Lorg/kohsuke/stapler/HttpResponse; 55 <appendix> argL0 ; # hudson/PluginManager$$Lambda+0x00000256414521e8
instanceKlass  @bci hudson/PluginManager doCheckUpdatesServer ()Lorg/kohsuke/stapler/HttpResponse; 19 <appendix> argL0 ; # hudson/PluginManager$$Lambda+0x0000025641451fa8
instanceKlass org/codehaus/groovy/util/ManagedConcurrentLinkedQueue
instanceKlass  @bci hudson/PluginManager doCheckUpdatesServer ()Lorg/kohsuke/stapler/HttpResponse; 14 <appendix> member <vmtarget> ; # hudson/PluginManager$$Lambda+0x0000025641451b30
instanceKlass jenkins/security/FIPS140
instanceKlass hudson/util/Retrier$Builder
instanceKlass  @bci jdk/internal/reflect/MethodHandleIntegerFieldAccessorImpl getInt (Ljava/lang/Object;)I 20 <adapter> ; # java/lang/invoke/LambdaForm$MH+0x0000025641454c00
# instanceKlass java/lang/invoke/LambdaForm$MH+0x0000025641454800
instanceKlass org/codehaus/groovy/util/FastArray
instanceKlass java/util/Formatter$DateTime
instanceKlass jenkins/install/InstallUtil$ProviderChain
# instanceKlass java/lang/invoke/LambdaForm$MH+0x0000025641454400
instanceKlass  @bci hudson/model/AsyncPeriodicWork lambda$doRun$0 ()V 25 <appendix> member <vmtarget> ; # hudson/model/AsyncPeriodicWork$$Lambda+0x0000025641451070
instanceKlass  @bci jenkins/install/InstallUtil getNextInstallState (Ljenkins/install/InstallState;)Ljenkins/install/InstallState; 55 <appendix> member <vmtarget> ; # jenkins/install/InstallUtil$$Lambda+0x0000025641450510
# instanceKlass java/lang/invoke/LambdaForm$MH+0x0000025641454000
instanceKlass org/codehaus/groovy/reflection/ParameterTypes
instanceKlass hudson/model/UserIdMapper
instanceKlass hudson/model/NullTaskListener
instanceKlass groovy/lang/MetaClassRegistryChangeEventListener
instanceKlass org/codehaus/groovy/runtime/m12n/ExtensionModuleScanner$ExtensionModuleListener
instanceKlass jenkins/install/InstallStateFilter
instanceKlass org/codehaus/groovy/runtime/metaclass/MetaClassRegistryImpl
instanceKlass hudson/model/AsyncPeriodicWork$LazyTaskListener
instanceKlass groovy/lang/MetaClassRegistry
instanceKlass javax/crypto/MacSpi
instanceKlass groovy/lang/GroovySystem
instanceKlass  @bci hudson/model/AsyncPeriodicWork doRun ()V 76 <appendix> member <vmtarget> ; # hudson/model/AsyncPeriodicWork$$Lambda+0x000002564144b5c8
instanceKlass com/sun/crypto/provider/SunJCE$SecureRandomHolder
instanceKlass com/sun/crypto/provider/KeyGeneratorCore
instanceKlass javax/crypto/KeyGeneratorSpi
instanceKlass org/codehaus/groovy/runtime/InvokerHelper
instanceKlass javax/crypto/KeyGenerator
instanceKlass hudson/diagnosis/Messages
instanceKlass javax/crypto/Mac
instanceKlass  @bci sun/management/spi/PlatformMBeanProvider$PlatformComponent getMBeans (Ljava/lang/Class;)Ljava/util/List; 63 <appendix> member <vmtarget> ; # sun/management/spi/PlatformMBeanProvider$PlatformComponent$$Lambda+0x0000025641467830
instanceKlass  @bci hudson/model/Items$AllItemsIterable$AllItemsIterator hasNext ()Z 10 <appendix> member <vmtarget> ; # hudson/model/Items$AllItemsIterable$AllItemsIterator$$Lambda+0x000002564144f2b8
instanceKlass  @bci sun/management/spi/PlatformMBeanProvider$PlatformComponent getMBeans (Ljava/lang/Class;)Ljava/util/List; 47 <appendix> member <vmtarget> ; # sun/management/spi/PlatformMBeanProvider$PlatformComponent$$Lambda+0x00000256414675e8
instanceKlass hudson/model/Items$AllItemsIterable$AllItemsIterator
instanceKlass jenkins/util/groovy/GroovyHookScript
instanceKlass hudson/util/Iterators$1
instanceKlass  @bci jenkins/model/Jenkins getDescriptorList (Ljava/lang/Class;)Lhudson/DescriptorExtensionList; 6 <appendix> member <vmtarget> ; # jenkins/model/Jenkins$$Lambda+0x000002564144e318
instanceKlass  @bci java/lang/management/ManagementFactory getPlatformMXBeans (Ljava/lang/Class;)Ljava/util/List; 35 <appendix> member <vmtarget> ; # java/lang/management/ManagementFactory$$Lambda+0x00000256414673b0
instanceKlass hudson/model/Items$AllItemsIterable
instanceKlass  @bci java/lang/management/ManagementFactory$PlatformMBeanFinder findFirst (Ljava/lang/Class;)Lsun/management/spi/PlatformMBeanProvider$PlatformComponent; 19 <appendix> member <vmtarget> ; # java/lang/management/ManagementFactory$PlatformMBeanFinder$$Lambda+0x0000025641467168
instanceKlass  @bci hudson/model/Items allItems2 (Lorg/springframework/security/core/Authentication;Lhudson/model/ItemGroup;Ljava/lang/Class;)Ljava/lang/Iterable; 3 <appendix> argL0 ; # hudson/model/Items$$Lambda+0x000002564144de98
instanceKlass hudson/model/ComputerSet$1
instanceKlass  @bci hudson/util/Iterators reverse (Ljava/util/List;)Ljava/lang/Iterable; 1 <appendix> member <vmtarget> ; # hudson/util/Iterators$$Lambda+0x000002564144da48
instanceKlass  @bci jenkins/views/PartialHeader incompatibleHeaders ()V 18 <appendix> argL0 ; # jenkins/views/PartialHeader$$Lambda+0x000002564144d828
instanceKlass  @bci jenkins/views/PartialHeader incompatibleHeaders ()V 8 <appendix> argL0 ; # jenkins/views/PartialHeader$$Lambda+0x000002564144d5e8
instanceKlass  @bci hudson/model/Label matches (Ljava/util/Collection;)Z 2 <appendix> member <vmtarget> ; # hudson/model/Label$$Lambda+0x000002564144d3d0
instanceKlass  @bci jenkins/model/Jenkins trimLabels (Ljava/util/Set;)V 104 <appendix> member <vmtarget> ; # jenkins/model/Jenkins$$Lambda+0x000002564144d188
instanceKlass  @bci jenkins/model/Jenkins trimLabels (Ljava/util/Set;)V 24 <appendix> member <vmtarget> ; # jenkins/model/Jenkins$$Lambda+0x000002564144cf60
instanceKlass hudson/model/LabelFinder
instanceKlass hudson/util/XStream2$PassthruConverter
instanceKlass java/util/concurrent/ConcurrentSkipListMap$Iter
instanceKlass  @bci jenkins/model/Nodes lambda$load$15 (Ljava/util/Map;)V 26 <appendix> argL0 ; # jenkins/model/Nodes$$Lambda+0x000002564144c668
instanceKlass  @bci jenkins/model/Nodes lambda$load$15 (Ljava/util/Map;)V 6 <appendix> argL0 ; # jenkins/model/Nodes$$Lambda+0x000002564144c428
instanceKlass  @bci jenkins/model/Nodes load ()V 94 <appendix> member <vmtarget> ; # jenkins/model/Nodes$$Lambda+0x000002564144c210
instanceKlass  @bci jenkins/model/Nodes load ()V 6 <appendix> argL0 ; # jenkins/model/Nodes$$Lambda+0x000002564144c000
instanceKlass jenkins/views/Messages
instanceKlass jenkins/triggers/Messages
instanceKlass jenkins/tasks/filters/impl/Messages
instanceKlass jenkins/security/seed/Messages
instanceKlass jenkins/security/Messages
instanceKlass jenkins/mvn/Messages
instanceKlass jenkins/model/Messages
instanceKlass jenkins/install/Messages
instanceKlass jenkins/fingerprints/Messages
instanceKlass jenkins/console/Messages
instanceKlass hudson/views/Messages
instanceKlass hudson/triggers/Messages
instanceKlass hudson/tools/Messages
instanceKlass hudson/tasks/Messages
instanceKlass hudson/security/csrf/Messages
instanceKlass hudson/search/Messages
instanceKlass hudson/node_monitors/Messages
instanceKlass hudson/markup/Messages
instanceKlass jenkins/tasks/filters/EnvVarsFilterRuleContext
instanceKlass jenkins/security/apitoken/TokenUuidAndPlainValue
instanceKlass jenkins/security/apitoken/ApiTokenStore
instanceKlass jenkins/security/apitoken/ApiTokenStats
# instanceKlass java/lang/invoke/LambdaForm$MH+0x0000025641449000
# instanceKlass java/lang/invoke/LambdaForm$MH+0x0000025641448c00
# instanceKlass java/lang/invoke/LambdaForm$MH+0x0000025641448800
# instanceKlass java/lang/invoke/LambdaForm$BMH+0x0000025641448400
# instanceKlass java/lang/invoke/LambdaForm$DMH+0x0000025641448000
instanceKlass jenkins/install/SetupWizard$1
instanceKlass  @bci java/util/concurrent/Executors$AutoShutdownDelegatedExecutorService <init> (Ljava/util/concurrent/ExecutorService;)V 6 <appendix> member <vmtarget> ; # java/util/concurrent/Executors$AutoShutdownDelegatedExecutorService$$Lambda+0x0000025641466110
instanceKlass java/util/concurrent/Executors$DelegatedExecutorService
instanceKlass hudson/tools/DownloadFromUrlInstaller$Installable
instanceKlass hudson/model/DependencyGraph$Dependency
instanceKlass sun/security/util/ArrayUtil
instanceKlass com/sun/crypto/provider/PKCS5Padding
instanceKlass com/sun/crypto/provider/Padding
instanceKlass com/sun/crypto/provider/FeedbackCipher
instanceKlass com/sun/crypto/provider/SymmetricCipher
instanceKlass com/sun/crypto/provider/AESConstants
instanceKlass com/sun/crypto/provider/CipherCore
instanceKlass javax/crypto/CipherSpi
instanceKlass  @bci javax/crypto/ProviderVerifier isTrustedModule ()Z 61 <appendix> argL0 ; # javax/crypto/ProviderVerifier$$Lambda+0x00000256414639b0
instanceKlass javax/crypto/ProviderVerifier$1
instanceKlass javax/crypto/ProviderVerifier
instanceKlass javax/crypto/JceSecurity$3
instanceKlass javax/crypto/JceSecurity$2
instanceKlass java/net/spi/URLStreamHandlerProvider
instanceKlass java/net/URL$1
instanceKlass java/net/URL$2
instanceKlass java/net/URL$ThreadTrackHolder
instanceKlass java/util/Vector$Itr
instanceKlass javax/crypto/CryptoPolicyParser$CryptoPermissionEntry
instanceKlass javax/crypto/CryptoPolicyParser$GrantEntry
instanceKlass java/io/StreamTokenizer
instanceKlass javax/crypto/CryptoPolicyParser
instanceKlass javax/crypto/JceSecurity$1
instanceKlass javax/crypto/JceSecurity
instanceKlass sun/security/jca/ProviderList$ServiceList$1
instanceKlass sun/security/jca/ServiceId
instanceKlass javax/crypto/Cipher$Transform
instanceKlass hudson/security/captcha/CaptchaSupport
instanceKlass hudson/security/CliAuthenticator
instanceKlass javax/servlet/Filter
instanceKlass javax/servlet/FilterConfig
instanceKlass hudson/security/FederatedLoginService$FederatedIdentity
instanceKlass hudson/security/GroupDetails
instanceKlass hudson/security/PasswordHashEncoder
instanceKlass org/springframework/security/crypto/password/PasswordEncoder
instanceKlass hudson/security/SparseACL$Entry
instanceKlass  @bci hudson/model/listeners/SaveableListener fireOnChange (Lhudson/model/Saveable;Lhudson/XmlFile;)V 5 <appendix> member <vmtarget> ; # hudson/model/listeners/SaveableListener$$Lambda+0x0000025641440240
instanceKlass hudson/scm/RepositoryBrowser
instanceKlass hudson/scm/PollingResult
instanceKlass hudson/scm/ChangeLogParser
instanceKlass  @bci hudson/util/PrettyPrintWriter writeText (Ljava/lang/String;Z)V 6 <appendix> form vmentry <vmtarget> ; # java/lang/invoke/LambdaForm$DMH+0x000002564143ac00
instanceKlass  @bci hudson/model/queue/QueueSorter <clinit> ()V 0 <appendix> argL0 ; # hudson/model/queue/QueueSorter$$Lambda+0x000002564143b000
instanceKlass  @bci hudson/util/PrettyPrintWriter writeText (Ljava/lang/String;Z)V 6 <appendix> member <vmtarget> ; # hudson/util/PrettyPrintWriter$$Lambda+0x000002564143fd70
instanceKlass  @cpi hudson/util/PrettyPrintWriter 283 form vmentry <vmtarget> ; # java/lang/invoke/LambdaForm$DMH+0x000002564143a800
instanceKlass hudson/model/queue/QueueTaskFuture
instanceKlass hudson/model/queue/MappingWorksheet$ExecutorSlot
instanceKlass hudson/util/RobustReflectionConverter$1
# instanceKlass java/lang/invoke/LambdaForm$MH+0x000002564143a400
# instanceKlass java/lang/invoke/LambdaForm$MH+0x000002564143a000
instanceKlass  @bci jenkins/model/Jenkins getComputers ()[Lhudson/model/Computer; 22 <appendix> argL0 ; # jenkins/model/Jenkins$$Lambda+0x000002564143f0f0
instanceKlass  @bci jenkins/util/Listeners notify (Ljava/lang/Class;ZLjava/util/function/Consumer;)V 2 <appendix> member <vmtarget> ; # jenkins/util/Listeners$$Lambda+0x000002564143eed8
instanceKlass  @bci jenkins/model/Jenkins getComputers ()[Lhudson/model/Computer; 9 <appendix> argL0 ; # jenkins/model/Jenkins$$Lambda+0x000002564143eca8
instanceKlass com/thoughtworks/xstream/core/util/Fields
instanceKlass jenkins/util/Listeners
instanceKlass  @bci hudson/model/AbstractCIBase updateComputerList (ZLjava/util/Collection;)V 75 <appendix> argL0 ; # hudson/model/AbstractCIBase$$Lambda+0x000002564143e490
instanceKlass  @bci hudson/util/RobustReflectionConverter doMarshal (Ljava/lang/Object;Lcom/thoughtworks/xstream/io/HierarchicalStreamWriter;Lcom/thoughtworks/xstream/converters/MarshallingContext;)V 27 <appendix> member <vmtarget> ; # hudson/util/RobustReflectionConverter$$Lambda+0x000002564143e278
instanceKlass  @cpi hudson/util/RobustReflectionConverter 815 form vmentry <vmtarget> ; # java/lang/invoke/LambdaForm$DMH+0x0000025641439c00
instanceKlass com/thoughtworks/xstream/core/MapBackedDataHolder
instanceKlass hudson/remoting/AtmostOneThreadExecutor$Worker
instanceKlass  @bci jenkins/security/ImpersonatingExecutorService wrap (Ljava/util/concurrent/Callable;)Ljava/util/concurrent/Callable; 2 <appendix> member <vmtarget> ; # jenkins/security/ImpersonatingExecutorService$$Lambda+0x000002564143dc00
instanceKlass  @bci jenkins/util/AtmostOneTaskExecutor maybeRun ()V 19 <appendix> member <vmtarget> ; # jenkins/util/AtmostOneTaskExecutor$$Lambda+0x000002564143d9e8
instanceKlass java/util/concurrent/ForkJoinTask
instanceKlass java/util/concurrent/CompletableFuture$AsynchronousCompletionTask
instanceKlass jenkins/util/JSONSignatureValidator
instanceKlass java/util/concurrent/CompletableFuture$AltResult
instanceKlass hudson/util/Futures$1
instanceKlass hudson/util/Futures
instanceKlass hudson/util/CopyOnWriteList$1
instanceKlass com/thoughtworks/xstream/core/AbstractReferenceMarshaller$1
instanceKlass com/thoughtworks/xstream/core/ReferencingMarshallingContext
instanceKlass  @bci org/kohsuke/stapler/MetaClass camelize (Ljava/lang/String;)Ljava/lang/String; 13 <appendix> form vmentry <vmtarget> ; # java/lang/invoke/LambdaForm$MH+0x0000025641439800
# instanceKlass java/lang/invoke/LambdaForm$MH+0x0000025641439400
instanceKlass  @bci org/kohsuke/stapler/MetaClass camelize (Ljava/lang/String;)Ljava/lang/String; 13 <appendix> argL3 form vmentry <vmtarget> ; # java/lang/invoke/LambdaForm$MH+0x0000025641439000
# instanceKlass java/lang/invoke/LambdaForm$MH+0x0000025641438c00
instanceKlass com/thoughtworks/xstream/core/AbstractReferenceMarshaller$Id
instanceKlass jenkins/util/TimeDuration
# instanceKlass java/lang/invoke/LambdaForm$MH+0x0000025641438800
# instanceKlass java/lang/invoke/LambdaForm$MH+0x0000025641438400
instanceKlass com/thoughtworks/xstream/core/util/ObjectIdDictionary$IdWrapper
# instanceKlass java/lang/invoke/LambdaForm$MH+0x0000025641438000
instanceKlass  @bci org/kohsuke/stapler/MetaClass camelize (Ljava/lang/String;)Ljava/lang/String; 13 <appendix> argL1 form vmentry <vmtarget> ; # java/lang/invoke/LambdaForm$MH+0x0000025641435c00
instanceKlass com/thoughtworks/xstream/core/util/ObjectIdDictionary$Wrapper
# instanceKlass java/lang/invoke/LambdaForm$MH+0x0000025641435800
# instanceKlass java/lang/invoke/LambdaForm$MH+0x0000025641435400
# instanceKlass java/lang/invoke/LambdaForm$MH+0x0000025641435000
instanceKlass com/thoughtworks/xstream/io/path/Path
instanceKlass jenkins/model/menu/Group
instanceKlass  @bci hudson/util/XStream2$AssociatedConverterImpl findConverter (Ljava/lang/Class;)Lcom/thoughtworks/xstream/converters/Converter; 13 <appendix> member <vmtarget> ; # hudson/util/XStream2$AssociatedConverterImpl$$Lambda+0x0000025641433238
instanceKlass net/java/sezpoz/impl/SerEnumConst
instanceKlass hudson/slaves/WorkspaceList$Lease
instanceKlass net/java/sezpoz/impl/SerTypeConst
instanceKlass com/google/common/collect/SortedIterable
instanceKlass  @bci hudson/model/AbstractCIBase createNewComputerForNode (Lhudson/model/Node;Z)Lhudson/model/Computer; 37 <appendix> member <vmtarget> ; # hudson/model/AbstractCIBase$$Lambda+0x0000025641431a08
instanceKlass net/java/sezpoz/impl/SerAnnConst
instanceKlass  @bci hudson/model/AbstractCIBase updateComputerList (ZLjava/util/Collection;)V 18 <adapter> ; # java/lang/invoke/LambdaForm$MH+0x0000025641434c00
# instanceKlass java/lang/invoke/LambdaForm$DMH+0x0000025641434800
instanceKlass  @bci jenkins/security/ClassFilterImpl isLocationWhitelisted (Ljava/lang/String;)Z 5 <appendix> argL0 ; # jenkins/security/ClassFilterImpl$$Lambda+0x00000256414315d8
instanceKlass  @bci hudson/model/AbstractCIBase updateComputerList (ZLjava/util/Collection;)V 18 <appendix> form vmentry <vmtarget> ; # java/lang/invoke/LambdaForm$DMH+0x0000025641434400
instanceKlass  @bci hudson/model/AbstractCIBase updateComputerList (ZLjava/util/Collection;)V 18 <appendix> member <vmtarget> ; # hudson/model/AbstractCIBase$$Lambda+0x0000025641430d08
instanceKlass  @cpi hudson/model/AbstractCIBase 435 form vmentry <vmtarget> ; # java/lang/invoke/LambdaForm$DMH+0x0000025641434000
instanceKlass hudson/security/ChainedServletFilter2
instanceKlass hudson/remoting/Checksum
instanceKlass org/acegisecurity/ui/rememberme/RememberMeServices$1
instanceKlass  @bci java/lang/reflect/Proxy getProxyConstructor (Ljava/lang/Class;Ljava/lang/ClassLoader;[Ljava/lang/Class;)Ljava/lang/reflect/Constructor; 80 <appendix> argL0 ; # java/lang/reflect/Proxy$$Lambda+0x000002564137e690
instanceKlass org/acegisecurity/ui/rememberme/RememberMeServicesSpringImpl
instanceKlass hudson/remoting/IReadResolve
instanceKlass hudson/remoting/DaemonThreadFactory
instanceKlass org/acegisecurity/ui/rememberme/RememberMeServices
instanceKlass  @bci org/acegisecurity/userdetails/UserDetailsService fromSpring (Lorg/springframework/security/core/userdetails/UserDetailsService;)Lorg/acegisecurity/userdetails/UserDetailsService; 1 <appendix> member <vmtarget> ; # org/acegisecurity/userdetails/UserDetailsService$$Lambda+0x000002564142f278
instanceKlass hudson/remoting/NamingThreadFactory
instanceKlass org/acegisecurity/userdetails/UserDetailsService
instanceKlass hudson/scm/SCMRevisionState
instanceKlass  @bci org/acegisecurity/AuthenticationManager fromSpring (Lorg/springframework/security/authentication/AuthenticationManager;)Lorg/acegisecurity/AuthenticationManager; 1 <appendix> member <vmtarget> ; # org/acegisecurity/AuthenticationManager$$Lambda+0x000002564142e9a0
instanceKlass hudson/remoting/RemoteInvocationHandler$Unexporter
instanceKlass java/util/concurrent/atomic/AtomicReferenceFieldUpdater$AtomicReferenceFieldUpdaterImpl$1
instanceKlass org/acegisecurity/AuthenticationManager
instanceKlass java/util/concurrent/atomic/AtomicReferenceFieldUpdater
instanceKlass  @bci org/springframework/security/web/authentication/rememberme/AbstractRememberMeServices <init> (Ljava/lang/String;Lorg/springframework/security/core/userdetails/UserDetailsService;)V 79 <appendix> argL0 ; # org/springframework/security/web/authentication/rememberme/AbstractRememberMeServices$$Lambda+0x000002564142e368
instanceKlass jakarta/servlet/http/Cookie
instanceKlass hudson/model/Job$2
instanceKlass hudson/remoting/InternalCallable
instanceKlass org/springframework/security/core/authority/mapping/NullAuthoritiesMapper
instanceKlass hudson/remoting/RemoteInvocationHandler
instanceKlass org/springframework/security/web/authentication/WebAuthenticationDetailsSource
instanceKlass org/springframework/security/authentication/AccountStatusUserDetailsChecker
instanceKlass hudson/remoting/JarLoader
instanceKlass org/springframework/util/ObjectUtils
instanceKlass hudson/remoting/PipeWindow
instanceKlass jenkins/model/ParameterizedJobMixIn
instanceKlass hudson/remoting/forward/ListeningPort
instanceKlass org/jenkinsci/remoting/CallableDecorator
instanceKlass hudson/remoting/Command
instanceKlass org/springframework/context/support/MessageSourceAccessor
instanceKlass hudson/util/Graph
instanceKlass hudson/remoting/CommandTransport$CommandReceiver
instanceKlass hudson/widgets/HistoryWidget$Adapter
instanceKlass org/jenkinsci/remoting/util/AnonymousClassWarnings
instanceKlass org/springframework/context/support/MessageSourceSupport
instanceKlass  @bci jenkins/security/ClassFilterImpl isBlacklisted (Ljava/lang/Class;)Z 144 <appendix> member <vmtarget> ; # jenkins/security/ClassFilterImpl$$Lambda+0x00000256414215d8
instanceKlass com/thoughtworks/xstream/mapper/DynamicProxyMapper$DynamicProxy
instanceKlass org/springframework/context/HierarchicalMessageSource
instanceKlass org/springframework/context/MessageSource
instanceKlass com/thoughtworks/xstream/core/util/PrioritizedList$PrioritizedItemIterator
instanceKlass com/thoughtworks/xstream/io/ExtendedHierarchicalStreamWriterHelper
instanceKlass com/thoughtworks/xstream/core/util/Primitives
instanceKlass com/thoughtworks/xstream/core/util/Types
instanceKlass org/springframework/beans/factory/BeanClassLoaderAware
instanceKlass com/thoughtworks/xstream/io/WriterWrapper
instanceKlass jenkins/security/ImpersonatingUserDetailsService2
instanceKlass com/thoughtworks/xstream/io/path/PathTracker
instanceKlass com/thoughtworks/xstream/core/util/ObjectIdDictionary
instanceKlass hudson/AbstractMarkupText
instanceKlass com/thoughtworks/xstream/core/util/QuickWriter
instanceKlass org/springframework/security/core/authority/mapping/GrantedAuthoritiesMapper
instanceKlass org/springframework/security/core/userdetails/UserDetailsChecker
instanceKlass com/thoughtworks/xstream/core/util/Cloneables
instanceKlass org/springframework/security/web/authentication/rememberme/AbstractRememberMeServices
instanceKlass org/springframework/context/MessageSourceAware
instanceKlass org/springframework/beans/factory/Aware
instanceKlass com/thoughtworks/xstream/io/AbstractWriter
instanceKlass com/thoughtworks/xstream/io/ExtendedHierarchicalStreamWriter
instanceKlass org/springframework/security/web/authentication/logout/LogoutHandler
instanceKlass com/thoughtworks/xstream/io/xml/XmlFriendlyWriter
instanceKlass org/springframework/beans/factory/InitializingBean
instanceKlass hudson/model/Descriptor$Self
instanceKlass java/net/http/HttpClient
instanceKlass java/net/http/HttpRequest$Builder
instanceKlass java/net/http/HttpClient$Builder
instanceKlass  @bci hudson/security/SecurityRealm$None createSecurityComponents ()Lhudson/security/SecurityRealm$SecurityComponents; 9 <appendix> argL0 ; # hudson/security/SecurityRealm$None$$Lambda+0x0000025641424620
instanceKlass  @bci hudson/security/SecurityRealm$None createSecurityComponents ()Lhudson/security/SecurityRealm$SecurityComponents; 4 <appendix> argL0 ; # hudson/security/SecurityRealm$None$$Lambda+0x0000025641424410
instanceKlass java/net/Proxy
instanceKlass  @bci hudson/BulkChange <clinit> ()V 10 <appendix> argL0 ; # hudson/BulkChange$$Lambda+0x0000025641424200
instanceKlass hudson/security/SecurityRealm$SecurityComponents
instanceKlass hudson/BulkChange
instanceKlass com/google/inject/internal/ProviderInternalFactory$1
instanceKlass hudson/util/VariableResolver$ByMap
# instanceKlass java/lang/invoke/LambdaForm$MH+0x0000025641420800
instanceKlass  @bci hudson/model/UpdateSite <clinit> ()V 37 <appendix> argL0 ; # hudson/model/UpdateSite$$Lambda+0x000002564141f568
instanceKlass  @bci hudson/model/UpdateSite <clinit> ()V 29 <appendix> argL0 ; # hudson/model/UpdateSite$$Lambda+0x000002564141f328
instanceKlass com/google/inject/internal/SingleParameterInjector
instanceKlass com/google/inject/internal/ConstructorInjector$1
instanceKlass com/google/inject/internal/InjectorImpl$1
instanceKlass hudson/util/Iterators$5
instanceKlass hudson/util/Iterators
instanceKlass hudson/util/AdaptedIterator
instanceKlass  @bci jenkins/security/JettySameSiteCookieSetup setUpCookie ()V 63 <appendix> member <vmtarget> ; # jenkins/security/JettySameSiteCookieSetup$$Lambda+0x000002564141e1a0
instanceKlass jenkins/ExtensionFilter
instanceKlass jenkins/ProxyInjector
instanceKlass  @bci hudson/ExtensionFinder$GuiceFinder$SezpozModule onProvision (Lcom/google/inject/spi/ProvisionListener$ProvisionInvocation;)V 89 <appendix> member <vmtarget> ; # hudson/ExtensionFinder$GuiceFinder$SezpozModule$$Lambda+0x000002564141d2a0
instanceKlass javax/annotation/PostConstruct
instanceKlass  @bci hudson/ExtensionFinder getMethodAndInterfaceDeclarations (Ljava/lang/reflect/Method;Ljava/util/Collection;)Ljava/util/Collection; 64 <appendix> member <vmtarget> ; # hudson/ExtensionFinder$$Lambda+0x000002564141ce88
instanceKlass  @bci hudson/ExtensionFinder getMethodAndInterfaceDeclarations (Ljava/lang/reflect/Method;Ljava/util/Collection;)Ljava/util/Collection; 43 <appendix> member <vmtarget> ; # hudson/ExtensionFinder$$Lambda+0x000002564141cc40
instanceKlass  @bci hudson/ExtensionFinder getMethodAndInterfaceDeclarations (Ljava/lang/reflect/Method;Ljava/util/Collection;)Ljava/util/Collection; 32 <appendix> argL0 ; # hudson/ExtensionFinder$$Lambda+0x000002564141ca10
instanceKlass  @bci hudson/ExtensionFinder getMethodAndInterfaceDeclarations (Ljava/lang/reflect/Method;Ljava/util/Collection;)Ljava/util/Collection; 22 <appendix> argL0 ; # hudson/ExtensionFinder$$Lambda+0x000002564141c7e0
# instanceKlass java/lang/invoke/LambdaForm$MH+0x0000025641420400
# instanceKlass hudson/ExtensionFinder$$InjectedInvoker+0x0000025641420000
instanceKlass  @bci hudson/ExtensionFinder$GuiceFinder$SezpozModule onProvision (Lcom/google/inject/spi/ProvisionListener$ProvisionInvocation;)V 68 <appendix> argL0 ; # hudson/ExtensionFinder$GuiceFinder$SezpozModule$$Lambda+0x000002564141c5a0
instanceKlass  @bci hudson/ExtensionFinder$GuiceFinder$SezpozModule onProvision (Lcom/google/inject/spi/ProvisionListener$ProvisionInvocation;)V 58 <appendix> argL0 ; # hudson/ExtensionFinder$GuiceFinder$SezpozModule$$Lambda+0x000002564141c370
instanceKlass  @bci hudson/ExtensionFinder$GuiceFinder$SezpozModule onProvision (Lcom/google/inject/spi/ProvisionListener$ProvisionInvocation;)V 48 <appendix> member <vmtarget> ; # hudson/ExtensionFinder$GuiceFinder$SezpozModule$$Lambda+0x000002564141c138
instanceKlass java/util/IdentityHashMap$EntryIterator$Entry
instanceKlass org/springframework/util/ConcurrentReferenceHashMap$Reference
instanceKlass org/springframework/util/ConcurrentReferenceHashMap$ReferenceManager
instanceKlass org/springframework/util/ConcurrentReferenceHashMap$Task
instanceKlass org/springframework/util/ClassUtils
instanceKlass com/google/inject/internal/MembersInjectorImpl$1
instanceKlass com/google/inject/internal/InternalContext
instanceKlass com/google/inject/internal/Initializer$1
instanceKlass com/google/common/collect/AbstractMapBasedMultimap$AsMap$AsMapIterator
instanceKlass jenkins/widgets/JenkinsWidgetFactory$$FastClassByGuice$$1a47c5f4
instanceKlass jenkins/widgets/ExecutorsWidget$ViewFactoryImpl$$FastClassByGuice$$1a3a3bf2
instanceKlass jenkins/widgets/ExecutorsWidget$ComputerSetFactoryImpl$$FastClassByGuice$$1a26f504
instanceKlass jenkins/widgets/ExecutorsWidget$ComputerFactoryImpl$$FastClassByGuice$$1a13ec7a
instanceKlass jenkins/widgets/BuildQueueWidget$ViewFactoryImpl$$FastClassByGuice$$1a0a4d25
instanceKlass jenkins/widgets/BuildQueueWidget$ComputerSetFactoryImpl$$FastClassByGuice$$19f4b0ff
instanceKlass jenkins/websocket/WebSocketEcho$$FastClassByGuice$$19ea03e9
instanceKlass jenkins/views/ViewsTabBarUserProperty$DescriptorImpl$$FastClassByGuice$$19dae9c2
instanceKlass jenkins/views/JenkinsHeader$$FastClassByGuice$$19c843a9
instanceKlass jenkins/util/SystemProperties$AgentCopier$$FastClassByGuice$$19b0ab50
instanceKlass jenkins/util/DefaultScriptListener$$FastClassByGuice$$19afcee9
instanceKlass jenkins/triggers/ReverseBuildTrigger$RunListenerImpl$$FastClassByGuice$$19920256
instanceKlass jenkins/triggers/ReverseBuildTrigger$ItemListenerImpl$$FastClassByGuice$$1985b875
instanceKlass jenkins/triggers/ReverseBuildTrigger$DescriptorImpl$$FastClassByGuice$$1978baee
instanceKlass jenkins/tools/ToolConfigurationCategory$$FastClassByGuice$$196d7fbf
instanceKlass jenkins/tools/GlobalToolConfiguration$$FastClassByGuice$$195b5706
instanceKlass jenkins/telemetry/impl/UserLanguages$AcceptLanguageFilter$$FastClassByGuice$$194f95df
instanceKlass jenkins/telemetry/impl/UserLanguages$$FastClassByGuice$$193a76d8
instanceKlass jenkins/telemetry/impl/Uptime$$FastClassByGuice$$192ece79
instanceKlass jenkins/telemetry/impl/StaplerDispatches$$FastClassByGuice$$191e96d6
instanceKlass jenkins/telemetry/impl/SecuritySystemProperties$$FastClassByGuice$$190906ec
instanceKlass jenkins/telemetry/impl/SecurityConfiguration$$FastClassByGuice$$18fae7e8
instanceKlass jenkins/telemetry/impl/PasswordMasking$$FastClassByGuice$$18e6da29
instanceKlass jenkins/telemetry/impl/OptionalPermissions$$FastClassByGuice$$18d40935
instanceKlass jenkins/telemetry/impl/JavaSystemProperties$$FastClassByGuice$$18c942d4
instanceKlass jenkins/telemetry/impl/DistributedBuilds$$FastClassByGuice$$18bf430e
instanceKlass jenkins/telemetry/impl/ContentSecurityPolicy$$FastClassByGuice$$18a35eca
instanceKlass jenkins/telemetry/Telemetry$TelemetryReporter$$FastClassByGuice$$1899cd95
instanceKlass jenkins/telemetry/Correlator$$FastClassByGuice$$18856eef
instanceKlass jenkins/tasks/filters/impl/RetainVariablesLocalRule$DescriptorImpl$$FastClassByGuice$$187692dd
instanceKlass jenkins/tasks/filters/EnvVarsFilterGlobalConfiguration$$FastClassByGuice$$1866f416
instanceKlass jenkins/tasks/SimpleBuildStep$LastBuildActionFactory$$FastClassByGuice$$1855f565
instanceKlass jenkins/slaves/systemInfo/ThreadDumpSlaveInfo$$FastClassByGuice$$18480b2e
instanceKlass jenkins/slaves/systemInfo/SystemPropertySlaveInfo$$FastClassByGuice$$183eb730
instanceKlass jenkins/slaves/systemInfo/EnvVarsSlaveInfo$$FastClassByGuice$$182a564f
instanceKlass jenkins/slaves/systemInfo/ClassLoaderStatisticsSlaveInfo$$FastClassByGuice$$181197a8
instanceKlass jenkins/slaves/restarter/WinswSlaveRestarter$$FastClassByGuice$$180b7e08
instanceKlass jenkins/slaves/restarter/UnixSlaveRestarter$$FastClassByGuice$$17fec901
instanceKlass jenkins/slaves/restarter/JnlpSlaveRestarterInstaller$$FastClassByGuice$$17ef5685
instanceKlass jenkins/slaves/StandardOutputSwapper$$FastClassByGuice$$17d67084
instanceKlass jenkins/slaves/RemotingWorkDirSettings$DescriptorImpl$$FastClassByGuice$$17cb3ef3
instanceKlass jenkins/slaves/NioChannelSelector$$FastClassByGuice$$17b2404e
instanceKlass jenkins/slaves/JnlpSlaveAgentProtocol4$$FastClassByGuice$$17a83988
instanceKlass jenkins/slaves/IOHubProvider$$FastClassByGuice$$179e68cf
instanceKlass jenkins/slaves/DefaultJnlpSlaveReceiver$$FastClassByGuice$$178dd613
instanceKlass jenkins/security/stapler/StaticRoutingDecisionProvider$$FastClassByGuice$$1776bd3d
instanceKlass jenkins/security/seed/UserSeedSecurityListener$$FastClassByGuice$$176f52ed
instanceKlass jenkins/security/seed/UserSeedProperty$DescriptorImpl$$FastClassByGuice$$175326c8
instanceKlass jenkins/security/s2m/JarURLValidatorImpl$$FastClassByGuice$$174a0ecb
instanceKlass jenkins/security/s2m/CallableDirectionChecker$ChannelConfiguratorImpl$$FastClassByGuice$$173d1924
instanceKlass jenkins/security/s2m/AdminWhitelistRule$$FastClassByGuice$$172fb06b
instanceKlass jenkins/security/csrf/CSRFAdministrativeMonitor$$FastClassByGuice$$1712c1f0
instanceKlass jenkins/security/csp/impl/UserAvatarContributor$$FastClassByGuice$$170ea843
instanceKlass jenkins/security/csp/impl/SystemPropertyHeaderDecider$$FastClassByGuice$$16fc8d4c
instanceKlass jenkins/security/csp/impl/ReportingAction$CrumbExclusionImpl$$FastClassByGuice$$16e8fde7
instanceKlass jenkins/security/csp/impl/ReportingAction$$FastClassByGuice$$16d224cf
instanceKlass jenkins/security/csp/impl/LoggingReceiver$$FastClassByGuice$$16c69fdd
instanceKlass jenkins/security/csp/impl/FallbackDecider$$FastClassByGuice$$16b0c131
instanceKlass jenkins/security/csp/impl/DevelopmentHeaderDecider$$FastClassByGuice$$16a97a3f
instanceKlass jenkins/security/csp/impl/CspRecommendation$$FastClassByGuice$$1698ae0c
instanceKlass jenkins/security/csp/impl/CspDecorator$$FastClassByGuice$$16828c81
instanceKlass jenkins/security/csp/impl/CspConfiguration$ConfigurationHeaderDecider$$FastClassByGuice$$167a4e67
instanceKlass jenkins/security/csp/impl/CspConfiguration$$FastClassByGuice$$166f7744
instanceKlass jenkins/security/csp/impl/CompatibleContributor$$FastClassByGuice$$165ba176
instanceKlass jenkins/security/csp/impl/BaseContributor$$FastClassByGuice$$164a99e8
instanceKlass jenkins/security/csp/AvatarContributor$$FastClassByGuice$$163b6689
instanceKlass jenkins/security/apitoken/LegacyApiTokenAdministrativeMonitor$$FastClassByGuice$$162a297c
instanceKlass jenkins/security/apitoken/ApiTokenPropertyEnabledNewLegacyAdministrativeMonitor$$FastClassByGuice$$1614eecf
instanceKlass jenkins/security/apitoken/ApiTokenPropertyDisabledDefaultAdministrativeMonitor$$FastClassByGuice$$160b12ce
instanceKlass jenkins/security/apitoken/ApiTokenPropertyConfiguration$$FastClassByGuice$$15fd4780
instanceKlass jenkins/security/UserDetailsCache$$FastClassByGuice$$15e1feb3
instanceKlass jenkins/security/UpdateSiteWarningsMonitor$$FastClassByGuice$$15da34f8
instanceKlass jenkins/security/UpdateSiteWarningsConfiguration$$FastClassByGuice$$15c12e0e
instanceKlass jenkins/security/SecureRequester$Default$$FastClassByGuice$$15b91fe2
instanceKlass jenkins/security/ResourceDomainRootAction$$FastClassByGuice$$15ab6ba1
instanceKlass jenkins/security/ResourceDomainRecommendation$$FastClassByGuice$$159a0ce3
instanceKlass jenkins/security/ResourceDomainFilter$$FastClassByGuice$$15840464
instanceKlass jenkins/security/ResourceDomainConfiguration$$FastClassByGuice$$15742255
instanceKlass jenkins/security/QueueItemAuthenticatorConfiguration$ProviderImpl$$FastClassByGuice$$15629cfd
instanceKlass jenkins/security/QueueItemAuthenticatorConfiguration$$FastClassByGuice$$15504155
instanceKlass jenkins/security/LastGrantedAuthoritiesProperty$SecurityListenerImpl$$FastClassByGuice$$154f13ad
instanceKlass jenkins/security/LastGrantedAuthoritiesProperty$DescriptorImpl$$FastClassByGuice$$15337741
instanceKlass jenkins/security/FrameOptionsPageDecorator$$FastClassByGuice$$15230b12
instanceKlass jenkins/security/ExtendedReadSecretRedaction$$FastClassByGuice$$15192b80
instanceKlass jenkins/security/CustomClassFilter$Static$$FastClassByGuice$$150ea894
instanceKlass jenkins/security/CustomClassFilter$Contributed$$FastClassByGuice$$14f59265
instanceKlass jenkins/security/BasicHeaderRealPasswordAuthenticator$$FastClassByGuice$$14ee5534
instanceKlass jenkins/security/BasicHeaderApiTokenAuthenticator$$FastClassByGuice$$14da0fa4
instanceKlass jenkins/security/ApiTokenProperty$DescriptorImpl$$FastClassByGuice$$14c8826f
instanceKlass jenkins/security/ApiCrumbExclusion$$FastClassByGuice$$14b94417
instanceKlass jenkins/search/SearchGroup$ViewSearchGroup$$FastClassByGuice$$14a28366
instanceKlass jenkins/search/SearchGroup$UserSearchGroup$$FastClassByGuice$$14924117
instanceKlass jenkins/search/SearchGroup$UnclassifiedSearchGroup$$FastClassByGuice$$1481cedc
instanceKlass jenkins/search/SearchGroup$ItemSearchGroup$$FastClassByGuice$$1470418e
instanceKlass jenkins/search/SearchGroup$ComputerSearchGroup$$FastClassByGuice$$146193c2
instanceKlass jenkins/scm/DefaultSCMCheckoutStrategyImpl$DescriptorImpl$$FastClassByGuice$$145ab83e
instanceKlass jenkins/run/OverviewTabFactory$$FastClassByGuice$$14456f17
instanceKlass jenkins/run/ConsoleTabFactory$$FastClassByGuice$$143b4c3e
instanceKlass jenkins/run/ChangesTabFactory$$FastClassByGuice$$1429b20c
instanceKlass jenkins/mvn/GlobalMavenConfig$$FastClassByGuice$$14165234
instanceKlass jenkins/mvn/FilePathSettingsProvider$DescriptorImpl$$FastClassByGuice$$140c6fa0
instanceKlass jenkins/mvn/FilePathGlobalSettingsProvider$DescriptorImpl$$FastClassByGuice$$13f07e44
instanceKlass jenkins/mvn/DefaultSettingsProvider$DescriptorImpl$$FastClassByGuice$$13eaa14c
instanceKlass jenkins/mvn/DefaultGlobalSettingsProvider$DescriptorImpl$$FastClassByGuice$$13db2d23
instanceKlass jenkins/monitor/OperatingSystemEndOfLifeAdminMonitor$$FastClassByGuice$$13cb79c3
instanceKlass jenkins/monitor/JavaVersionRecommendationAdminMonitor$$FastClassByGuice$$13b33074
instanceKlass jenkins/model/run/StopRunAction$$FastClassByGuice$$13a2eb37
instanceKlass jenkins/model/run/KeepRunAction$$FastClassByGuice$$13996163
instanceKlass jenkins/model/run/EditRunAction$$FastClassByGuice$$138060d9
instanceKlass jenkins/model/queue/ItemDeletion$$FastClassByGuice$$137e3435
instanceKlass jenkins/model/navigation/UserAction$$FastClassByGuice$$13630c54
instanceKlass jenkins/model/navigation/SearchAction$$FastClassByGuice$$13575214
instanceKlass jenkins/model/menu/action/DeleteAction$RunFactory$$FastClassByGuice$$13414ea2
instanceKlass jenkins/model/menu/action/DeleteAction$JobFactory$$FastClassByGuice$$133ed938
instanceKlass jenkins/model/lazy/LazyBuildMixIn$ItemListenerImpl$$FastClassByGuice$$132ce797
instanceKlass jenkins/model/lazy/BuildReference$DefaultHolderFactory$$FastClassByGuice$$131f95fd
instanceKlass jenkins/model/job/WorkspaceAction$Factory$$FastClassByGuice$$130f9227
instanceKlass jenkins/model/job/PermalinksAction$Factory$$FastClassByGuice$$12f18654
instanceKlass jenkins/model/job/ConfigureJobAction$Factory$$FastClassByGuice$$12ef7d6d
instanceKlass jenkins/model/job/BuildJobAction$Factory$$FastClassByGuice$$12d5dbea
instanceKlass jenkins/model/item_category/StandaloneProjectsCategory$$FastClassByGuice$$12c24ca9
instanceKlass jenkins/model/item_category/NestedProjectsCategory$$FastClassByGuice$$12bfe64a
instanceKlass jenkins/model/item_category/ItemCategory$UncategorizedCategory$$FastClassByGuice$$12a0b9a8
instanceKlass jenkins/model/identity/IdentityRootAction$$FastClassByGuice$$1294d0e5
instanceKlass jenkins/model/experimentalflags/UserExperimentalFlagsProperty$DescriptorImpl$$FastClassByGuice$$12825897
instanceKlass jenkins/model/experimentalflags/NewManageJenkinsUserExperimentalFlag$$FastClassByGuice$$12706c3e
instanceKlass jenkins/model/experimentalflags/NewJobPageUserExperimentalFlag$$FastClassByGuice$$1265c303
instanceKlass jenkins/model/experimentalflags/NewDashboardPageUserExperimentalFlag$$FastClassByGuice$$12589f25
instanceKlass jenkins/model/experimentalflags/NewBuildPageUserExperimentalFlag$$FastClassByGuice$$1240dd4e
instanceKlass jenkins/model/details/GeneralDetailGroup$$FastClassByGuice$$1232fbc3
instanceKlass jenkins/model/Uptime$$FastClassByGuice$$1222eb4f
instanceKlass jenkins/model/TransientActionFactory$Cache$$FastClassByGuice$$121865f0
instanceKlass jenkins/model/SimpleGlobalBuildDiscarderStrategy$DescriptorImpl$$FastClassByGuice$$120b411f
instanceKlass jenkins/model/RenameAction$TransientActionFactoryImpl$$FastClassByGuice$$11faacc6
instanceKlass jenkins/model/ProjectNamingStrategy$PatternProjectNamingStrategy$DescriptorImpl$$FastClassByGuice$$11e1662a
instanceKlass jenkins/model/ProjectNamingStrategy$DefaultProjectNamingStrategy$DescriptorImpl$$FastClassByGuice$$11dc9b0b
instanceKlass jenkins/model/PeopleRedirect$TransientFactory$$FastClassByGuice$$11ca4777
instanceKlass jenkins/model/PeepholePermalink$RunListenerImpl$$FastClassByGuice$$11b97273
instanceKlass jenkins/model/PeepholePermalink$DefaultCache$$FastClassByGuice$$11a23ef6
instanceKlass jenkins/model/ParameterizedJobMixIn$ParameterizedJob$ParameterizedDetailFactory$$FastClassByGuice$$119995a3
instanceKlass jenkins/model/Nodes$ScheduleMaintenanceAfterSavingNode$$FastClassByGuice$$1183f49f
instanceKlass jenkins/model/JobGlobalBuildDiscarderStrategy$DescriptorImpl$$FastClassByGuice$$117a9ec3
instanceKlass jenkins/model/JenkinsLocationConfiguration$$FastClassByGuice$$1169b017
instanceKlass jenkins/model/Jenkins$MasterRestartNotifyier$$FastClassByGuice$$115f6e89
instanceKlass jenkins/model/Jenkins$EnforceSlaveAgentPortAdministrativeMonitor$$FastClassByGuice$$114666bb
instanceKlass com/google/inject/internal/SingleFieldInjector
instanceKlass com/google/inject/spi/Dependency
instanceKlass com/google/inject/internal/Nullability
instanceKlass jenkins/model/IdStrategy$CaseSensitiveEmailAddress$DescriptorImpl$$FastClassByGuice$$113c6384
instanceKlass jenkins/model/IdStrategy$CaseSensitive$DescriptorImpl$$FastClassByGuice$$1123e827
instanceKlass jenkins/model/IdStrategy$CaseInsensitive$DescriptorImpl$$FastClassByGuice$$111a13b1
instanceKlass jenkins/model/GlobalSCMRetryCountConfiguration$$FastClassByGuice$$110bf16c
instanceKlass jenkins/model/GlobalQuietPeriodConfiguration$$FastClassByGuice$$10f4a69d
instanceKlass jenkins/model/GlobalProjectNamingStrategyConfiguration$$FastClassByGuice$$10ea6b6d
instanceKlass jenkins/model/GlobalPluginConfiguration$$FastClassByGuice$$10db02df
instanceKlass jenkins/model/GlobalNodePropertiesConfiguration$$FastClassByGuice$$10c371f6
instanceKlass jenkins/model/GlobalConfigurationCategory$Unclassified$$FastClassByGuice$$10bd2f5f
instanceKlass jenkins/model/GlobalConfigurationCategory$Security$$FastClassByGuice$$10a5d563
instanceKlass jenkins/model/GlobalComputerRetentionCheckIntervalConfiguration$$FastClassByGuice$$109900a3
instanceKlass jenkins/model/GlobalBuildDiscarderListener$$FastClassByGuice$$1085fbf7
instanceKlass jenkins/model/GlobalBuildDiscarderConfiguration$$FastClassByGuice$$107c59e7
instanceKlass jenkins/model/DefaultUserCanonicalIdResolver$$FastClassByGuice$$106adf93
instanceKlass  @bci com/google/inject/internal/aop/ImmutableStringTrie buildTrie (Ljava/util/Collection;)Ljava/util/function/ToIntFunction; 38 <appendix> argL0 ; # com/google/inject/internal/aop/ImmutableStringTrie$$Lambda+0x00000256413fdb60
instanceKlass jenkins/model/DefaultSimplePageDecorator$$FastClassByGuice$$105050af
instanceKlass jenkins/model/CoreEnvironmentContributor$$FastClassByGuice$$104cf531
instanceKlass jenkins/model/BuiltInNodeMigration$$FastClassByGuice$$103e3ece
instanceKlass jenkins/model/BuildDiscarderProperty$DescriptorImpl$$FastClassByGuice$$10233637
instanceKlass jenkins/model/BuildDiscarderProperty$ConditionallyHidden$$FastClassByGuice$$101f30db
instanceKlass jenkins/model/BackgroundGlobalBuildDiscarder$$FastClassByGuice$$10016472
instanceKlass jenkins/model/AssetManager$$FastClassByGuice$$ff8596a
instanceKlass jenkins/model/ArtifactManagerConfiguration$$FastClassByGuice$$fe0db5d
instanceKlass jenkins/management/SystemLogLink$$FastClassByGuice$$fdec732
instanceKlass jenkins/management/SystemInfoLink$$FastClassByGuice$$fc17662
instanceKlass jenkins/management/StatisticsLink$$FastClassByGuice$$fb419a3
instanceKlass jenkins/management/ShutdownLink$$FastClassByGuice$$faac644
instanceKlass jenkins/management/ReloadLink$$FastClassByGuice$$f95e68d
instanceKlass jenkins/management/PluginsUpdatesLink$$FastClassByGuice$$f850ee1
instanceKlass jenkins/management/PluginsLink$$FastClassByGuice$$f76fcb6
instanceKlass jenkins/management/PluginsInstalledLink$$FastClassByGuice$$f62f2c7
instanceKlass jenkins/management/PluginsDownloadProgressLink$$FastClassByGuice$$f526595
instanceKlass jenkins/management/PluginsAvailableLink$$FastClassByGuice$$f460d06
instanceKlass jenkins/management/NodesLink$$FastClassByGuice$$f3e16ec
instanceKlass jenkins/management/ConsoleLink$$FastClassByGuice$$f2ba1e1
instanceKlass jenkins/management/ConfigureLink$$FastClassByGuice$$f175f66
instanceKlass jenkins/management/CliLink$$FastClassByGuice$$f03c237
instanceKlass jenkins/management/AdministrativeMonitorsConfiguration$$FastClassByGuice$$ef14af5
instanceKlass jenkins/job/OverviewTabFactory$$FastClassByGuice$$ee27697
instanceKlass jenkins/install/SetupWizard$$FastClassByGuice$$edaa737
instanceKlass jenkins/health/HealthCheckAction$$FastClassByGuice$$ec4c15b
instanceKlass jenkins/formelementpath/FormElementPathPageDecorator$$FastClassByGuice$$ebadbdf
instanceKlass jenkins/fingerprints/GlobalFingerprintConfiguration$$FastClassByGuice$$eae6a6a
instanceKlass jenkins/fingerprints/FileFingerprintStorage$DescriptorImpl$$FastClassByGuice$$e90cb95
instanceKlass jenkins/fingerprints/FileFingerprintStorage$$FastClassByGuice$$e8ee608
instanceKlass jenkins/diagnostics/URICheckEncodingMonitor$$FastClassByGuice$$e737660
instanceKlass jenkins/diagnostics/SecurityIsOffMonitor$$FastClassByGuice$$e61f769
instanceKlass jenkins/diagnostics/RootUrlNotSetMonitor$$FastClassByGuice$$e58eb17
instanceKlass jenkins/diagnostics/ControllerExecutorsNoAgents$$FastClassByGuice$$e4a0252
instanceKlass jenkins/diagnostics/ControllerExecutorsAgents$$FastClassByGuice$$e3ffc67
instanceKlass jenkins/diagnostics/CompletedInitializationMonitor$HealthCheckImpl$$FastClassByGuice$$e21c96e
instanceKlass jenkins/diagnostics/CompletedInitializationMonitor$$FastClassByGuice$$e15c2b2
instanceKlass jenkins/diagnosis/MemoryUsageMonitorAction$$FastClassByGuice$$e0282d5
instanceKlass jenkins/diagnosis/HsErrPidList$$FastClassByGuice$$df31f8d
instanceKlass jenkins/console/DefaultConsoleUrlProvider$DescriptorImpl$$FastClassByGuice$$de29378
instanceKlass jenkins/console/ConsoleUrlProviderUserProperty$DescriptorImpl$$FastClassByGuice$$dd34cc3
instanceKlass jenkins/console/ConsoleUrlProviderGlobalConfiguration$$FastClassByGuice$$dca38b4
instanceKlass jenkins/cli/listeners/DefaultCLIListener$$FastClassByGuice$$db2fc3e
instanceKlass jenkins/cli/StopBuildsCommand$$FastClassByGuice$$da4e7ee
instanceKlass jenkins/cli/SafeRestartCommand$$FastClassByGuice$$d9e202e
instanceKlass jenkins/appearance/AppearanceGlobalConfiguration$$FastClassByGuice$$d858933
instanceKlass jenkins/appearance/AppearanceCategory$$FastClassByGuice$$d7e1405
instanceKlass jenkins/agents/WebSocketAgents$$FastClassByGuice$$d69059a
instanceKlass jenkins/agents/CloudsLink$$FastClassByGuice$$d568597
instanceKlass jenkins/agents/CloudSet$DescriptorImpl$$FastClassByGuice$$d4f6cb0
instanceKlass jenkins/UserAgentURLConnectionDecorator$$FastClassByGuice$$d388c56
instanceKlass jenkins/I18n$$FastClassByGuice$$d2fa2ca
instanceKlass jenkins/DailyCheck$$FastClassByGuice$$d1f418c
instanceKlass hudson/widgets/HistoryWidget$FactoryImpl$$FastClassByGuice$$d07572a
instanceKlass hudson/widgets/BuildHistoryWidget$FactoryImpl$$FastClassByGuice$$cffe100
instanceKlass hudson/views/WeatherColumn$DescriptorImpl$$FastClassByGuice$$cedb7ea
instanceKlass hudson/views/ViewsTabBar$GlobalConfigurationImpl$$FastClassByGuice$$cda2abd
instanceKlass hudson/views/StatusFilter$StatusFilterDescriptor$$FastClassByGuice$$ccf192c
instanceKlass hudson/views/StatusColumn$DescriptorImpl$$FastClassByGuice$$cbbb50a
instanceKlass hudson/views/MyViewsTabBar$GlobalConfigurationImpl$$FastClassByGuice$$ca20e61
instanceKlass hudson/views/LastSuccessColumn$DescriptorImpl$$FastClassByGuice$$c9cee13
instanceKlass hudson/views/LastStableColumn$DescriptorImpl$$FastClassByGuice$$c899254
instanceKlass hudson/views/LastFailureColumn$DescriptorImpl$$FastClassByGuice$$c78c344
instanceKlass hudson/views/LastDurationColumn$DescriptorImpl$$FastClassByGuice$$c6622ab
instanceKlass hudson/views/JobColumn$DescriptorImpl$$FastClassByGuice$$c5922a3
instanceKlass hudson/views/GlobalDefaultViewConfiguration$$FastClassByGuice$$c439666
instanceKlass hudson/views/DefaultViewsTabBar$DescriptorImpl$$FastClassByGuice$$c37748a
instanceKlass hudson/views/DefaultMyViewsTabBar$DescriptorImpl$$FastClassByGuice$$c2aba51
instanceKlass hudson/views/BuildButtonColumn$DescriptorImpl$$FastClassByGuice$$c13695f
instanceKlass hudson/util/DoubleLaunchChecker$Schedule$$FastClassByGuice$$c099e3c
instanceKlass hudson/util/DoubleLaunchChecker$$FastClassByGuice$$bf5ace5
instanceKlass hudson/triggers/Trigger$Cron$$FastClassByGuice$$be9e888
instanceKlass hudson/triggers/TimerTrigger$DescriptorImpl$$FastClassByGuice$$bd0a6ff
instanceKlass hudson/triggers/SlowTriggerAdminMonitor$$FastClassByGuice$$bc628d5
instanceKlass hudson/triggers/SCMTrigger$DescriptorImpl$$FastClassByGuice$$bb5f64f
instanceKlass hudson/triggers/SCMTrigger$AdministrativeMonitorImpl$$FastClassByGuice$$ba4a069
instanceKlass hudson/tools/ZipExtractionInstaller$DescriptorImpl$$FastClassByGuice$$b97c1c3
instanceKlass hudson/tools/ToolLocationNodeProperty$DescriptorImpl$$FastClassByGuice$$b8089e1
instanceKlass hudson/tools/InstallerTranslator$$FastClassByGuice$$b73789c
instanceKlass hudson/tools/InstallSourceProperty$DescriptorImpl$$FastClassByGuice$$b6ed00c
instanceKlass hudson/tools/CommandInstaller$DescriptorImpl$$FastClassByGuice$$b514518
instanceKlass hudson/tools/BatchCommandInstaller$DescriptorImpl$$FastClassByGuice$$b4070eb
instanceKlass hudson/tasks/_maven/MavenWarningNote$DescriptorImpl$$FastClassByGuice$$b336313
instanceKlass hudson/tasks/_maven/MavenMojoNote$DescriptorImpl$$FastClassByGuice$$b2464c1
instanceKlass hudson/tasks/_maven/MavenErrorNote$DescriptorImpl$$FastClassByGuice$$b1a0078
instanceKlass hudson/tasks/_maven/Maven3MojoNote$DescriptorImpl$$FastClassByGuice$$b0888fe
instanceKlass hudson/tasks/Shell$DescriptorImpl$$FastClassByGuice$$afb153c
instanceKlass hudson/tasks/Maven$MavenInstaller$DescriptorImpl$$FastClassByGuice$$ae9b7c3
instanceKlass hudson/tasks/Maven$MavenInstallation$DescriptorImpl$$FastClassByGuice$$ada5ea5
instanceKlass hudson/tasks/Maven$DescriptorImpl$$FastClassByGuice$$ac1a3fb
instanceKlass hudson/tasks/LogRotator$LRDescriptor$$FastClassByGuice$$ab7eb68
instanceKlass hudson/tasks/Fingerprinter$DescriptorImpl$$FastClassByGuice$$aafe608
instanceKlass hudson/tasks/BuildTrigger$DescriptorImpl$ItemListenerImpl$$FastClassByGuice$$a95e22c
instanceKlass hudson/tasks/BuildTrigger$DescriptorImpl$$FastClassByGuice$$a8e4e1b
instanceKlass hudson/tasks/BatchFile$DescriptorImpl$$FastClassByGuice$$a7a8ecf
instanceKlass hudson/tasks/ArtifactArchiver$Migrator$$FastClassByGuice$$a6ddc1f
instanceKlass hudson/tasks/ArtifactArchiver$DescriptorImpl$$FastClassByGuice$$a5d733a
instanceKlass hudson/slaves/SimpleScheduledRetentionStrategy$DescriptorImpl$$FastClassByGuice$$a42d78f
instanceKlass hudson/slaves/RetentionStrategy$Demand$DescriptorImpl$$FastClassByGuice$$a3c5e08
instanceKlass hudson/slaves/RetentionStrategy$Always$DescriptorImpl$$FastClassByGuice$$a2fc040
instanceKlass hudson/slaves/NodeProvisioner$StandardStrategyImpl$$FastClassByGuice$$a1426de
instanceKlass hudson/slaves/NodeProvisioner$NodeProvisionerInvoker$$FastClassByGuice$$a0d58e7
instanceKlass hudson/slaves/JNLPLauncher$DescriptorImpl$$FastClassByGuice$$9f9673a
instanceKlass hudson/slaves/EnvironmentVariablesNodeProperty$DescriptorImpl$$FastClassByGuice$$9eac52e
instanceKlass hudson/slaves/DumbSlave$DescriptorImpl$$FastClassByGuice$$9de5147
instanceKlass hudson/slaves/ConnectionActivityMonitor$$FastClassByGuice$$9c74974
instanceKlass hudson/slaves/ComputerRetentionWork$$FastClassByGuice$$9b13f6a
instanceKlass hudson/slaves/ChannelPinger$$FastClassByGuice$$9a36fe8
instanceKlass hudson/security/csrf/GlobalCrumbIssuerConfiguration$$FastClassByGuice$$99d3cff
instanceKlass hudson/security/csrf/DefaultCrumbIssuer$ExcludeSessionIdAdministrativeMonitor$$FastClassByGuice$$981bc7c
instanceKlass hudson/security/csrf/DefaultCrumbIssuer$DescriptorImpl$$FastClassByGuice$$9775cf3
instanceKlass hudson/security/WhoAmI$$FastClassByGuice$$96f05a5
instanceKlass hudson/security/SecurityRealm$None$DescriptorImpl$$FastClassByGuice$$95262f2
instanceKlass hudson/security/LegacySecurityRealm$DescriptorImpl$$FastClassByGuice$$9423f06
instanceKlass hudson/security/LegacyAuthorizationStrategy$DescriptorImpl$$FastClassByGuice$$93dbb46
instanceKlass hudson/security/HudsonPrivateSecurityRealm$ManageUserLinks$$FastClassByGuice$$9204f0a
instanceKlass hudson/security/HudsonPrivateSecurityRealm$Details$DescriptorImpl$$FastClassByGuice$$91c558c
instanceKlass hudson/security/HudsonPrivateSecurityRealm$DescriptorImpl$$FastClassByGuice$$908d2ec
instanceKlass hudson/security/GlobalSecurityConfiguration$DescriptorImpl$$FastClassByGuice$$8fad3ca
instanceKlass hudson/security/GlobalSecurityConfiguration$$FastClassByGuice$$8eb5060
instanceKlass hudson/security/FullControlOnceLoggedInAuthorizationStrategy$DescriptorImpl$$FastClassByGuice$$8dc303b
instanceKlass hudson/security/AuthorizationStrategy$Unsecured$DescriptorImpl$$FastClassByGuice$$8c0f47e
instanceKlass hudson/search/UserSearchProperty$DescriptorImpl$$FastClassByGuice$$8bf0ff2
instanceKlass hudson/scm/NullSCM$DescriptorImpl$$FastClassByGuice$$8ad6bd2
instanceKlass hudson/node_monitors/TemporarySpaceMonitor$DescriptorImpl$$FastClassByGuice$$89c4f32
instanceKlass hudson/node_monitors/SwapSpaceMonitor$DescriptorImpl$$FastClassByGuice$$8867b96
instanceKlass hudson/node_monitors/ResponseTimeMonitor$DescriptorImpl$$FastClassByGuice$$87162ca
instanceKlass hudson/node_monitors/NodeMonitorUpdater$$FastClassByGuice$$86301b9
instanceKlass hudson/node_monitors/MonitorMarkedNodeOffline$$FastClassByGuice$$85080ad
instanceKlass hudson/node_monitors/DiskSpaceMonitorNodeProperty$DescriptorImpl$$FastClassByGuice$$84e15f9
instanceKlass hudson/node_monitors/DiskSpaceMonitor$DescriptorImpl$$FastClassByGuice$$831314f
instanceKlass hudson/node_monitors/ClockMonitor$DescriptorImpl$$FastClassByGuice$$8260686
instanceKlass hudson/node_monitors/ArchitectureMonitor$DescriptorImpl$$FastClassByGuice$$81fff9d
instanceKlass com/google/inject/util/Types
instanceKlass hudson/model/userproperty/UserPropertyCategorySecurityAction$SecurityActionFactory$$FastClassByGuice$$8037189
instanceKlass hudson/model/userproperty/UserPropertyCategoryPreferencesAction$PreferencesActionFactory$$FastClassByGuice$$7fe702c
instanceKlass hudson/model/userproperty/UserPropertyCategoryExperimentalAction$ExperimentalActionFactory$$FastClassByGuice$$7e05c44
instanceKlass hudson/model/userproperty/UserPropertyCategoryAppearanceAction$AppearanceActionFactory$$FastClassByGuice$$7defbd9
instanceKlass hudson/model/userproperty/UserPropertyCategoryAccountAction$AccountActionFactory$$FastClassByGuice$$7c08ae1
instanceKlass hudson/model/userproperty/UserPropertyCategory$Unclassified$$FastClassByGuice$$7b0d212
instanceKlass hudson/model/userproperty/UserPropertyCategory$Security$$FastClassByGuice$$7a91911
instanceKlass hudson/model/userproperty/UserPropertyCategory$Preferences$$FastClassByGuice$$79f9bc0
instanceKlass hudson/model/userproperty/UserPropertyCategory$Invisible$$FastClassByGuice$$78a741a
instanceKlass hudson/model/userproperty/UserPropertyCategory$Experimental$$FastClassByGuice$$778f0a6
instanceKlass hudson/model/userproperty/UserPropertyCategory$Appearance$$FastClassByGuice$$7688149
instanceKlass hudson/model/userproperty/UserPropertyCategory$Account$$FastClassByGuice$$754bae9
instanceKlass hudson/model/queue/LoadPredictor$CurrentlyRunningTasks$$FastClassByGuice$$7456eef
instanceKlass hudson/model/WorkspaceCleanupThread$$FastClassByGuice$$73a3bc1
instanceKlass hudson/model/User$UserIDCanonicalIdResolver$$FastClassByGuice$$723e36d
instanceKlass hudson/model/User$FullNameIdResolver$$FastClassByGuice$$71f1a99
instanceKlass hudson/model/User$AllUsers$$FastClassByGuice$$7009474
instanceKlass hudson/model/UsageStatistics$$FastClassByGuice$$6f81236
instanceKlass hudson/model/UpdateCenter$CoreUpdateMonitor$$FastClassByGuice$$6ea812e
instanceKlass hudson/model/TimeZoneProperty$DescriptorImpl$$FastClassByGuice$$6d7934a
instanceKlass hudson/model/TextParameterDefinition$DescriptorImpl$$FastClassByGuice$$6c43c4a
instanceKlass hudson/model/StringParameterDefinition$DescriptorImpl$$FastClassByGuice$$6b60e2d
instanceKlass hudson/model/RunParameterDefinition$DescriptorImpl$$FastClassByGuice$$6a2f441
instanceKlass hudson/model/Run$BasicRunDetailFactory$$FastClassByGuice$$69de67d
instanceKlass hudson/model/RestartListener$Default$$FastClassByGuice$$689140b
instanceKlass hudson/model/Queue$Saver$$FastClassByGuice$$678c4f9
instanceKlass hudson/model/ProxyView$DescriptorImpl$$FastClassByGuice$$66c8b52
instanceKlass hudson/model/PasswordParameterDefinition$ParameterDescriptorImpl$$FastClassByGuice$$653bc85
instanceKlass hudson/model/ParametersDefinitionProperty$DescriptorImpl$$FastClassByGuice$$643afb8
instanceKlass hudson/model/PaneStatusProperties$DescriptorImpl$$FastClassByGuice$$63b3a05
instanceKlass hudson/model/MyViewsProperty$DescriptorImpl$$FastClassByGuice$$62fab48
instanceKlass hudson/model/MyView$DescriptorImpl$$FastClassByGuice$$610fe99
instanceKlass hudson/model/ManageJenkinsAction$$FastClassByGuice$$605b168
instanceKlass hudson/model/LoadStatistics$LoadStatisticsUpdater$$FastClassByGuice$$5f0971a
instanceKlass hudson/model/ListView$Listener$$FastClassByGuice$$5ebc153
instanceKlass hudson/model/ListView$DescriptorImpl$$FastClassByGuice$$5db7e6f
instanceKlass hudson/model/Label$LabelComputerSourceImpl$$FastClassByGuice$$5c2c2c4
instanceKlass hudson/model/Job$SubItemBuildsLocationImpl$$FastClassByGuice$$5bf801f
instanceKlass hudson/model/Job$LastItemListener$$FastClassByGuice$$5a2367f
instanceKlass hudson/model/Job$DefaultBuildNumberAssigner$$FastClassByGuice$$590eba5
instanceKlass hudson/model/Job$BasicJobDetailFactory$$FastClassByGuice$$58ee81f
instanceKlass hudson/model/JDK$DescriptorImpl$$FastClassByGuice$$5772ffb
instanceKlass hudson/model/FreeStyleProject$DescriptorImpl$$FastClassByGuice$$56af4da
instanceKlass hudson/model/FingerprintCleanupThread$$FastClassByGuice$$55c991b
instanceKlass hudson/model/Fingerprint$ProjectRenameListener$$FastClassByGuice$$540adb4
instanceKlass hudson/model/FileParameterValue$CancelledQueueListener$$FastClassByGuice$$5397a53
instanceKlass hudson/model/FileParameterDefinition$DescriptorImpl$$FastClassByGuice$$529389c
instanceKlass hudson/model/EnvironmentContributor$EnvVarsHtml$$FastClassByGuice$$51d9adf
instanceKlass hudson/model/DownloadService$$FastClassByGuice$$5082981
instanceKlass hudson/model/DisplayNameListener$$FastClassByGuice$$4f619db
instanceKlass hudson/model/ComputerSet$DescriptorImpl$$FastClassByGuice$$4e695dd
instanceKlass hudson/model/ComputerSet$ComputerSourceImpl$$FastClassByGuice$$4d04c8f
instanceKlass hudson/model/ComputerPinger$BuiltInComputerPinger$$FastClassByGuice$$4c42694
instanceKlass hudson/model/Computer$InternalComputerListener$$FastClassByGuice$$4b2f00e
instanceKlass hudson/model/ChoiceParameterDefinition$DescriptorImpl$$FastClassByGuice$$4aeebb1
instanceKlass hudson/model/BuildAuthorizationToken$ItemListenerImpl$$FastClassByGuice$$49da733
instanceKlass hudson/model/BooleanParameterDefinition$DescriptorImpl$$FastClassByGuice$$48bc982
instanceKlass hudson/model/AllView$DescriptorImpl$$FastClassByGuice$$47d77af
instanceKlass hudson/markup/EscapedMarkupFormatter$DescriptorImpl$$FastClassByGuice$$467fcf7
instanceKlass hudson/logging/LogRecorder$ComputerLogInitializer$$FastClassByGuice$$45a68c9
instanceKlass hudson/diagnosis/TooManyJobsButNoView$$FastClassByGuice$$44a8529
instanceKlass hudson/diagnosis/ReverseProxySetupMonitor$$FastClassByGuice$$43bc1ae
instanceKlass hudson/diagnosis/OldDataMonitor$ManagementLinkImpl$$FastClassByGuice$$42d818d
instanceKlass hudson/diagnosis/OldDataMonitor$$FastClassByGuice$$41205db
instanceKlass hudson/diagnosis/NullIdDescriptorMonitor$$FastClassByGuice$$40cfa63
instanceKlass hudson/diagnosis/MemoryUsageMonitor$$FastClassByGuice$$3fbb47f
instanceKlass hudson/diagnosis/HudsonHomeDiskUsageMonitor$$FastClassByGuice$$3e64847
instanceKlass hudson/diagnosis/HudsonHomeDiskUsageChecker$$FastClassByGuice$$3d97707
instanceKlass hudson/console/UrlAnnotator$$FastClassByGuice$$3c95eb3
instanceKlass hudson/console/ModelHyperlinkNote$DescriptorImpl$$FastClassByGuice$$3bcafdf
instanceKlass hudson/console/HyperlinkNote$DescriptorImpl$$FastClassByGuice$$3ad2e52
instanceKlass hudson/console/ExpandableDetailsNote$DescriptorImpl$$FastClassByGuice$$39c091b
instanceKlass com/google/inject/internal/MoreTypes$WildcardTypeImpl
instanceKlass hudson/console/ConsoleAnnotatorFactory$RootAction$$FastClassByGuice$$3848f58
instanceKlass hudson/cli/declarative/CLIRegisterer$$FastClassByGuice$$3788c37
instanceKlass hudson/cli/WhoAmICommand$$FastClassByGuice$$3651551
instanceKlass hudson/cli/WaitNodeOnlineCommand$$FastClassByGuice$$3518b95
instanceKlass hudson/cli/WaitNodeOfflineCommand$$FastClassByGuice$$344bea3
instanceKlass hudson/cli/VersionCommand$$FastClassByGuice$$332b59a
instanceKlass hudson/cli/UpdateViewCommand$$FastClassByGuice$$329bef3
instanceKlass hudson/cli/UpdateNodeCommand$$FastClassByGuice$$3153a9a
instanceKlass hudson/cli/UpdateJobCommand$$FastClassByGuice$$304394d
instanceKlass hudson/cli/SetBuildDisplayNameCommand$$FastClassByGuice$$2f44150
instanceKlass hudson/cli/SetBuildDescriptionCommand$$FastClassByGuice$$2eb59d8
instanceKlass hudson/cli/SessionIdCommand$$FastClassByGuice$$2d16e9d
instanceKlass hudson/cli/RemoveJobFromViewCommand$$FastClassByGuice$$2c568e9
instanceKlass hudson/cli/ReloadJobCommand$$FastClassByGuice$$2ba7cfa
instanceKlass hudson/cli/ReloadConfigurationCommand$$FastClassByGuice$$2aebbcb
instanceKlass hudson/cli/QuietDownCommand$$FastClassByGuice$$2973363
instanceKlass hudson/cli/OnlineNodeCommand$$FastClassByGuice$$2825051
instanceKlass hudson/cli/OfflineNodeCommand$$FastClassByGuice$$27a4ceb
instanceKlass hudson/cli/ListPluginsCommand$$FastClassByGuice$$2689efd
instanceKlass hudson/cli/ListJobsCommand$$FastClassByGuice$$2545d55
instanceKlass hudson/cli/ListChangesCommand$$FastClassByGuice$$24131c7
instanceKlass hudson/cli/InstallPluginCommand$$FastClassByGuice$$2344fa1
instanceKlass hudson/cli/HelpCommand$$FastClassByGuice$$22c4162
instanceKlass hudson/cli/GroovyshCommand$$FastClassByGuice$$214f33d
instanceKlass hudson/cli/GroovyCommand$$FastClassByGuice$$20f5935
instanceKlass hudson/cli/GetViewCommand$$FastClassByGuice$$1fc2db8
instanceKlass hudson/cli/GetNodeCommand$$FastClassByGuice$$1ebae94
instanceKlass hudson/cli/GetJobCommand$$FastClassByGuice$$1dd40ef
instanceKlass hudson/cli/EnablePluginCommand$$FastClassByGuice$$1c4799b
instanceKlass hudson/cli/DisconnectNodeCommand$$FastClassByGuice$$1b5b783
instanceKlass hudson/cli/DisablePluginCommand$$FastClassByGuice$$1a30b18
instanceKlass hudson/cli/DeleteViewCommand$$FastClassByGuice$$1993f39
instanceKlass hudson/cli/DeleteNodeCommand$$FastClassByGuice$$18260de
instanceKlass hudson/cli/DeleteJobCommand$$FastClassByGuice$$17c6cab
instanceKlass hudson/cli/DeleteBuildsCommand$$FastClassByGuice$$1616a7e
instanceKlass hudson/cli/CreateViewCommand$$FastClassByGuice$$15cf8e2
instanceKlass hudson/cli/CreateNodeCommand$$FastClassByGuice$$14595b6
instanceKlass hudson/cli/CreateJobCommand$$FastClassByGuice$$13c222a
instanceKlass hudson/cli/CopyJobCommand$$FastClassByGuice$$121a919
instanceKlass hudson/cli/ConsoleCommand$$FastClassByGuice$$111fbd3
instanceKlass hudson/cli/ConnectNodeCommand$$FastClassByGuice$$10b0de9
instanceKlass hudson/cli/CliCrumbExclusion$$FastClassByGuice$$fadb08
instanceKlass hudson/cli/ClearQueueCommand$$FastClassByGuice$$e70b4e
instanceKlass hudson/cli/CancelQuietDownCommand$$FastClassByGuice$$d9a006
instanceKlass hudson/cli/CLIAction$$FastClassByGuice$$cdd08d
instanceKlass hudson/cli/BuildCommand$$FastClassByGuice$$b4fbaa
instanceKlass hudson/cli/AddJobToViewCommand$$FastClassByGuice$$a23d05
instanceKlass hudson/TcpSlaveAgentListener$PingAgentProtocol$$FastClassByGuice$$90c3a4
instanceKlass hudson/TcpSlaveAgentListener$EnforcedPortHealthCheck$$FastClassByGuice$$87dfdf
instanceKlass hudson/ProxyConfigurationManager$$FastClassByGuice$$7a2db3
instanceKlass hudson/ProxyConfiguration$DescriptorImpl$$FastClassByGuice$$6a1e9c
instanceKlass hudson/PluginManager$PluginUpdateMonitor$$FastClassByGuice$$519d39
instanceKlass hudson/PluginManager$PluginDeprecationMonitor$$FastClassByGuice$$46c9ed
instanceKlass hudson/PluginManager$PluginCycleDependenciesMonitor$$FastClassByGuice$$371343
instanceKlass hudson/ExtensionFinder$GuiceFinder$$FastClassByGuice$$20924f
instanceKlass hudson/ExtensionFinder$DefaultGuiceExtensionAnnotation$$FastClassByGuice$$15a99a
instanceKlass com/google/inject/internal/MoreTypes$ParameterizedTypeImpl
instanceKlass com/google/inject/internal/MoreTypes$CompositeType
instanceKlass com/google/inject/internal/DefaultConstructionProxyFactory$FastClassProxy
instanceKlass  @bci com/google/inject/internal/aop/AbstractGlueGenerator lambda$bindSignaturesToInvokers$0 (Ljava/lang/invoke/MethodHandle;Ljava/util/function/ToIntFunction;Ljava/lang/String;)Ljava/util/function/BiFunction; 8 <adapter> ; # java/lang/invoke/LambdaForm$MH+0x00000256413d9000
instanceKlass  @bci com/google/inject/internal/aop/AbstractGlueGenerator bindSignaturesToInvokers (Ljava/util/function/ToIntFunction;Ljava/lang/invoke/MethodHandle;)Ljava/util/function/Function; 13 <appendix> member <vmtarget> ; # com/google/inject/internal/aop/AbstractGlueGenerator$$Lambda+0x00000256413dc650
instanceKlass com/google/inject/internal/aop/ImmutableStringTrie
instanceKlass hudson/AboutJenkins$$FastClassByGuice$$5460
instanceKlass com/google/inject/internal/aop/GeneratedClassDefiner
# instanceKlass java/lang/ClassLoader$$DefineAccessByGuice$$+0x00000256413d8c00
instanceKlass jdk/internal/org/objectweb/asm/ClassReader
# instanceKlass java/lang/invoke/LambdaForm$MH+0x00000256413d8800
# instanceKlass java/lang/invoke/LambdaForm$MH+0x00000256413d8400
# instanceKlass java/lang/invoke/LambdaForm$MH+0x00000256413d8000
# instanceKlass java/lang/invoke/LambdaForm$MH+0x00000256413d4c00
# instanceKlass java/lang/invoke/LambdaForm$MH+0x00000256413d4800
# instanceKlass java/lang/invoke/LambdaForm$DMH+0x00000256413d4400
instanceKlass  @bci com/google/inject/internal/aop/UnsafeClassDefiner$ClassLoaderDefineClassHolder <clinit> ()V 0 <appendix> argL0 ; # com/google/inject/internal/aop/UnsafeClassDefiner$ClassLoaderDefineClassHolder$$Lambda+0x00000256413d5c10
instanceKlass com/google/inject/internal/aop/UnsafeClassDefiner$ClassLoaderDefineClassHolder
instanceKlass com/google/inject/internal/asm/$Handler
instanceKlass com/google/inject/internal/asm/$Attribute
instanceKlass com/google/inject/internal/aop/BytecodeTasks
instanceKlass  @bci com/google/inject/internal/aop/AbstractGlueGenerator generateTrampoline (Lcom/google/inject/internal/asm/$ClassWriter;Ljava/util/Collection;)V 30 <appendix> argL0 ; # com/google/inject/internal/aop/AbstractGlueGenerator$$Lambda+0x00000256413d51e8
instanceKlass com/google/inject/internal/asm/$Handle
instanceKlass com/google/inject/internal/asm/$Label
instanceKlass com/google/inject/internal/asm/$Frame
instanceKlass com/google/inject/internal/asm/$ByteVector
instanceKlass com/google/inject/internal/asm/$Symbol
instanceKlass com/google/inject/internal/asm/$SymbolTable
instanceKlass com/google/inject/internal/asm/$FieldVisitor
instanceKlass com/google/inject/internal/asm/$MethodVisitor
instanceKlass com/google/inject/internal/asm/$AnnotationVisitor
instanceKlass com/google/inject/internal/asm/$ModuleVisitor
instanceKlass com/google/inject/internal/asm/$RecordComponentVisitor
instanceKlass com/google/inject/internal/asm/$ClassVisitor
instanceKlass com/google/inject/internal/aop/AbstractGlueGenerator
instanceKlass  @bci com/google/inject/internal/aop/ClassBuilding buildFastClass (Ljava/lang/Class;)Ljava/util/function/Function; 20 <appendix> member <vmtarget> ; # com/google/inject/internal/aop/ClassBuilding$$Lambda+0x00000256413d1eb0
instanceKlass  @bci com/google/inject/internal/aop/ClassBuilding buildFastClass (Ljava/lang/Class;)Ljava/util/function/Function; 10 <appendix> member <vmtarget> ; # com/google/inject/internal/aop/ClassBuilding$$Lambda+0x00000256413d1c88
instanceKlass com/google/inject/internal/asm/$Type
instanceKlass  @bci com/google/inject/internal/aop/UnsafeClassDefiner <clinit> ()V 30 <appendix> argL0 ; # com/google/inject/internal/aop/UnsafeClassDefiner$$Lambda+0x00000256413d1878
instanceKlass com/google/inject/internal/aop/HiddenClassDefiner
instanceKlass com/google/inject/internal/aop/UnsafeGetter
instanceKlass  @bci com/google/inject/internal/aop/UnsafeClassDefiner <clinit> ()V 11 <appendix> argL0 ; # com/google/inject/internal/aop/UnsafeClassDefiner$$Lambda+0x00000256413d1260
instanceKlass com/google/inject/internal/aop/AnonymousClassDefiner
instanceKlass com/google/inject/internal/aop/UnsafeClassDefiner
instanceKlass com/google/inject/internal/aop/ClassDefining$ClassDefinerHolder
instanceKlass com/google/inject/internal/aop/ClassDefiner
instanceKlass com/google/inject/internal/aop/ClassDefining
instanceKlass  @bci com/google/inject/internal/aop/ClassBuilding getOverridableObjectMethods ()[Ljava/lang/reflect/Method; 15 <appendix> member <vmtarget> ; # com/google/inject/internal/aop/ClassBuilding$$Lambda+0x00000256413d0638
instanceKlass  @cpi org/eclipse/jetty/ee9/nested/HttpChannelListeners$NotifyContent 31 form vmentry <vmtarget> ; # java/lang/invoke/LambdaForm$DMH+0x00000256413d4000
instanceKlass  @bci com/google/inject/internal/BytecodeGen <clinit> ()V 25 <appendix> argL0 ; # com/google/inject/internal/BytecodeGen$$Lambda+0x00000256413d03e8
instanceKlass com/google/inject/internal/BytecodeGen$EnhancerBuilder
instanceKlass com/google/inject/internal/aop/ClassBuilding
instanceKlass com/google/common/collect/MapMakerInternalMap$StrongValueEntry
instanceKlass com/google/common/collect/MapMakerInternalMap$WeakKeyStrongValueEntry$Helper
instanceKlass com/google/common/collect/MapMakerInternalMap$InternalEntry
instanceKlass com/google/common/collect/MapMakerInternalMap$1
instanceKlass com/google/common/collect/MapMakerInternalMap$InternalEntryHelper
instanceKlass com/google/common/collect/MapMakerInternalMap$WeakValueReference
instanceKlass com/google/common/collect/MapMaker
instanceKlass com/google/inject/internal/BytecodeGen
instanceKlass com/google/inject/internal/DefaultConstructionProxyFactory
instanceKlass com/google/inject/internal/ConstructorInjector
instanceKlass com/google/inject/internal/ConstructionProxy
instanceKlass com/google/inject/internal/ProxyFactory
instanceKlass com/google/common/collect/TransformedIterator
instanceKlass  @bci com/google/inject/internal/ConstructorInjectorStore createConstructor (Lcom/google/inject/spi/InjectionPoint;Lcom/google/inject/internal/Errors;)Lcom/google/inject/internal/ConstructorInjector; 62 <appendix> argL0 ; # com/google/inject/internal/ConstructorInjectorStore$$Lambda+0x00000256413cbb20
instanceKlass com/google/inject/spi/InterceptorBinding
instanceKlass com/google/inject/internal/MethodAspect
instanceKlass com/google/inject/internal/MembersInjectorImpl
instanceKlass com/google/inject/internal/EncounterImpl
instanceKlass  @bci com/google/inject/internal/AbstractBindingProcessor$Processor scheduleInitialization (Lcom/google/inject/internal/BindingImpl;)V 9 <appendix> member <vmtarget> ; # com/google/inject/internal/AbstractBindingProcessor$Processor$$Lambda+0x00000256413ca9e8
instanceKlass com/google/inject/internal/ConstructorBindingImpl$Factory
instanceKlass com/google/common/collect/Iterables
instanceKlass  @bci com/google/inject/spi/InjectionPoint forConstructorOf (Lcom/google/inject/TypeLiteral;Z)Lcom/google/inject/spi/InjectionPoint; 83 <appendix> member <vmtarget> ; # com/google/inject/spi/InjectionPoint$$Lambda+0x00000256413ca1c0
instanceKlass  @bci com/google/inject/spi/InjectionPoint forConstructorOf (Lcom/google/inject/TypeLiteral;Z)Lcom/google/inject/spi/InjectionPoint; 67 <appendix> argL0 ; # com/google/inject/spi/InjectionPoint$$Lambda+0x00000256413c9f80
instanceKlass  @bci com/google/inject/spi/InjectionPoint forConstructorOf (Lcom/google/inject/TypeLiteral;Z)Lcom/google/inject/spi/InjectionPoint; 57 <appendix> argL0 ; # com/google/inject/spi/InjectionPoint$$Lambda+0x00000256413c9d40
instanceKlass  @bci com/google/inject/spi/InjectionPoint forConstructorOf (Lcom/google/inject/TypeLiteral;Z)Lcom/google/inject/spi/InjectionPoint; 24 <appendix> argL0 ; # com/google/inject/spi/InjectionPoint$$Lambda+0x00000256413c9b00
instanceKlass  @bci com/google/inject/internal/KotlinSupport$KotlinUnsupported <clinit> ()V 7 <appendix> argL0 ; # com/google/inject/internal/KotlinSupport$KotlinUnsupported$$Lambda+0x00000256413c98c0
instanceKlass com/google/inject/internal/KotlinSupport$KotlinUnsupported
instanceKlass com/google/inject/internal/KotlinSupport$KotlinSupportHolder
instanceKlass com/google/inject/internal/KotlinSupportInterface
instanceKlass com/google/inject/internal/KotlinSupport
instanceKlass com/google/inject/ProvidedBy
instanceKlass com/google/inject/ImplementedBy
instanceKlass  @bci com/google/inject/internal/UntargettedBindingProcessor$1 visit (Lcom/google/inject/spi/UntargettedBinding;)Ljava/lang/Boolean; 109 <appendix> member <vmtarget> ; # com/google/inject/internal/UntargettedBindingProcessor$1$$Lambda+0x00000256413c8a70
instanceKlass hudson/ExtensionFinder$GuiceFinder$FaultTolerantScope$1
instanceKlass com/google/inject/internal/ProvisionListenerStackCallback$ProvisionCallback
instanceKlass com/google/inject/internal/ProviderInternalFactory
instanceKlass com/google/inject/internal/InternalProviderInstanceBindingImpl$Factory
instanceKlass com/google/inject/spi/ProviderWithExtensionVisitor
instanceKlass com/google/inject/internal/InternalFactoryToProviderAdapter
instanceKlass com/google/inject/internal/ConstructionContext
instanceKlass com/google/inject/internal/SingletonScope$1
instanceKlass com/google/inject/internal/ProviderToInternalFactoryAdapter
instanceKlass com/google/inject/internal/CycleDetectingLock$CycleDetectingLockFactory$ReentrantCycleDetectingLock
instanceKlass com/google/inject/internal/Initializer$InjectableReference
instanceKlass com/google/inject/internal/ProvisionListenerStackCallback
instanceKlass com/google/inject/internal/ProvisionListenerCallbackStore$KeyBinding
instanceKlass com/google/inject/internal/util/Classes
instanceKlass com/google/inject/spi/ExposedBinding
instanceKlass com/google/inject/internal/CreationListener
instanceKlass com/google/inject/internal/InjectorShell$LoggerFactory
instanceKlass com/google/inject/internal/InjectorShell$InjectorFactory
instanceKlass com/google/inject/internal/Initializables$1
instanceKlass com/google/inject/internal/Initializables
instanceKlass com/google/inject/internal/ConstantFactory
instanceKlass com/google/inject/internal/InjectorShell
instanceKlass com/google/inject/internal/ProvisionListenerCallbackStore
instanceKlass com/google/inject/internal/SingleMemberInjector
instanceKlass com/google/inject/spi/TypeEncounter
instanceKlass com/google/inject/internal/MembersInjectorStore
instanceKlass com/google/common/collect/ObjectArrays
instanceKlass com/google/inject/internal/TypeConverterBindingProcessor$4
instanceKlass com/google/inject/internal/TypeConverterBindingProcessor$2
instanceKlass com/google/inject/internal/TypeConverterBindingProcessor$1
instanceKlass com/google/inject/spi/TypeConverterBinding
instanceKlass com/google/inject/internal/TypeConverterBindingProcessor$5
instanceKlass com/google/inject/internal/ConstructionProxyFactory
instanceKlass com/google/inject/internal/FailableCache
instanceKlass com/google/inject/internal/ConstructorInjectorStore
instanceKlass com/google/inject/internal/DeferredLookups
instanceKlass com/google/inject/spi/ConvertedConstantBinding
instanceKlass com/google/inject/spi/ProviderBinding
instanceKlass com/google/inject/internal/InjectorImpl
instanceKlass com/google/inject/internal/Lookups
instanceKlass com/google/inject/internal/InjectorImpl$InjectorOptions
instanceKlass  @bci com/google/inject/internal/AbstractProcessor process (Lcom/google/inject/internal/InjectorImpl;Ljava/util/List;)V 13 <appendix> member <vmtarget> ; # com/google/inject/internal/AbstractProcessor$$Lambda+0x00000256413bd090
instanceKlass  @bci com/google/inject/spi/BindingSourceRestriction check (Lcom/google/inject/internal/GuiceInternal;Ljava/util/List;)Lcom/google/common/collect/ImmutableList; 11 <appendix> argL0 ; # com/google/inject/spi/BindingSourceRestriction$$Lambda+0x00000256413bc7d8
# instanceKlass java/lang/invoke/LambdaForm$MH+0x00000256413c0400
# instanceKlass java/lang/invoke/LambdaForm$MH+0x00000256413c0000
instanceKlass com/google/inject/internal/GuiceInternal
instanceKlass com/google/inject/internal/util/StackTraceElements$InMemoryStackTraceElement
instanceKlass com/google/inject/internal/util/StackTraceElements
instanceKlass com/google/inject/spi/ProvisionListener$ProvisionInvocation
instanceKlass jenkins/tasks/filters/impl/RetainVariablesLocalRule
instanceKlass jenkins/tasks/filters/EnvVarsFilterLocalRule
instanceKlass jenkins/tasks/filters/EnvVarsFilterRule
instanceKlass jenkins/slaves/RemotingWorkDirSettings
instanceKlass org/jenkinsci/remoting/nio/NioChannelHub
instanceKlass org/jenkinsci/remoting/engine/JnlpProtocolHandler
instanceKlass java/security/KeyStore
instanceKlass hudson/init/Terminator
instanceKlass org/jenkinsci/remoting/protocol/IOHub
instanceKlass org/jenkinsci/remoting/util/ByteBufferPool
instanceKlass org/jenkinsci/remoting/engine/JnlpConnectionState
instanceKlass hudson/remoting/ChannelBuilder
instanceKlass jenkins/security/csp/CspBuilder
instanceKlass jenkins/security/apitoken/LegacyApiTokenAdministrativeMonitor$RevokeAllSelectedModel
instanceKlass jenkins/security/ApiTokenProperty$TokenInfoAndStats
instanceKlass jenkins/security/apitoken/ApiTokenStore$HashedToken
instanceKlass jenkins/security/ResourceDomainRootAction$Token
instanceKlass jenkins/scm/SCMCheckoutStrategy
instanceKlass jenkins/model/menu/action/DeleteAction
instanceKlass jenkins/model/lazy/LazyBuildMixIn
instanceKlass jenkins/model/lazy/BuildReference
instanceKlass jenkins/model/job/WorkspaceAction
instanceKlass jenkins/model/job/PermalinksAction
instanceKlass jenkins/model/job/ConfigureJobAction
instanceKlass jenkins/model/job/BuildJobAction
instanceKlass jenkins/model/RenameAction
instanceKlass jenkins/model/PeopleRedirect
instanceKlass hudson/model/PermalinkProjectAction$Permalink
instanceKlass jenkins/model/GlobalBuildDiscarderStrategy
instanceKlass jenkins/console/DefaultConsoleUrlProvider
instanceKlass jenkins/console/ConsoleUrlProvider
instanceKlass hudson/remoting/Capability
instanceKlass hudson/views/ViewJobFilter
instanceKlass hudson/views/ListViewColumn
instanceKlass hudson/scheduler/CronTabList
instanceKlass hudson/util/SequentialExecutionQueue
instanceKlass jakarta/annotation/PostConstruct
instanceKlass java/util/concurrent/Semaphore
instanceKlass hudson/tools/ToolProperty
instanceKlass hudson/tools/ToolInstaller
instanceKlass jenkins/model/DependencyDeclarer
instanceKlass jenkins/tasks/filters/EnvVarsFilterableBuilder
instanceKlass jenkins/tasks/SimpleBuildStep
instanceKlass hudson/tasks/BuildStepCompatibilityLayer
instanceKlass hudson/slaves/NodeProvisioner$StrategyState
instanceKlass hudson/slaves/ComputerLauncher
instanceKlass hudson/scm/SCM
instanceKlass jenkins/security/MasterToSlaveCallable
instanceKlass jenkins/agents/ControllerToAgentCallable
instanceKlass org/jvnet/hudson/MemoryUsage
instanceKlass hudson/node_monitors/AbstractAsyncNodeMonitorDescriptor$Result
instanceKlass hudson/model/userproperty/UserPropertyCategoryAction
instanceKlass hudson/model/queue/MappingWorksheet
instanceKlass javax/crypto/Cipher
instanceKlass java/security/interfaces/RSAPublicKey
instanceKlass java/security/PublicKey
instanceKlass hudson/model/UpdateSite$Data
instanceKlass hudson/model/Job$BuildNumberAssigner$SaveNextBuildNumber
instanceKlass jenkins/model/details/Detail
# instanceKlass java/lang/invoke/LambdaForm$MH+0x00000256413a4400
instanceKlass hudson/util/AbstractTaskListener
instanceKlass hudson/model/ParametersAction
instanceKlass hudson/model/labels/LabelAssignmentAction
instanceKlass hudson/model/EnvironmentContributingAction
instanceKlass hudson/model/Queue$QueueAction
instanceKlass jenkins/model/RunAction2
instanceKlass hudson/model/ParameterValue
instanceKlass hudson/model/BuildAuthorizationToken
instanceKlass hudson/model/AutoCompletionCandidates
instanceKlass hudson/diagnosis/MemoryUsageMonitor$MemoryGroup
# instanceKlass java/lang/invoke/LambdaForm$MH+0x00000256413a4000
instanceKlass hudson/triggers/SafeTimerTask$ExceptionRunnable
instanceKlass sun/reflect/generics/tree/Wildcard
instanceKlass sun/reflect/generics/tree/BottomSignature
instanceKlass hudson/console/ConsoleNote
instanceKlass hudson/PluginWrapper$PluginDisableResult
instanceKlass javax/servlet/FilterChain
instanceKlass org/kohsuke/args4j/Option
# instanceKlass java/lang/invoke/LambdaForm$MH+0x000002564139c400
instanceKlass hudson/remoting/Channel
instanceKlass hudson/remoting/IChannel
instanceKlass jenkins/cli/listeners/CLIContext
instanceKlass org/kohsuke/args4j/Argument
instanceKlass java/net/Socket
instanceKlass hudson/model/Descriptor$PropertyType
instanceKlass hudson/util/FormValidation$CheckMethod
instanceKlass org/kohsuke/stapler/lang/Klass
instanceKlass  @bci hudson/ExtensionFinder$GuiceFinder$SezpozModule configure ()V 264 <appendix> member <vmtarget> ; # hudson/ExtensionFinder$GuiceFinder$SezpozModule$$Lambda+0x000002564139fbb8
instanceKlass jakarta/inject/Named
instanceKlass javax/inject/Named
instanceKlass com/google/inject/Key$AnnotationInstanceStrategy
instanceKlass com/google/common/util/concurrent/AbstractFuture$Failure
instanceKlass com/google/common/util/concurrent/AbstractFuture$Cancellation
instanceKlass com/google/common/util/concurrent/AbstractFuture$DelegatingToFuture
instanceKlass com/google/common/util/concurrent/Platform
instanceKlass com/google/common/util/concurrent/Uninterruptibles
instanceKlass com/google/common/util/concurrent/AbstractFuture$Listener
instanceKlass com/google/common/util/concurrent/AbstractFutureState$Waiter
instanceKlass com/google/common/util/concurrent/LazyLogger
instanceKlass com/google/common/util/concurrent/AbstractFutureState$AtomicHelper
instanceKlass com/google/common/util/concurrent/internal/InternalFutureFailureAccess
instanceKlass com/google/common/util/concurrent/AbstractFuture$Trusted
instanceKlass com/google/common/util/concurrent/ListenableFuture
instanceKlass  @bci hudson/security/ChainedServletFilter2$1 doFilter (Ljakarta/servlet/ServletRequest;Ljakarta/servlet/ServletResponse;)V 134 <appendix> form vmentry <vmtarget> ; # java/lang/invoke/LambdaForm$DMH+0x000002564139c000
instanceKlass  @bci sun/reflect/annotation/AnnotationParser parseEnumArray (ILjava/lang/Class;Ljava/nio/ByteBuffer;Ljdk/internal/reflect/ConstantPool;Ljava/lang/Class;)Ljava/lang/Object; 16 <appendix> member <vmtarget> ; # sun/reflect/annotation/AnnotationParser$$Lambda+0x000002564137a1f8
instanceKlass jakarta/inject/Qualifier
instanceKlass javax/inject/Qualifier
instanceKlass com/google/inject/BindingAnnotation
instanceKlass jakarta/inject/Scope
instanceKlass javax/inject/Scope
instanceKlass com/google/inject/ScopeAnnotation
instanceKlass com/google/inject/internal/Annotations$AnnotationChecker
instanceKlass com/google/inject/internal/Annotations$TestAnnotation
instanceKlass com/google/inject/internal/Annotations$AnnotationToStringConfig
instanceKlass com/google/common/base/Joiner$MapJoiner
instanceKlass com/google/common/base/Joiner
instanceKlass com/google/inject/internal/Annotations
instanceKlass com/google/inject/name/NamedImpl
instanceKlass com/google/inject/name/Named
instanceKlass com/google/inject/name/Names
instanceKlass com/google/inject/spi/ProvisionListenerBinding
instanceKlass com/google/inject/matcher/AbstractMatcher
instanceKlass com/google/inject/matcher/Matchers
instanceKlass com/google/inject/spi/TypeConverter
instanceKlass org/aopalliance/intercept/MethodInterceptor
instanceKlass org/aopalliance/intercept/Interceptor
instanceKlass org/aopalliance/aop/Advice
instanceKlass com/google/inject/spi/TypeListener
instanceKlass com/google/inject/matcher/Matcher
instanceKlass com/google/inject/spi/Message
instanceKlass com/google/inject/MembersInjector
instanceKlass hudson/model/UpdateSite$Warning
instanceKlass hudson/PluginManager$UpdateCenterProxy
instanceKlass hudson/cli/declarative/CLIMethod
instanceKlass jenkins/model/IdStrategy
instanceKlass jenkins/security/XStreamDeserializable
instanceKlass jenkins/model/Jenkins$QuietDownInfo
instanceKlass hudson/FileSystemProvisioner
instanceKlass hudson/slaves/NodeProperty
instanceKlass jenkins/security/XStreamNotDeserializable
instanceKlass com/google/inject/Inject
instanceKlass jakarta/inject/Inject
instanceKlass javax/inject/Inject
instanceKlass hudson/search/Search
instanceKlass  @bci com/google/inject/internal/DeclaredMembers getDeclaredFields (Ljava/lang/Class;)[Ljava/lang/reflect/Field; 38 <appendix> argL0 ; # com/google/inject/internal/DeclaredMembers$$Lambda+0x000002564138f8e8
instanceKlass  @bci com/google/inject/internal/DeclaredMembers getDeclaredFields (Ljava/lang/Class;)[Ljava/lang/reflect/Field; 20 <appendix> argL0 ; # com/google/inject/internal/DeclaredMembers$$Lambda+0x000002564138f6b8
instanceKlass  @bci com/google/inject/internal/DeclaredMembers getDeclaredFields (Ljava/lang/Class;)[Ljava/lang/reflect/Field; 15 <appendix> argL0 ; # com/google/inject/internal/DeclaredMembers$$Lambda+0x000002564138f488
instanceKlass  @bci com/google/inject/internal/DeclaredMembers getDeclaredFields (Ljava/lang/Class;)[Ljava/lang/reflect/Field; 7 <appendix> argL0 ; # com/google/inject/internal/DeclaredMembers$$Lambda+0x000002564138f258
instanceKlass com/google/inject/spi/InjectionPoint$InjectableMembers
instanceKlass com/google/inject/spi/InjectionPoint$InjectableMember
instanceKlass com/google/inject/spi/InjectionPoint
instanceKlass com/google/inject/internal/Scoping
instanceKlass com/google/inject/internal/InternalFactory
instanceKlass  @bci com/google/inject/internal/util/SourceProvider getCaller ()Ljava/lang/StackTraceElement; 4 <appendix> member <vmtarget> ; # com/google/inject/internal/util/SourceProvider$$Lambda+0x000002564138d248
instanceKlass com/google/inject/internal/InternalFlags$1
instanceKlass com/google/inject/internal/InternalFlags
instanceKlass com/google/inject/spi/InstanceBinding
instanceKlass com/google/inject/spi/ProviderKeyBinding
instanceKlass com/google/inject/spi/ProviderInstanceBinding
instanceKlass com/google/inject/internal/DelayedInitialize
instanceKlass com/google/inject/spi/ConstructorBinding
instanceKlass com/google/inject/spi/HasDependencies
instanceKlass com/google/inject/spi/LinkedKeyBinding
instanceKlass com/google/inject/spi/UntargettedBinding
instanceKlass com/google/inject/internal/BindingImpl
instanceKlass com/google/inject/Key$AnnotationStrategy
instanceKlass com/google/inject/Key
instanceKlass com/google/inject/util/Modules$EmptyModule
instanceKlass com/google/inject/util/Modules$OverriddenModuleBuilder
instanceKlass com/google/inject/util/Modules
instanceKlass  @bci com/google/inject/internal/DeclaredMembers getDeclaredMethods (Ljava/lang/Class;)[Ljava/lang/reflect/Method; 62 <appendix> argL0 ; # com/google/inject/internal/DeclaredMembers$$Lambda+0x0000025641385f78
instanceKlass com/google/common/collect/Ordering
instanceKlass  @bci com/google/inject/internal/DeclaredMembers getDeclaredMethods (Ljava/lang/Class;)[Ljava/lang/reflect/Method; 38 <appendix> argL0 ; # com/google/inject/internal/DeclaredMembers$$Lambda+0x0000025641383540
instanceKlass  @bci com/google/inject/internal/DeclaredMembers getDeclaredMethods (Ljava/lang/Class;)[Ljava/lang/reflect/Method; 33 <appendix> argL0 ; # com/google/inject/internal/DeclaredMembers$$Lambda+0x0000025641383310
instanceKlass  @bci java/util/Comparator comparing (Ljava/util/function/Function;Ljava/util/Comparator;)Ljava/util/Comparator; 12 <appendix> member <vmtarget> ; # java/util/Comparator$$Lambda+0x0000025641378e40
instanceKlass  @bci com/google/inject/internal/DeclaredMembers getDeclaredMethods (Ljava/lang/Class;)[Ljava/lang/reflect/Method; 20 <appendix> argL0 ; # com/google/inject/internal/DeclaredMembers$$Lambda+0x00000256413830e0
instanceKlass  @bci com/google/inject/internal/DeclaredMembers getDeclaredMethods (Ljava/lang/Class;)[Ljava/lang/reflect/Method; 15 <appendix> argL0 ; # com/google/inject/internal/DeclaredMembers$$Lambda+0x0000025641382eb0
instanceKlass  @bci com/google/inject/internal/DeclaredMembers getDeclaredMethods (Ljava/lang/Class;)[Ljava/lang/reflect/Method; 7 <appendix> argL0 ; # com/google/inject/internal/DeclaredMembers$$Lambda+0x0000025641382c80
instanceKlass com/google/inject/internal/DeclaredMembers
instanceKlass com/google/common/base/ExtraObjectsMethodsForWeb
instanceKlass com/google/common/collect/ImmutableMap$Builder
instanceKlass com/google/inject/internal/MoreTypes
instanceKlass com/google/inject/TypeLiteral
instanceKlass com/google/inject/multibindings/ProvidesIntoOptional
instanceKlass com/google/inject/multibindings/ProvidesIntoMap
instanceKlass com/google/inject/multibindings/ProvidesIntoSet
instanceKlass com/google/inject/Provides
instanceKlass com/google/inject/spi/ModuleAnnotatedMethodScanner
instanceKlass jakarta/inject/Singleton
instanceKlass javax/inject/Singleton
instanceKlass com/google/inject/spi/ElementSource
instanceKlass com/google/inject/spi/ScopeBinding
instanceKlass com/google/inject/Scopes$2
instanceKlass com/google/inject/Scopes$1
instanceKlass com/google/inject/internal/SingletonScope
instanceKlass com/google/inject/spi/BindingScopingVisitor
instanceKlass com/google/inject/Scopes
instanceKlass com/google/inject/Singleton
instanceKlass com/google/inject/spi/Elements$ModuleInfo
instanceKlass com/google/inject/PrivateModule
instanceKlass  @bci com/google/inject/spi/BindingSourceRestriction$PermitMapConstruction pushModule (Ljava/lang/Class;Lcom/google/inject/spi/ModuleSource;)V 5 <appendix> member <vmtarget> ; # com/google/inject/spi/BindingSourceRestriction$PermitMapConstruction$$Lambda+0x0000025641374a08
instanceKlass  @bci com/google/inject/spi/BindingSourceRestriction getPermits (Ljava/lang/Class;)Ljava/util/stream/Stream; 43 <appendix> argL0 ; # com/google/inject/spi/BindingSourceRestriction$$Lambda+0x00000256413747c8
instanceKlass  @bci com/google/inject/spi/BindingSourceRestriction getPermits (Ljava/lang/Class;)Ljava/util/stream/Stream; 33 <appendix> argL0 ; # com/google/inject/spi/BindingSourceRestriction$$Lambda+0x0000025641374598
instanceKlass sun/reflect/annotation/AnnotatedTypeFactory$AnnotatedTypeBaseImpl
instanceKlass java/lang/reflect/AnnotatedType
instanceKlass sun/reflect/annotation/AnnotatedTypeFactory
instanceKlass sun/reflect/annotation/TypeAnnotation$LocationInfo$Location
instanceKlass sun/reflect/annotation/TypeAnnotation$LocationInfo
instanceKlass sun/reflect/annotation/TypeAnnotation
instanceKlass sun/reflect/annotation/TypeAnnotationParser
instanceKlass com/google/inject/RestrictedBindingSource
instanceKlass com/google/inject/spi/BindingSourceRestriction
instanceKlass com/google/inject/spi/ModuleSource
instanceKlass com/google/inject/spi/BindingSourceRestriction$PermitMapConstruction$PermitMapImpl
instanceKlass com/google/inject/spi/BindingSourceRestriction$PermitMap
instanceKlass com/google/inject/spi/BindingSourceRestriction$PermitMapConstruction
instanceKlass com/google/inject/internal/ProviderMethodsModule
instanceKlass com/google/inject/internal/RealOptionalBinder
instanceKlass com/google/inject/internal/RealMultibinder
instanceKlass com/google/inject/internal/RealMapBinder$MultimapBinder
instanceKlass com/google/inject/internal/RealMapBinder
instanceKlass com/google/inject/internal/InternalClassesToSkipSources
instanceKlass com/google/inject/multibindings/OptionalBinder
instanceKlass com/google/inject/multibindings/Multibinder
instanceKlass com/google/inject/multibindings/MapBinder
instanceKlass com/google/inject/internal/AbstractBindingBuilder
instanceKlass com/google/inject/binder/ConstantBindingBuilder
instanceKlass com/google/inject/binder/AnnotatedConstantBindingBuilder
instanceKlass com/google/inject/binder/AnnotatedElementBuilder
instanceKlass com/google/inject/binder/AnnotatedBindingBuilder
instanceKlass com/google/inject/binder/LinkedBindingBuilder
instanceKlass com/google/inject/binder/ScopedBindingBuilder
instanceKlass com/google/inject/spi/Elements$RecordingBinder
instanceKlass com/google/inject/PrivateBinder
instanceKlass com/google/inject/Binding
instanceKlass com/google/inject/spi/DefaultBindingTargetVisitor
instanceKlass com/google/inject/Binder
instanceKlass com/google/inject/spi/BindingTargetVisitor
instanceKlass com/google/inject/spi/Elements
instanceKlass com/google/inject/internal/InjectorShell$RootModule
instanceKlass com/google/common/collect/ListMultimap
instanceKlass com/google/inject/internal/InjectorBindingData
instanceKlass  @bci com/google/inject/internal/WeakKeySet <init> (Ljava/lang/Object;)V 12 <appendix> member <vmtarget> ; # com/google/inject/internal/WeakKeySet$$Lambda+0x000002564136e988
instanceKlass com/google/inject/internal/WeakKeySet
instanceKlass com/google/common/collect/Sets
instanceKlass com/google/inject/internal/InjectorJitBindingData
instanceKlass com/google/inject/internal/ProcessedBindingData
instanceKlass com/google/inject/spi/Element
instanceKlass com/google/inject/spi/DefaultElementVisitor
instanceKlass com/google/inject/spi/ElementVisitor
instanceKlass com/google/inject/internal/InjectorShell$Builder
instanceKlass com/google/common/collect/Lists
instanceKlass com/google/common/collect/CollectPreconditions
instanceKlass com/google/common/collect/LinkedHashMultimap$MultimapIterationChain
instanceKlass com/google/common/collect/Platform
instanceKlass com/google/common/collect/Multiset
instanceKlass com/google/common/collect/AbstractMultimap
instanceKlass com/google/common/collect/SetMultimap
instanceKlass com/google/common/base/Converter
instanceKlass com/google/common/collect/ImmutableMap
instanceKlass com/google/common/collect/BiMap
instanceKlass com/google/common/collect/SortedMapDifference
instanceKlass com/google/common/collect/MapDifference
instanceKlass com/google/common/collect/Maps
instanceKlass com/google/inject/internal/CycleDetectingLock
instanceKlass com/google/common/collect/Multimap
instanceKlass com/google/inject/internal/CycleDetectingLock$CycleDetectingLockFactory
instanceKlass com/google/inject/internal/Initializable
instanceKlass com/google/inject/internal/Initializer
instanceKlass com/google/common/collect/PeekingIterator
instanceKlass com/google/common/collect/UnmodifiableIterator
instanceKlass com/google/common/collect/Iterators
instanceKlass com/google/common/collect/ImmutableCollection$Builder
instanceKlass com/google/common/collect/Hashing
instanceKlass com/google/common/math/IntMath$1
instanceKlass com/google/common/math/MathPreconditions
instanceKlass com/google/common/math/IntMath
instanceKlass com/google/common/collect/ImmutableSet$SetBuilderImpl
instanceKlass com/google/inject/internal/util/NewThrowableFinder
instanceKlass com/google/inject/internal/util/CallerFinder
instanceKlass com/google/inject/internal/util/SourceProvider
instanceKlass com/google/inject/spi/ErrorDetail
instanceKlass com/google/inject/internal/Errors
instanceKlass com/google/common/base/Stopwatch
instanceKlass com/google/inject/internal/util/ContinuousStopwatch
instanceKlass com/google/inject/internal/InternalInjectorCreator
instanceKlass com/google/inject/Guice
instanceKlass com/google/inject/AbstractModule
instanceKlass com/google/inject/Module
instanceKlass com/google/inject/spi/ProvisionListener
instanceKlass  @bci hudson/ExtensionFinder$GuiceFinder refreshExtensionAnnotations ()V 75 <appendix> member <vmtarget> ; # hudson/ExtensionFinder$GuiceFinder$$Lambda+0x0000025641359b48
instanceKlass net/java/sezpoz/IndexItem$AnnotationProxy
instanceKlass hudson/ExtensionComponent
instanceKlass  @bci hudson/ExtensionFinder$GuiceFinder refreshExtensionAnnotations ()V 3 <appendix> argL0 ; # hudson/ExtensionFinder$GuiceFinder$$Lambda+0x00000256413594e0
instanceKlass jenkins/util/DefaultScriptListener
instanceKlass jenkins/util/ScriptListener
instanceKlass  @bci jenkins/tools/GlobalToolConfiguration <clinit> ()V 0 <appendix> argL0 ; # jenkins/tools/GlobalToolConfiguration$$Lambda+0x00000256413565c0
instanceKlass jenkins/telemetry/impl/UserLanguages$AcceptLanguageFilter
instanceKlass hudson/model/Run$DefaultFeedAdapter
instanceKlass  @bci hudson/model/Run <clinit> ()V 66 <appendix> argL0 ; # hudson/model/Run$$Lambda+0x0000025641354c30
instanceKlass jenkins/model/ArtifactManager
instanceKlass hudson/model/BuildListener
instanceKlass hudson/model/Run$RunExecution
instanceKlass jenkins/telemetry/Telemetry
instanceKlass jenkins/slaves/systemInfo/SlaveSystemInfo
instanceKlass jenkins/slaves/restarter/SlaveRestarter
instanceKlass jenkins/slaves/NioChannelSelector
instanceKlass javax/net/ssl/TrustManager
instanceKlass java/security/cert/X509Extension
instanceKlass jenkins/slaves/IOHubProvider
instanceKlass jenkins/slaves/JnlpSlaveAgentProtocol
instanceKlass org/jenkinsci/remoting/engine/JnlpConnectionState$ListenerState
instanceKlass org/jenkinsci/remoting/engine/JnlpClientDatabase
instanceKlass org/jenkinsci/remoting/engine/JnlpConnectionStateListener
instanceKlass jenkins/security/stapler/RoutingDecisionProvider
instanceKlass hudson/remoting/JarURLValidator
instanceKlass org/jenkinsci/remoting/RoleChecker
instanceKlass jenkins/security/ChannelConfigurator
instanceKlass jenkins/security/s2m/AdminWhitelistRule
instanceKlass jenkins/security/csp/impl/UserAvatarContributor
instanceKlass jenkins/security/csp/impl/SystemPropertyHeaderDecider
instanceKlass jenkins/security/csp/impl/LoggingReceiver
instanceKlass jenkins/security/csp/CspReceiver
instanceKlass jenkins/security/csp/impl/FallbackDecider
instanceKlass jenkins/security/csp/impl/DevelopmentHeaderDecider
instanceKlass jenkins/security/csp/impl/CspConfiguration$ConfigurationHeaderDecider
instanceKlass jenkins/security/csp/CspHeaderDecider
instanceKlass jenkins/security/csp/impl/CompatibleContributor
instanceKlass jenkins/security/csp/impl/BaseContributor
instanceKlass jenkins/security/csp/AvatarContributor
instanceKlass jenkins/security/csp/Contributor
instanceKlass jenkins/security/UserDetailsCache
instanceKlass jenkins/security/SecureRequester$Default
instanceKlass jenkins/security/SecureRequester
instanceKlass jenkins/security/ResourceDomainRootAction
instanceKlass jenkins/security/ResourceDomainFilter
instanceKlass jenkins/security/QueueItemAuthenticatorProvider
instanceKlass jenkins/security/SecurityListener
instanceKlass hudson/util/Secret$2
instanceKlass hudson/util/Secret$1
instanceKlass hudson/util/Secret
instanceKlass jenkins/security/ExtendedReadSecretRedaction
instanceKlass jenkins/security/ExtendedReadRedaction
instanceKlass jenkins/security/CustomClassFilter$Static
instanceKlass org/springframework/security/authentication/AuthenticationDetailsSource
instanceKlass jenkins/security/BasicHeaderAuthenticator
instanceKlass jenkins/search/SearchGroup$ViewSearchGroup
instanceKlass jenkins/search/SearchGroup$UserSearchGroup
instanceKlass jenkins/search/SearchGroup$UnclassifiedSearchGroup
instanceKlass jenkins/search/SearchGroup$ItemSearchGroup
instanceKlass jenkins/search/SearchGroup$ComputerSearchGroup
instanceKlass jenkins/mvn/GlobalSettingsProvider
instanceKlass jenkins/mvn/SettingsProvider
instanceKlass hudson/model/Queue$QueueDecisionHandler
instanceKlass jenkins/model/navigation/UserAction
instanceKlass jenkins/model/navigation/SearchAction
instanceKlass jenkins/model/lazy/BuildReference$Holder
instanceKlass jenkins/model/lazy/BuildReference$DefaultHolderFactory
instanceKlass jenkins/model/lazy/BuildReference$HolderFactory
instanceKlass jenkins/model/item_category/ItemCategory
instanceKlass jenkins/model/identity/IdentityRootAction
instanceKlass jenkins/model/experimentalflags/UserExperimentalFlag
instanceKlass jenkins/model/details/DetailGroup
instanceKlass hudson/model/TransientViewActionFactory
instanceKlass jenkins/model/PeepholePermalink$Cache$Known
instanceKlass jenkins/model/PeepholePermalink$Cache$PermalinkTarget
instanceKlass jenkins/model/PeepholePermalink$DefaultCache
instanceKlass jenkins/model/PeepholePermalink$Cache
instanceKlass hudson/security/FederatedLoginService
instanceKlass hudson/model/Fingerprint
instanceKlass hudson/model/DirectoryBrowserSupport
instanceKlass hudson/util/ClockDifference
instanceKlass com/google/inject/Injector
instanceKlass hudson/model/Slave$JnlpJar
instanceKlass javax/servlet/RequestDispatcher
instanceKlass hudson/model/Environment
instanceKlass hudson/model/listeners/RunListener
instanceKlass java/lang/Class$EnclosingMethodInfo
instanceKlass hudson/model/EnvironmentContributor
instanceKlass hudson/model/BuildableItemWithBuildWrappers
instanceKlass hudson/tasks/Maven$ProjectWithMaven
instanceKlass jenkins/triggers/SCMTriggerItem
instanceKlass hudson/model/Items$2
instanceKlass hudson/model/Items$1
instanceKlass  @bci hudson/model/Items <clinit> ()V 12 <appendix> argL0 ; # hudson/model/Items$$Lambda+0x000002564132cd48
instanceKlass hudson/model/Items
instanceKlass hudson/model/DescriptorVisibilityFilter
instanceKlass jenkins/model/AssetManager
instanceKlass jenkins/model/TransientActionFactory
instanceKlass jenkins/install/InstallState
instanceKlass jenkins/fingerprints/FingerprintStorage
instanceKlass jenkins/diagnostics/CompletedInitializationMonitor$HealthCheckImpl
instanceKlass jenkins/cli/listeners/DefaultCLIListener
instanceKlass jenkins/cli/listeners/CLIListener
instanceKlass  @bci jenkins/appearance/AppearanceGlobalConfiguration <clinit> ()V 11 <appendix> argL0 ; # jenkins/appearance/AppearanceGlobalConfiguration$$Lambda+0x0000025641320bb8
instanceKlass jenkins/model/GlobalConfigurationCategory
instanceKlass hudson/URLConnectionDecorator
instanceKlass jenkins/I18n
instanceKlass jenkins/widgets/WidgetFactory
instanceKlass hudson/tools/ToolLocationTranslator
instanceKlass hudson/model/DownloadService$Downloadable
instanceKlass jenkins/model/BuildDiscarder
instanceKlass hudson/slaves/NodeProvisioner$Strategy
instanceKlass jenkins/security/SlaveToMasterCallable
instanceKlass hudson/remoting/Channel$Listener
instanceKlass jenkins/security/ConfidentialKey
instanceKlass hudson/security/WhoAmI
instanceKlass  @bci hudson/security/GlobalSecurityConfiguration <clinit> ()V 11 <appendix> argL0 ; # hudson/security/GlobalSecurityConfiguration$$Lambda+0x000002564130d4c0
instanceKlass  @bci hudson/node_monitors/NodeMonitorUpdater <clinit> ()V 8 <appendix> argL0 ; # hudson/node_monitors/NodeMonitorUpdater$$Lambda+0x000002564130ac40
instanceKlass  @bci hudson/node_monitors/NodeMonitorUpdater <clinit> ()V 0 <appendix> argL0 ; # hudson/node_monitors/NodeMonitorUpdater$$Lambda+0x000002564130aa30
instanceKlass hudson/model/TransientUserActionFactory
instanceKlass hudson/model/userproperty/UserPropertyCategory
instanceKlass hudson/model/queue/LoadPredictor
instanceKlass  @bci hudson/model/User$UserIDCanonicalIdResolver <clinit> ()V 17 <appendix> argL0 ; # hudson/model/User$UserIDCanonicalIdResolver$$Lambda+0x00000256413055b8
instanceKlass hudson/model/User$CanonicalIdResolver
instanceKlass java/security/interfaces/RSAKey
instanceKlass hudson/model/PersistentDescriptor
instanceKlass hudson/model/RestartListener
instanceKlass hudson/model/JobProperty
instanceKlass hudson/tasks/BuildStep
instanceKlass hudson/model/UserProperty
instanceKlass hudson/model/ManageJenkinsAction
instanceKlass hudson/model/Label$LabelComputerSourceImpl
instanceKlass hudson/model/Label$LabelComputerSource
instanceKlass hudson/model/Job$DefaultBuildNumberAssigner
instanceKlass hudson/model/Job$BuildNumberAssigner
instanceKlass jenkins/model/details/DetailFactory
instanceKlass  @bci org/jenkins/ui/icon/Icon toNormalizedCSSSelector (Ljava/lang/String;)Ljava/lang/String; 92 <appendix> argL0 ; # org/jenkins/ui/icon/Icon$$Lambda+0x00000256412fc9b0
instanceKlass org/jenkins/ui/icon/IconSet
instanceKlass hudson/model/queue/QueueListener
instanceKlass hudson/model/EnvironmentContributor$EnvVarsHtml
instanceKlass hudson/model/DownloadService
instanceKlass hudson/model/ComputerSet$ComputerSourceImpl
instanceKlass hudson/model/ComputerSet$ComputerSource
instanceKlass hudson/model/ComputerPinger
instanceKlass hudson/model/ParameterDefinition
instanceKlass hudson/model/listeners/ItemListener
instanceKlass hudson/model/listeners/SaveableListener
instanceKlass hudson/console/ConsoleAnnotator
instanceKlass hudson/console/ConsoleAnnotatorFactory
instanceKlass hudson/model/InvisibleAction
instanceKlass org/codehaus/groovy/tools/shell/Shell
instanceKlass groovy/lang/GroovyObjectSupport
instanceKlass groovy/lang/GroovyObject
instanceKlass groovy/lang/GroovyCallable
instanceKlass  @bci hudson/ExtensionFinder getClassFromIndex (Lnet/java/sezpoz/IndexItem;)Ljava/lang/Class; 13 <appendix> argL2 form vmentry <vmtarget> ; # java/lang/invoke/LambdaForm$MH+0x00000256412f0000
instanceKlass java/lang/invoke/MethodHandleImpl$CountingWrapper$1
instanceKlass hudson/security/csrf/CrumbExclusion
instanceKlass jenkins/websocket/WebSocketSession
instanceKlass hudson/cli/CLIAction
instanceKlass hudson/model/UnprotectedRootAction
instanceKlass hudson/model/RootAction
instanceKlass hudson/model/Cause
instanceKlass org/kohsuke/args4j/OptionHandlerRegistry$DefaultConstructorHandlerFactory
instanceKlass org/kohsuke/args4j/OptionHandlerRegistry$OptionHandlerFactory
instanceKlass org/kohsuke/args4j/OptionHandlerRegistry
instanceKlass org/kohsuke/args4j/Utilities
instanceKlass org/kohsuke/args4j/spi/Parameters
instanceKlass org/kohsuke/args4j/OptionHandlerFilter
instanceKlass org/kohsuke/args4j/Localizable
instanceKlass org/jvnet/tiger_types/ParameterizedTypeImpl
instanceKlass java/lang/reflect/WildcardType
instanceKlass org/jvnet/tiger_types/Types$BinderArg
instanceKlass org/jvnet/tiger_types/TypeVisitor
instanceKlass org/jvnet/tiger_types/Types
instanceKlass org/kohsuke/args4j/spi/Setter
instanceKlass org/kohsuke/args4j/OptionDef
instanceKlass org/kohsuke/args4j/CmdLineParser
instanceKlass org/kohsuke/args4j/spi/OptionHandler
instanceKlass hudson/cli/declarative/OptionHandlerExtension
instanceKlass hudson/cli/CLICommand
instanceKlass jenkins/AgentProtocol
instanceKlass hudson/TcpSlaveAgentListener$EnforcedPortHealthCheck
instanceKlass jenkins/health/HealthCheck
instanceKlass com/google/inject/Provider
instanceKlass jakarta/inject/Provider
instanceKlass javax/inject/Provider
instanceKlass hudson/ExtensionFinder$GuiceFinder$FaultTolerantScope
instanceKlass com/google/inject/Scope
instanceKlass hudson/ExtensionFinder$GuiceExtensionAnnotation
instanceKlass hudson/ExtensionListView
instanceKlass jenkins/model/menu/event/Event
instanceKlass  @bci hudson/ExtensionFinder getClassFromIndex (Lnet/java/sezpoz/IndexItem;)Ljava/lang/Class; 13 <adapter> ; # java/lang/invoke/LambdaForm$MH+0x00000256412df400
# instanceKlass java/lang/invoke/LambdaForm$DMH+0x00000256412df000
instanceKlass  @bci hudson/ExtensionFinder getClassFromIndex (Lnet/java/sezpoz/IndexItem;)Ljava/lang/Class; 13 <appendix> form vmentry <vmtarget> ; # java/lang/invoke/LambdaForm$MH+0x00000256412dec00
instanceKlass  @bci hudson/ExtensionFinder getClassFromIndex (Lnet/java/sezpoz/IndexItem;)Ljava/lang/Class; 13 <appendix> argL4 form vmentry <vmtarget> ; # java/lang/invoke/LambdaForm$MH+0x00000256412de800
# instanceKlass java/lang/invoke/LambdaForm$DMH+0x00000256412de400
instanceKlass java/lang/invoke/ClassSpecializer$Factory$1Var
instanceKlass  @bci hudson/ExtensionFinder getClassFromIndex (Lnet/java/sezpoz/IndexItem;)Ljava/lang/Class; 13 <appendix> argL4 form names 4 function resolvedHandle form vmentry <vmtarget> ; # java/lang/invoke/LambdaForm$DMH+0x00000256412de000
# instanceKlass java/lang/invoke/LambdaForm$MH+0x00000256412ddc00
# instanceKlass java/lang/invoke/LambdaForm$MH+0x00000256412dd800
instanceKlass  @bci hudson/ExtensionFinder getClassFromIndex (Lnet/java/sezpoz/IndexItem;)Ljava/lang/Class; 13 <appendix> argL1 form vmentry <vmtarget> ; # java/lang/invoke/LambdaForm$MH+0x00000256412dd400
instanceKlass  @bci hudson/ExtensionFinder getClassFromIndex (Lnet/java/sezpoz/IndexItem;)Ljava/lang/Class; 13 <appendix> form names 9 function resolvedHandle form vmentry <vmtarget> ; # java/lang/invoke/LambdaForm$DMH+0x00000256412dd000
# instanceKlass java/lang/invoke/LambdaForm$MH+0x00000256412dcc00
instanceKlass  @bci hudson/ExtensionFinder getClassFromIndex (Lnet/java/sezpoz/IndexItem;)Ljava/lang/Class; 13 <appendix> argL0 form vmentry <vmtarget> ; # java/lang/invoke/LambdaForm$MH+0x00000256412dc800
# instanceKlass java/lang/invoke/LambdaForm$MH+0x00000256412dc400
# instanceKlass java/lang/invoke/LambdaForm$DMH+0x00000256412dc000
instanceKlass java/lang/invoke/MethodHandleImpl$TableSwitchCacheKey
instanceKlass sun/invoke/util/ValueConversions$1
# instanceKlass java/lang/invoke/LambdaForm$MH+0x00000256412dbc00
# instanceKlass java/lang/invoke/LambdaForm$MH+0x00000256412db800
# instanceKlass java/lang/invoke/LambdaForm$MH+0x00000256412db400
# instanceKlass java/lang/invoke/LambdaForm$MH+0x00000256412db000
# instanceKlass java/lang/invoke/LambdaForm$MH+0x00000256412dac00
# instanceKlass java/lang/invoke/LambdaForm$MH+0x00000256412da800
# instanceKlass java/lang/invoke/LambdaForm$MH+0x00000256412da400
instanceKlass java/lang/invoke/MethodHandleImpl$Makers$2
instanceKlass java/lang/invoke/MethodHandleImpl$Makers$1
instanceKlass java/lang/invoke/MethodHandleImpl$Makers
instanceKlass  @bci hudson/ExtensionFinder getClassFromIndex (Lnet/java/sezpoz/IndexItem;)Ljava/lang/Class; 13 <appendix> form names 11 function resolvedHandle form vmentry <vmtarget> ; # java/lang/invoke/LambdaForm$MH+0x00000256412da000
instanceKlass  @bci hudson/ExtensionFinder getClassFromIndex (Lnet/java/sezpoz/IndexItem;)Ljava/lang/Class; 13 <appendix> form names 11 function resolvedHandle form names 5 function resolvedHandle form vmentry <vmtarget> ; # java/lang/invoke/LambdaForm$DMH+0x00000256412d9c00
# instanceKlass java/lang/invoke/LambdaForm$DMH+0x00000256412d9800
# instanceKlass java/lang/invoke/LambdaForm$MH+0x00000256412d9400
instanceKlass java/util/ReverseOrderListView
# instanceKlass java/lang/invoke/LambdaForm$MH+0x00000256412d9000
# instanceKlass java/lang/invoke/LambdaForm$MH+0x00000256412d8c00
instanceKlass  @bci java/lang/runtime/SwitchBootstraps typeSwitch (Ljava/lang/invoke/MethodHandles$Lookup;Ljava/lang/String;Ljava/lang/invoke/MethodType;[Ljava/lang/Object;)Ljava/lang/invoke/CallSite; 90 <appendix> argL0 ; # java/lang/runtime/SwitchBootstraps$$Lambda+0x00000256411fa580
# instanceKlass java/lang/invoke/LambdaForm$DMH+0x00000256412d8800
# instanceKlass java/lang/invoke/LambdaForm$DMH+0x00000256412d8400
instanceKlass java/lang/runtime/SwitchBootstraps$EnumMap
# instanceKlass java/lang/invoke/LambdaForm$DMH+0x00000256412d8000
# instanceKlass java/lang/invoke/LambdaForm$DMH+0x00000256412d7c00
instanceKlass  @cpi java/util/Comparator 256 form vmentry <vmtarget> ; # java/lang/invoke/LambdaForm$DMH+0x00000256412d7800
instanceKlass java/lang/runtime/SwitchBootstraps$ResolvedEnumLabel
instanceKlass java/lang/constant/DynamicConstantDesc
# instanceKlass java/lang/invoke/LambdaForm$MH+0x00000256412d7400
instanceKlass  @cpi com/google/inject/internal/AbstractProcessor 77 form vmentry <vmtarget> ; # java/lang/invoke/LambdaForm$DMH+0x00000256412d7000
# instanceKlass java/lang/invoke/LambdaForm$DMH+0x00000256412d6c00
instanceKlass java/lang/runtime/SwitchBootstraps
# instanceKlass java/lang/invoke/LambdaForm$MH+0x00000256412d6800
instanceKlass net/java/sezpoz/IndexItem
# instanceKlass java/lang/invoke/LambdaForm$MH+0x00000256412d5c00
# instanceKlass java/lang/invoke/LambdaForm$MH+0x00000256412d5800
# instanceKlass java/lang/invoke/LambdaForm$MH+0x00000256412d5400
instanceKlass java/io/SerialCallbackContext
instanceKlass java/io/ObjectInputStream$GetField
instanceKlass java/io/ObjectStreamClass$ClassDataSlot
instanceKlass java/io/ObjectStreamClass$FieldReflector
instanceKlass java/io/ObjectStreamClass$FieldReflectorKey
instanceKlass jdk/internal/reflect/ClassDefiner$1
instanceKlass jdk/internal/reflect/ClassDefiner
instanceKlass jdk/internal/reflect/MethodAccessorGenerator$1
instanceKlass jdk/internal/reflect/Label$PatchInfo
instanceKlass jdk/internal/reflect/Label
instanceKlass jdk/internal/reflect/UTF8
instanceKlass jdk/internal/reflect/ClassFileAssembler
instanceKlass jdk/internal/reflect/ByteVectorImpl
instanceKlass jdk/internal/reflect/ByteVector
instanceKlass jdk/internal/reflect/ByteVectorFactory
instanceKlass jdk/internal/reflect/AccessorGenerator
instanceKlass jdk/internal/reflect/ClassFileConstants
instanceKlass  @bci jdk/internal/reflect/MethodHandleLongFieldAccessorImpl getLong (Ljava/lang/Object;)J 11 <adapter> ; # java/lang/invoke/LambdaForm$MH+0x00000256412d4800
# instanceKlass java/lang/invoke/LambdaForm$DMH+0x00000256412d4400
instanceKlass java/io/ObjectStreamClass$2
instanceKlass java/io/ClassCache
instanceKlass java/io/ObjectStreamClass$Caches
instanceKlass net/java/sezpoz/impl/SerAnnotatedElement
instanceKlass java/io/ObjectStreamClass
instanceKlass  @bci java/io/ObjectInputFilter$Config <clinit> ()V 368 <appendix> argL0 ; # java/io/ObjectInputFilter$Config$$Lambda+0x00000256411f48c0
instanceKlass jdk/internal/access/JavaObjectInputFilterAccess
instanceKlass java/io/ObjectInputFilter$Config$BuiltinFilterFactory
instanceKlass  @bci java/io/ObjectInputFilter$Config <clinit> ()V 80 <appendix> argL0 ; # java/io/ObjectInputFilter$Config$$Lambda+0x00000256411f4288
instanceKlass  @bci java/io/ObjectInputFilter$Config <clinit> ()V 56 <appendix> argL0 ; # java/io/ObjectInputFilter$Config$$Lambda+0x00000256411f4078
instanceKlass java/io/ObjectInputFilter
instanceKlass java/io/ObjectInputFilter$Config
instanceKlass java/io/ObjectInputStream$ValidationList
instanceKlass java/io/ObjectInputStream$HandleTable$HandleList
instanceKlass java/io/ObjectInputStream$HandleTable
instanceKlass  @bci java/io/ObjectInputStream <clinit> ()V 100 <appendix> argL0 ; # java/io/ObjectInputStream$$Lambda+0x00000256411f2b88
instanceKlass jdk/internal/access/JavaObjectInputStreamReadString
instanceKlass  @bci java/io/ObjectInputStream <clinit> ()V 92 <appendix> argL0 ; # java/io/ObjectInputStream$$Lambda+0x00000256411f2788
instanceKlass  @cpi java/io/ObjectInputStream 1214 form vmentry <vmtarget> ; # java/lang/invoke/LambdaForm$DMH+0x00000256412d4000
instanceKlass jdk/internal/access/JavaObjectInputStreamAccess
instanceKlass net/java/sezpoz/Index$LazyIndexIterator
instanceKlass net/java/sezpoz/Index
instanceKlass jenkins/ExtensionComponentSet
instanceKlass  @bci hudson/ExtensionList load ()Ljava/util/List; 4 <appendix> member <vmtarget> ; # hudson/ExtensionList$$Lambda+0x00000256412cac28
instanceKlass hudson/ExtensionList$Lock
instanceKlass hudson/ExtensionFinder
instanceKlass  @bci hudson/PluginManager$2$1 run (Lorg/jvnet/hudson/reactor/Reactor;)V 258 <appendix> member <vmtarget> ; # hudson/PluginManager$2$1$$Lambda+0x00000256412cbcd8
instanceKlass hudson/PluginWrapper
instanceKlass hudson/PluginManager$PluginInstanceStore
instanceKlass hudson/util/CyclicGraphDetector
instanceKlass hudson/PluginManager$1$3$2
instanceKlass  @bci hudson/init/InitStrategy listPluginFiles (Lhudson/PluginManager;Ljava/lang/String;Ljava/util/Collection;)V 73 <appendix> argL0 ; # hudson/init/InitStrategy$$Lambda+0x00000256412cf7e0
instanceKlass hudson/init/InitStrategy$FilterByExtension
instanceKlass hudson/util/VersionNumber$StringItem
instanceKlass org/apache/commons/io/FilenameUtils
instanceKlass hudson/util/VersionNumber$WildCardItem
instanceKlass hudson/model/Result$2
instanceKlass  @bci java/util/stream/Collectors toUnmodifiableList ()Ljava/util/stream/Collector; 19 <appendix> argL0 ; # java/util/stream/Collectors$$Lambda+0x00000256411f1f48
instanceKlass org/apache/commons/io/filefilter/AbstractFileFilter
instanceKlass  @bci java/util/stream/Collectors toUnmodifiableList ()Ljava/util/stream/Collector; 14 <appendix> argL0 ; # java/util/stream/Collectors$$Lambda+0x00000256411f1d10
instanceKlass  @bci java/util/stream/Collectors toUnmodifiableList ()Ljava/util/stream/Collector; 9 <appendix> argL0 ; # java/util/stream/Collectors$$Lambda+0x00000256411f1af0
instanceKlass  @bci java/util/stream/Collectors toUnmodifiableList ()Ljava/util/stream/Collector; 4 <appendix> argL0 ; # java/util/stream/Collectors$$Lambda+0x00000256411f18e0
instanceKlass org/apache/commons/io/file/PathVisitor
instanceKlass  @bci jenkins/plugins/DetachedPluginsUtil <clinit> ()V 23 <appendix> argL0 ; # jenkins/plugins/DetachedPluginsUtil$$Lambda+0x00000256412ccac0
instanceKlass jenkins/plugins/DetachedPluginsUtil$DetachedPlugin
instanceKlass org/apache/commons/io/filefilter/IOFileFilter
instanceKlass jenkins/util/HttpServletFilter$1
instanceKlass  @bci org/jenkins/ui/icon/Icon toNormalizedIconName (Ljava/lang/String;)Ljava/lang/String; 18 <appendix> member <vmtarget> ; # org/jenkins/ui/icon/Icon$$Lambda+0x00000256412cc218
instanceKlass  @bci hudson/model/Computer relocateOldLogs (Ljava/io/File;)V 9 <appendix> member <vmtarget> ; # hudson/model/Computer$$Lambda+0x00000256412cc000
instanceKlass  @bci jenkins/plugins/DetachedPluginsUtil configLines (Ljava/io/InputStream;)Ljava/util/stream/Stream; 12 <appendix> argL0 ; # jenkins/plugins/DetachedPluginsUtil$$Lambda+0x00000256412c7c70
instanceKlass hudson/init/impl/InstallUncaughtExceptionHandler$DefaultUncaughtExceptionHandler
# instanceKlass java/lang/invoke/LambdaForm$MH+0x00000256412ca000
instanceKlass  @bci hudson/model/View <clinit> ()V 12 <appendix> argL0 ; # hudson/model/View$$Lambda+0x00000256412c7828
instanceKlass org/apache/commons/io/file/PathFilter
instanceKlass jenkins/plugins/DetachedPluginsUtil
# instanceKlass java/lang/invoke/LambdaForm$MH+0x00000256412c9000
instanceKlass org/jenkins/ui/icon/Icon
instanceKlass  @bci hudson/init/impl/InstallUncaughtExceptionHandler init (Ljenkins/model/Jenkins;)V 5 <appendix> member <vmtarget> ; # hudson/init/impl/InstallUncaughtExceptionHandler$$Lambda+0x00000256412c7228
instanceKlass  @cpi hudson/init/impl/InstallUncaughtExceptionHandler 196 form vmentry <vmtarget> ; # java/lang/invoke/LambdaForm$DMH+0x00000256412c8000
instanceKlass org/kohsuke/stapler/UncaughtExceptionHandler
instanceKlass jenkins/install/InstallUtil
instanceKlass  @bci org/jvnet/hudson/reactor/ReactorListener$Aggregator onTaskCompleted (Lorg/jvnet/hudson/reactor/Task;)V 2 <appendix> member <vmtarget> ; # org/jvnet/hudson/reactor/ReactorListener$Aggregator$$Lambda+0x00000256412c66b8
# instanceKlass org/jvnet/hudson/reactor/ReactorListener$Aggregator$$Lambda+0x00000256412c64a0
instanceKlass  @bci org/jvnet/hudson/reactor/ReactorListener$Aggregator onTaskStarted (Lorg/jvnet/hudson/reactor/Task;)V 2 <appendix> member <vmtarget> ; # org/jvnet/hudson/reactor/ReactorListener$Aggregator$$Lambda+0x00000256412c6288
instanceKlass  @bci org/jvnet/hudson/reactor/ReactorListener$Aggregator onAttained (Lorg/jvnet/hudson/reactor/Milestone;)V 2 <appendix> member <vmtarget> ; # org/jvnet/hudson/reactor/ReactorListener$Aggregator$$Lambda+0x00000256412c6070
instanceKlass org/jvnet/hudson/reactor/ReactorListener$Aggregator$ListenerAction
instanceKlass  @bci jenkins/security/ImpersonatingExecutorService wrap (Ljava/lang/Runnable;)Ljava/lang/Runnable; 2 <appendix> member <vmtarget> ; # jenkins/security/ImpersonatingExecutorService$$Lambda+0x00000256412c5c68
instanceKlass org/jvnet/hudson/reactor/ReactorListener$Aggregator
instanceKlass jenkins/InitReactorRunner$1
instanceKlass hudson/init/InitReactorListener
instanceKlass jenkins/InitReactorRunner
instanceKlass org/jvnet/hudson/reactor/Reactor$1
instanceKlass org/jvnet/hudson/reactor/Reactor$2
instanceKlass org/jvnet/hudson/reactor/Reactor$Node
instanceKlass jenkins/views/Header
instanceKlass jenkins/util/HttpServletFilter
instanceKlass jenkins/security/JettySameSiteCookieSetup
instanceKlass jenkins/security/CustomClassFilter$Contributed
instanceKlass jenkins/security/CustomClassFilter
instanceKlass jenkins/model/Uptime
instanceKlass net/sf/json/AbstractJSON
instanceKlass net/sf/json/JSON
instanceKlass hudson/slaves/Cloud$CloudState
instanceKlass hudson/util/MultipartFormDataParser
instanceKlass jenkins/security/stapler/StaplerAccessibleType
instanceKlass hudson/util/AlternativeUiTextProvider$Message
instanceKlass jenkins/model/item_category/Categories
instanceKlass hudson/Indenter
instanceKlass hudson/search/SearchIndexBuilder
instanceKlass org/kohsuke/stapler/StaplerResponse
instanceKlass javax/servlet/http/HttpServletResponse
instanceKlass javax/servlet/ServletResponse
instanceKlass hudson/model/TopLevelItem
instanceKlass hudson/model/User$AllUsers
instanceKlass jenkins/security/stapler/StaplerNotDispatchable
instanceKlass hudson/PluginManager$MetadataCache
instanceKlass hudson/model/UpdateCenter$PluginEntry
instanceKlass jenkins/management/Badge
instanceKlass org/kohsuke/stapler/StaplerRequest
instanceKlass javax/servlet/http/HttpServletRequest
instanceKlass hudson/model/UpdateSite$Entry
instanceKlass hudson/model/StatusIcon
instanceKlass jenkins/util/ThrowingCallable
instanceKlass jenkins/util/ThrowingRunnable
instanceKlass hudson/model/Queue$StubItem
instanceKlass hudson/model/queue/QueueSorter
instanceKlass hudson/node_monitors/NodeMonitor
instanceKlass hudson/cli/declarative/CLIResolver
instanceKlass jenkins/security/stapler/StaplerDispatchable
instanceKlass org/kohsuke/stapler/WebMethod
instanceKlass org/kohsuke/stapler/verb/POST
instanceKlass net/jcip/annotations/GuardedBy
instanceKlass org/kohsuke/stapler/export/Exported
instanceKlass hudson/model/queue/WorkUnit
instanceKlass hudson/slaves/WorkspaceList
instanceKlass hudson/slaves/RetentionStrategy
instanceKlass hudson/slaves/ComputerListener
instanceKlass jenkins/search/SearchGroup
instanceKlass hudson/model/BuildTimelineWidget
instanceKlass org/kohsuke/stapler/framework/io/LargeText
instanceKlass hudson/util/RemotingDiagnostics$HeapDump
instanceKlass jenkins/model/IExecutor
instanceKlass hudson/slaves/OfflineCause
instanceKlass jenkins/agents/IOfflineCause
instanceKlass org/kohsuke/stapler/export/ExportedBean
instanceKlass hudson/ExtensionListListener
instanceKlass org/kohsuke/stapler/DataBoundConstructor
instanceKlass org/kohsuke/stapler/DataBoundSetter
instanceKlass org/kohsuke/stapler/interceptor/InterceptorAnnotation
instanceKlass org/kohsuke/stapler/interceptor/RequirePOST
instanceKlass jenkins/model/ModelObjectWithContextMenu$ContextMenu
instanceKlass hudson/model/ManagementLink
instanceKlass hudson/model/Action
instanceKlass hudson/lifecycle/Lifecycle
instanceKlass hudson/init/impl/InstallUncaughtExceptionHandler
instanceKlass hudson/init/impl/InitialUserContent
instanceKlass hudson/init/impl/GroovyInitScript
instanceKlass hudson/init/TaskMethodFinder$TaskImpl
instanceKlass java/util/LinkedList$Node
instanceKlass org/jenkinsci/Symbol
instanceKlass net/java/sezpoz/Indexable
instanceKlass hudson/Extension
instanceKlass  @bci hudson/util/CachingClassLoader loadClass (Ljava/lang/String;Z)Ljava/lang/Class; 7 <appendix> member <vmtarget> ; # hudson/util/CachingClassLoader$$Lambda+0x00000256412afa50
instanceKlass org/jvnet/hudson/annotation_indexer/Index$2$1
instanceKlass org/jvnet/hudson/annotation_indexer/SubtypeIterator
instanceKlass org/jvnet/hudson/annotation_indexer/Index$1
instanceKlass org/jvnet/hudson/annotation_indexer/Index$2
instanceKlass org/jvnet/hudson/annotation_indexer/Index
instanceKlass org/jvnet/hudson/reactor/ReactorListener$1
instanceKlass org/jvnet/hudson/reactor/Executable$1
instanceKlass  @bci jenkins/model/Jenkins loadTasks ()Lorg/jvnet/hudson/reactor/TaskBuilder; 331 <appendix> member <vmtarget> ; # jenkins/model/Jenkins$$Lambda+0x00000256412ae680
instanceKlass  @bci jenkins/model/Jenkins loadTasks ()Lorg/jvnet/hudson/reactor/TaskBuilder; 290 <appendix> member <vmtarget> ; # jenkins/model/Jenkins$$Lambda+0x00000256412ae468
instanceKlass  @bci jenkins/model/Jenkins loadTasks ()Lorg/jvnet/hudson/reactor/TaskBuilder; 130 <appendix> member <vmtarget> ; # jenkins/model/Jenkins$$Lambda+0x00000256412ae068
instanceKlass  @bci hudson/PluginManager$2 <init> (Lhudson/PluginManager;Lhudson/init/InitializerFinder;)V 85 <appendix> member <vmtarget> ; # hudson/PluginManager$2$$Lambda+0x00000256412ade50
instanceKlass hudson/PluginManager$2$1
instanceKlass hudson/init/Initializer
instanceKlass hudson/PluginManager$1$3
instanceKlass hudson/PluginManager$1$2
instanceKlass org/jvnet/hudson/reactor/TaskGraphBuilder$TaskImpl
instanceKlass org/jvnet/hudson/reactor/Task
instanceKlass hudson/PluginManager$1$1
instanceKlass org/jvnet/hudson/reactor/Executable
instanceKlass org/jvnet/hudson/reactor/TaskGraphBuilder$Handle
instanceKlass  @bci javax/crypto/spec/SecretKeySpec <clinit> ()V 0 <appendix> argL0 ; # javax/crypto/spec/SecretKeySpec$$Lambda+0x00000256411f1290
instanceKlass jdk/internal/access/JavaxCryptoSpecAccess
instanceKlass javax/crypto/spec/SecretKeySpec
instanceKlass java/security/spec/KeySpec
instanceKlass java/io/PrintWriter$1
instanceKlass jdk/internal/access/JavaIOPrintWriterAccess
instanceKlass hudson/remoting/Future
instanceKlass hudson/remoting/LocalChannel
instanceKlass hudson/util/ExceptionCatchingThreadFactory
instanceKlass  @bci hudson/FilePath <clinit> ()V 109 <appendix> argL0 ; # hudson/FilePath$$Lambda+0x00000256412ab208
instanceKlass hudson/FilePath$UrlFactory
instanceKlass hudson/Launcher
instanceKlass hudson/util/DirScanner
instanceKlass hudson/FilePath$FileCallable
instanceKlass hudson/remoting/DelegatingCallable
instanceKlass hudson/FilePath
instanceKlass jenkins/security/ConfidentialStore
instanceKlass java/math/MutableBigInteger
instanceKlass hudson/util/VersionNumber$IntegerItem
instanceKlass hudson/util/VersionNumber$Item
instanceKlass hudson/util/VersionNumber
instanceKlass  @bci java/util/stream/Collectors toUnmodifiableSet ()Ljava/util/stream/Collector; 19 <appendix> argL0 ; # java/util/stream/Collectors$$Lambda+0x00000256411efd90
instanceKlass  @bci java/util/stream/Collectors toUnmodifiableSet ()Ljava/util/stream/Collector; 14 <appendix> argL0 ; # java/util/stream/Collectors$$Lambda+0x00000256411efb58
instanceKlass  @bci java/util/stream/Collectors toUnmodifiableSet ()Ljava/util/stream/Collector; 9 <appendix> argL0 ; # java/util/stream/Collectors$$Lambda+0x00000256411ef938
instanceKlass  @bci java/util/stream/Collectors toUnmodifiableSet ()Ljava/util/stream/Collector; 4 <appendix> argL0 ; # java/util/stream/Collectors$$Lambda+0x00000256411ef728
instanceKlass  @bci jenkins/security/ClassFilterImpl <clinit> ()V 67 <appendix> argL0 ; # jenkins/security/ClassFilterImpl$$Lambda+0x00000256412a6f80
instanceKlass  @bci java/util/regex/CharPredicates ctype (I)Ljava/util/regex/Pattern$CharPredicate; 1 <appendix> member <vmtarget> ; # java/util/regex/CharPredicates$$Lambda+0x00000256411ef298
instanceKlass  @bci java/util/regex/Pattern union (Ljava/util/regex/Pattern$CharPredicate;Ljava/util/regex/Pattern$CharPredicate;Z)Ljava/util/regex/Pattern$CharPredicate; 14 <appendix> member <vmtarget> ; # java/util/regex/Pattern$$Lambda+0x00000256411eec00
instanceKlass  @bci java/util/regex/CharPredicates category (I)Ljava/util/regex/Pattern$CharPredicate; 1 <appendix> member <vmtarget> ; # java/util/regex/CharPredicates$$Lambda+0x00000256411ee9b0
instanceKlass hudson/remoting/ClassFilter
instanceKlass org/kohsuke/stapler/framework/adjunct/AdjunctManager
instanceKlass  @bci jenkins/security/stapler/StaplerDispatchValidator$ValidatorCache create (Ljava/lang/String;)Ljenkins/security/stapler/StaplerDispatchValidator$ValidatorCache$Validator; 18 <appendix> member <vmtarget> ; # jenkins/security/stapler/StaplerDispatchValidator$ValidatorCache$$Lambda+0x00000256412a5ec0
instanceKlass  @bci jenkins/security/stapler/StaplerDispatchValidator$ValidatorCache find (Ljava/lang/String;)Ljenkins/security/stapler/StaplerDispatchValidator$ValidatorCache$Validator; 3 <appendix> member <vmtarget> ; # jenkins/security/stapler/StaplerDispatchValidator$ValidatorCache$$Lambda+0x00000256412a5c88
instanceKlass java/io/BufferedReader$1
instanceKlass org/apache/commons/io/Charsets
instanceKlass jenkins/security/stapler/StaplerDispatchValidator$ValidatorCache$Validator
instanceKlass jenkins/security/stapler/StaplerDispatchValidator$ValidatorCache
instanceKlass jenkins/security/stapler/StaplerDispatchValidator
instanceKlass jenkins/security/stapler/StaplerFilteredActionListener
instanceKlass jenkins/security/stapler/DoActionFilter
instanceKlass org/kohsuke/stapler/Function
instanceKlass jenkins/security/stapler/TypedFilter
instanceKlass jenkins/security/RedactSecretJsonInErrorMessageSanitizer
instanceKlass org/kohsuke/stapler/HttpResponseRenderer
instanceKlass org/kohsuke/stapler/jelly/ResourceBundleFactory
instanceKlass org/apache/commons/jelly/XMLOutput
instanceKlass org/xml/sax/ext/LexicalHandler
instanceKlass org/kohsuke/stapler/jelly/DefaultScriptInvoker$OutputStreamSupplier
instanceKlass org/kohsuke/stapler/jelly/DefaultScriptInvoker
instanceKlass org/apache/commons/jelly/XMLOutputFactory
instanceKlass org/kohsuke/stapler/event/FilteredDispatchTriggerListener$1
instanceKlass org/kohsuke/stapler/DispatchValidator$1
instanceKlass org/kohsuke/stapler/event/FilteredFieldTriggerListener$1
instanceKlass org/kohsuke/stapler/event/FilteredGetterTriggerListener$1
instanceKlass org/kohsuke/stapler/event/FilteredDoActionTriggerListener$1
instanceKlass org/kohsuke/stapler/lang/FieldRef$Filter$1
instanceKlass org/kohsuke/stapler/FunctionList$Filter$1
instanceKlass org/kohsuke/stapler/bind/BoundObjectTable$Ref
instanceKlass org/kohsuke/stapler/bind/BoundObjectTable
instanceKlass org/kohsuke/stapler/WebApp
instanceKlass  @bci hudson/ClassicPluginStrategy <clinit> ()V 11 <appendix> argL0 ; # hudson/ClassicPluginStrategy$$Lambda+0x00000256412a06c0
instanceKlass  @cpi org/dom4j/io/OutputFormat 228 form vmentry <vmtarget> ; # java/lang/invoke/LambdaForm$DMH+0x0000025641298400
instanceKlass org/apache/tools/ant/util/FileNameMapper
instanceKlass hudson/Plugin
instanceKlass jenkins/util/JenkinsClassLoader
instanceKlass hudson/ClassicPluginStrategy
instanceKlass hudson/Messages
instanceKlass hudson/PluginManager$PluginCopier
instanceKlass org/apache/commons/fileupload2/core/AbstractFileUpload
instanceKlass hudson/PluginStrategy
instanceKlass hudson/XmlFile
instanceKlass java/net/Authenticator
instanceKlass java/net/ProxySelector
instanceKlass hudson/ProxyConfiguration
instanceKlass sun/nio/fs/WindowsFileCopy
instanceKlass sun/nio/cs/ThreadLocalCoders$Cache
instanceKlass sun/nio/cs/ThreadLocalCoders
instanceKlass hudson/util/AtomicFileWriter$CleanupChecker
instanceKlass hudson/Functions
instanceKlass hudson/util/TextFile
instanceKlass  @bci java/util/Comparator comparingInt (Ljava/util/function/ToIntFunction;)Ljava/util/Comparator; 6 <appendix> member <vmtarget> ; # java/util/Comparator$$Lambda+0x00000256411ecb38
instanceKlass  @bci hudson/model/DependencyGraph topologicalDagSort ()V 137 <appendix> member <vmtarget> ; # hudson/model/DependencyGraph$$Lambda+0x00000256412978c8
instanceKlass jenkins/util/DirectedGraph$1Tarjan
instanceKlass  @bci java/util/Comparator thenComparing (Ljava/util/Comparator;)Ljava/util/Comparator; 7 <appendix> member <vmtarget> ; # java/util/Comparator$$Lambda+0x00000256411ec8a8
instanceKlass  @cpi java/util/Comparator 251 form vmentry <vmtarget> ; # java/lang/invoke/LambdaForm$DMH+0x0000025641298000
instanceKlass  @bci hudson/model/DependencyGraph <clinit> ()V 8 <appendix> argL0 ; # hudson/model/DependencyGraph$$Lambda+0x0000025641297488
instanceKlass  @bci hudson/model/DependencyGraph <clinit> ()V 0 <appendix> argL0 ; # hudson/model/DependencyGraph$$Lambda+0x0000025641297258
instanceKlass hudson/model/DependencyGraph$DependencyGroup
instanceKlass jenkins/util/DirectedGraph
instanceKlass hudson/model/DependencyGraph
instanceKlass org/antlr/v4/runtime/TokenStream
instanceKlass org/antlr/v4/runtime/TokenSource
instanceKlass org/antlr/v4/runtime/ANTLRErrorListener
instanceKlass org/antlr/v4/runtime/CharStream
instanceKlass org/antlr/v4/runtime/IntStream
instanceKlass hudson/model/labels/LabelVisitor
instanceKlass  @bci jenkins/security/ImpersonatingScheduledExecutorService wrap (Ljava/lang/Runnable;)Ljava/lang/Runnable; 2 <appendix> member <vmtarget> ; # jenkins/security/ImpersonatingScheduledExecutorService$$Lambda+0x0000025641293068
instanceKlass hudson/util/ClassLoaderSanityThreadFactory
instanceKlass jenkins/util/Timer
instanceKlass jenkins/util/InterceptingExecutorService
instanceKlass hudson/model/Queue$1
instanceKlass jenkins/util/AtmostOneTaskExecutor
instanceKlass com/google/common/cache/LocalCache$AbstractReferenceEntry
instanceKlass com/google/common/cache/LocalCache$LoadingValueReference
instanceKlass com/google/common/cache/RemovalListener
instanceKlass com/google/common/cache/Weigher
instanceKlass com/google/common/base/Predicate
instanceKlass com/google/common/base/Equivalence
instanceKlass java/util/function/BiPredicate
instanceKlass com/google/common/base/MoreObjects
instanceKlass com/google/common/cache/LocalCache$StrongValueReference
instanceKlass com/google/common/cache/LocalCache$1
instanceKlass com/google/common/cache/ReferenceEntry
instanceKlass com/google/common/cache/LocalCache$ValueReference
instanceKlass com/google/common/cache/CacheLoader
instanceKlass com/google/common/cache/LocalCache$LocalManualCache
instanceKlass com/google/common/cache/CacheBuilder$2
instanceKlass com/google/common/base/Preconditions
instanceKlass com/google/common/cache/CacheStats
instanceKlass com/google/common/base/Suppliers$SupplierOfInstance
instanceKlass com/google/common/base/Suppliers
instanceKlass com/google/common/cache/CacheBuilder$1
instanceKlass com/google/common/cache/AbstractCache$StatsCounter
instanceKlass com/google/common/cache/LoadingCache
instanceKlass com/google/common/base/Function
instanceKlass com/google/common/cache/Cache
instanceKlass com/google/common/base/Ticker
instanceKlass com/google/common/base/Supplier
instanceKlass com/google/common/cache/CacheBuilder
instanceKlass hudson/model/Queue$Snapshot
instanceKlass hudson/model/ResourceList
instanceKlass hudson/model/LoadBalancer
instanceKlass  @bci hudson/model/Queue <clinit> ()V 0 <appendix> argL0 ; # hudson/model/Queue$$Lambda+0x0000025641282440
instanceKlass hudson/util/ConsistentHash$Hash
instanceKlass hudson/model/queue/ScheduleResult
instanceKlass hudson/model/ResourceController
instanceKlass hudson/triggers/Trigger
instanceKlass java/util/Timer$ThreadReaper
instanceKlass java/util/TaskQueue
instanceKlass java/util/Timer
instanceKlass hudson/util/FileVisitor
instanceKlass hudson/init/InitStrategy
instanceKlass sun/security/provider/ByteArrayAccess$LE
instanceKlass java/util/IdentityHashMap$IdentityHashMapIterator
instanceKlass java/time/LocalTime$1
instanceKlass org/eclipse/jetty/server/AbstractConnector$Acceptor
instanceKlass org/apache/commons/io/IOUtils
instanceKlass io/jenkins/servlet/ServletContextWrapper$2
instanceKlass javax/servlet/ServletContext
instanceKlass io/jenkins/servlet/ServletContextWrapper
instanceKlass  @bci org/springframework/security/core/context/ThreadLocalSecurityContextHolderStrategy setContext (Lorg/springframework/security/core/context/SecurityContext;)V 10 <appendix> member <vmtarget> ; # org/springframework/security/core/context/ThreadLocalSecurityContextHolderStrategy$$Lambda+0x000002564127ec70
instanceKlass jenkins/security/NonSerializableSecurityContext
instanceKlass  @bci org/springframework/security/core/context/ThreadLocalSecurityContextHolderStrategy getDeferredContext ()Ljava/util/function/Supplier; 20 <appendix> member <vmtarget> ; # org/springframework/security/core/context/ThreadLocalSecurityContextHolderStrategy$$Lambda+0x000002564127e828
instanceKlass org/springframework/security/core/context/SecurityContextImpl
instanceKlass org/springframework/security/core/context/ThreadLocalSecurityContextHolderStrategy
instanceKlass org/springframework/security/core/context/SecurityContextHolderStrategy
instanceKlass org/springframework/security/core/context/SecurityContextHolder
instanceKlass hudson/security/ACLContext
instanceKlass jenkins/util/io/FileBoolean
instanceKlass hudson/FeedAdapter
instanceKlass java/io/FileFilter
instanceKlass hudson/model/UpdateCenter$UpdateCenterConfiguration
instanceKlass java/util/concurrent/LinkedTransferQueue$DualNode
instanceKlass java/util/concurrent/TransferQueue
instanceKlass java/util/concurrent/Executors$DefaultThreadFactory
instanceKlass hudson/util/DaemonThreadFactory
instanceKlass hudson/util/NamingThreadFactory
instanceKlass hudson/model/UpdateSite
instanceKlass java/nio/channels/spi/AbstractSelector$1
instanceKlass org/eclipse/jetty/io/ManagedSelector$Start
instanceKlass  @bci org/eclipse/jetty/io/ManagedSelector doStart ()V 28 <appendix> member <vmtarget> ; # org/eclipse/jetty/io/ManagedSelector$$Lambda+0x0000025641277508
instanceKlass  @cpi org/eclipse/jetty/server/handler/ContextResponse$1 80 form vmentry <vmtarget> ; # java/lang/invoke/LambdaForm$DMH+0x0000025641280000
instanceKlass java/nio/BufferMismatch
instanceKlass hudson/model/UpdateCenter$WithComputedChecksums
instanceKlass hudson/model/UpdateCenter$UpdateCenterJob
instanceKlass  @bci hudson/model/ItemGroupMixIn <clinit> ()V 0 <appendix> argL0 ; # hudson/model/ItemGroupMixIn$$Lambda+0x000002564127aa60
instanceKlass hudson/util/Function1
instanceKlass javax/xml/transform/Result
instanceKlass hudson/widgets/Widget
instanceKlass  @bci jenkins/model/Jenkins getExtensionList (Ljava/lang/Class;)Lhudson/ExtensionList; 28 <appendix> member <vmtarget> ; # jenkins/model/Jenkins$$Lambda+0x000002564127a428
instanceKlass sun/net/NetProperties$1
instanceKlass sun/net/NetProperties
instanceKlass hudson/slaves/Messages
instanceKlass  @bci sun/nio/ch/UnixDomainSocketsUtil getTempDir ()Ljava/lang/String; 0 <appendix> argL0 ; # sun/nio/ch/UnixDomainSocketsUtil$$Lambda+0x00000256411e66b8
instanceKlass sun/nio/ch/UnixDomainSocketsUtil
instanceKlass sun/nio/ch/UnixDomainSockets
instanceKlass sun/nio/ch/PipeImpl$Initializer$LoopbackConnector
instanceKlass sun/nio/ch/PipeImpl$Initializer
instanceKlass hudson/slaves/NodeProvisioner
instanceKlass java/nio/channels/Pipe
instanceKlass sun/nio/ch/WEPoll
instanceKlass sun/nio/ch/Util$2
instanceKlass jenkins/model/UnlabeledLoadStatistics$UnlabeledNodesIterable
instanceKlass hudson/model/TimeSeries
instanceKlass java/nio/channels/Selector
instanceKlass hudson/util/ColorPalette
instanceKlass hudson/model/MultiStageTimeSeries
instanceKlass org/eclipse/jetty/io/ManagedSelector$SelectorProducer
instanceKlass jenkins/model/queue/QueueItem
instanceKlass org/eclipse/jetty/util/thread/ExecutionStrategy
instanceKlass org/eclipse/jetty/util/thread/ExecutionStrategy$Producer
instanceKlass org/eclipse/jetty/server/ConnectionFactory$Detecting
instanceKlass org/jfree/chart/axis/Axis
instanceKlass  @bci org/eclipse/jetty/server/AbstractConnector doStart ()V 85 <appendix> member <vmtarget> ; # org/eclipse/jetty/server/AbstractConnector$$Lambda+0x0000025641275920
instanceKlass  @bci org/eclipse/jetty/server/AbstractConnector doStart ()V 74 <appendix> member <vmtarget> ; # org/eclipse/jetty/server/AbstractConnector$$Lambda+0x00000256412756e8
instanceKlass  @bci org/eclipse/jetty/server/AbstractConnector doStart ()V 57 <appendix> member <vmtarget> ; # org/eclipse/jetty/server/AbstractConnector$$Lambda+0x00000256412754a0
instanceKlass org/eclipse/jetty/server/ConnectionFactory$Configuring
instanceKlass org/eclipse/jetty/http/ComplianceViolation$Listener
instanceKlass org/eclipse/jetty/io/SelectorManager$SelectorManagerListener
instanceKlass java/awt/Stroke
instanceKlass org/kohsuke/stapler/CrumbIssuer
instanceKlass org/eclipse/jetty/http/content/CachingHttpContentFactory$CachingHttpContent
instanceKlass javax/servlet/ServletRequest
instanceKlass hudson/security/csrf/CrumbIssuer
instanceKlass org/eclipse/jetty/http/content/HttpContent$Wrapper
instanceKlass org/eclipse/jetty/http/content/ResourceHttpContentFactory
instanceKlass org/eclipse/jetty/io/ByteBufferPool$NonPooling
instanceKlass org/eclipse/jetty/io/ByteBufferPool$Wrapper
instanceKlass jenkins/scm/RunWithSCM
instanceKlass  @bci org/eclipse/jetty/ee9/nested/ResourceService setPrecompressedFormats ([Lorg/eclipse/jetty/http/CompressedContentFormat;)V 23 <appendix> argL0 ; # org/eclipse/jetty/ee9/nested/ResourceService$$Lambda+0x000002564126e4a0
instanceKlass jenkins/model/lazy/LazyBuildMixIn$LazyLoadingRun
instanceKlass  @bci org/eclipse/jetty/ee9/nested/ResourceService setPrecompressedFormats ([Lorg/eclipse/jetty/http/CompressedContentFormat;)V 13 <appendix> argL0 ; # org/eclipse/jetty/ee9/nested/ResourceService$$Lambda+0x000002564126e270
instanceKlass hudson/model/Queue$Executable
instanceKlass  @bci org/eclipse/jetty/ee9/servlet/ServletHolder initServlet ()V 195 <appendix> argL0 ; # org/eclipse/jetty/ee9/servlet/ServletHolder$$Lambda+0x000002564126e050
instanceKlass org/eclipse/jetty/ee9/servlet/ServletHolder$WrapFunction
instanceKlass org/eclipse/jetty/ee9/servlet/ServletHolder$Wrapper
instanceKlass org/eclipse/jetty/ee9/servlet/BaseHolder$Wrapped
instanceKlass hudson/util/KeyedDataStorage
instanceKlass jakarta/servlet/SingleThreadModel
instanceKlass org/eclipse/jetty/http/EtagUtils
instanceKlass org/eclipse/jetty/http/CompressedContentFormat
instanceKlass jenkins/model/Nodes
instanceKlass org/eclipse/jetty/http/content/HttpContent
instanceKlass org/eclipse/jetty/ee9/nested/ResourceService
instanceKlass  @bci hudson/model/Saveable <clinit> ()V 0 <appendix> argL0 ; # hudson/model/Saveable$$Lambda+0x000002564126a8d8
instanceKlass hudson/util/CopyOnWriteList
instanceKlass org/eclipse/jetty/http/content/HttpContent$Factory
instanceKlass org/eclipse/jetty/ee9/nested/ResourceService$WelcomeFactory
instanceKlass jakarta/servlet/annotation/ServletSecurity
instanceKlass  @bci java/util/stream/StreamSpliterators$WrappingSpliterator forEachRemaining (Ljava/util/function/Consumer;)V 33 <appendix> member <vmtarget> ; # java/util/stream/StreamSpliterators$WrappingSpliterator$$Lambda+0x00000256411e3c40
instanceKlass hudson/util/PluginServletFilter
instanceKlass jenkins/ErrorAttributeFilter
instanceKlass hudson/security/csrf/CrumbFilter
instanceKlass jenkins/security/csp/impl/CspFilter
instanceKlass hudson/security/RememberMeServicesProxy
instanceKlass org/springframework/security/web/authentication/RememberMeServices
instanceKlass hudson/security/UserDetailsServiceProxy
instanceKlass org/springframework/security/core/userdetails/UserDetailsService
instanceKlass hudson/security/AuthenticationManagerProxy
instanceKlass hudson/security/HudsonFilter
instanceKlass org/kohsuke/stapler/UncaughtExceptionFilter
instanceKlass hudson/util/CharacterEncodingFilter
instanceKlass org/kohsuke/stapler/DiagnosticThreadNameFilter
instanceKlass org/eclipse/jetty/ee9/servlet/Holder$HolderConfig
instanceKlass  @bci org/eclipse/jetty/ee9/servlet/FilterHolder initialize ()V 94 <appendix> argL0 ; # org/eclipse/jetty/ee9/servlet/FilterHolder$$Lambda+0x00000256411967b0
instanceKlass org/eclipse/jetty/ee9/servlet/FilterHolder$WrapFunction
instanceKlass jenkins/security/SuspiciousRequestFilter
instanceKlass org/kohsuke/stapler/CompatibleFilter
instanceKlass  @bci org/eclipse/jetty/util/ExceptionUtil$MultiException callAndCatch (Lorg/eclipse/jetty/util/thread/Invocable$Callable;)V 2 <appendix> member <vmtarget> ; # org/eclipse/jetty/util/ExceptionUtil$MultiException$$Lambda+0x0000025641196398
instanceKlass  @bci org/eclipse/jetty/ee9/servlet/ServletHandler lambda$initialize$0 (Lorg/eclipse/jetty/util/ExceptionUtil$MultiException;Lorg/eclipse/jetty/ee9/servlet/BaseHolder;)V 9 <appendix> member <vmtarget> ; # org/eclipse/jetty/ee9/servlet/ServletHandler$$Lambda+0x0000025641196160
instanceKlass java/util/stream/Streams$2
instanceKlass hudson/util/CopyOnWriteMap
instanceKlass org/jvnet/hudson/reactor/Milestone
instanceKlass jenkins/model/ProjectNamingStrategy
instanceKlass org/acegisecurity/providers/UsernamePasswordAuthenticationToken
instanceKlass org/springframework/security/core/authority/AuthorityUtils
instanceKlass org/springframework/security/authentication/AbstractAuthenticationToken$AbstractAuthenticationBuilder
instanceKlass org/acegisecurity/acls/sid/PrincipalSid
instanceKlass hudson/security/ACL$3
instanceKlass org/springframework/security/core/context/SecurityContext
instanceKlass org/acegisecurity/acls/sid/Sid
instanceKlass hudson/security/ACL
instanceKlass  @bci hudson/security/AuthorizationStrategy$Unsecured <clinit> ()V 0 <appendix> argL0 ; # hudson/security/AuthorizationStrategy$Unsecured$$Lambda+0x00000256412623e8
instanceKlass jenkins/model/ParameterizedJobMixIn$ParameterizedJob
instanceKlass jenkins/triggers/TriggeredItem
instanceKlass jenkins/model/lazy/LazyBuildMixIn$LazyLoadingJob
instanceKlass hudson/model/BuildableItem
instanceKlass hudson/model/Queue$Task
instanceKlass hudson/model/queue/SubTask
instanceKlass jenkins/model/queue/ITask
instanceKlass hudson/model/ResourceActivity
instanceKlass org/kohsuke/stapler/HttpDeletable
instanceKlass org/kohsuke/stapler/StaplerOverridable
instanceKlass hudson/Lookup
instanceKlass java/util/stream/Streams$ConcatSpliterator
instanceKlass hudson/util/HudsonIsLoading
instanceKlass org/apache/commons/jelly/expression/ExpressionSupport
instanceKlass org/apache/commons/beanutils/BeanUtils
instanceKlass org/apache/commons/beanutils/SuppressPropertiesBeanIntrospector
instanceKlass org/apache/commons/beanutils/DefaultBeanIntrospector
instanceKlass org/apache/commons/beanutils/PropertyUtils
instanceKlass org/apache/commons/beanutils/expression/DefaultResolver
instanceKlass java/beans/FeatureDescriptor
instanceKlass org/apache/commons/beanutils/IntrospectionContext
instanceKlass org/apache/commons/beanutils/expression/Resolver
instanceKlass org/apache/commons/beanutils/PropertyUtilsBean
instanceKlass org/apache/commons/beanutils/ContextClassLoaderLocal
instanceKlass org/apache/commons/beanutils/BeanUtilsBean
instanceKlass org/apache/commons/jelly/TagLibrary$1
instanceKlass org/apache/commons/jelly/impl/TagScript
instanceKlass org/apache/commons/jelly/Script
instanceKlass org/apache/commons/beanutils/BeanIntrospector
instanceKlass org/apache/commons/jelly/expression/jexl/JexlExpressionFactory
instanceKlass org/apache/commons/jelly/TagLibrary
instanceKlass org/apache/commons/jelly/JellyContext
instanceKlass org/kohsuke/stapler/jelly/JellyClassLoaderTearOff
instanceKlass org/kohsuke/stapler/CachingScriptLoader
instanceKlass org/kohsuke/stapler/jelly/ScriptInvoker
instanceKlass org/kohsuke/stapler/ScriptExecutor
instanceKlass org/kohsuke/stapler/Dispatcher
instanceKlass org/kohsuke/stapler/Facet
instanceKlass org/kohsuke/stapler/jelly/JellyCompatibleFacet
instanceKlass org/apache/commons/jelly/expression/Expression
instanceKlass hudson/ExpressionFactory2
instanceKlass  @bci java/awt/Font toString ()Ljava/lang/String; 64 <adapter> ; # java/lang/invoke/LambdaForm$MH+0x0000025641258800
# instanceKlass java/lang/invoke/LambdaForm$DMH+0x0000025641258400
instanceKlass  @bci java/awt/Font toString ()Ljava/lang/String; 64 <appendix> form vmentry <vmtarget> ; # java/lang/invoke/LambdaForm$MH+0x0000025641258000
# instanceKlass java/lang/invoke/LambdaForm$MH+0x0000025641257c00
# instanceKlass java/lang/invoke/LambdaForm$MH+0x0000025641257800
instanceKlass  @bci java/awt/Font toString ()Ljava/lang/String; 64 <appendix> argL4 form vmentry <vmtarget> ; # java/lang/invoke/LambdaForm$MH+0x0000025641257400
# instanceKlass java/lang/invoke/LambdaForm$MH+0x0000025641257000
# instanceKlass java/lang/invoke/LambdaForm$MH+0x0000025641256c00
# instanceKlass java/lang/invoke/LambdaForm$MH+0x0000025641256800
# instanceKlass java/lang/invoke/LambdaForm$MH+0x0000025641256400
instanceKlass  @bci org/kohsuke/stapler/DiagnosticThreadNameFilter doFilter (Ljakarta/servlet/ServletRequest;Ljakarta/servlet/ServletResponse;Ljakarta/servlet/FilterChain;)V 43 <appendix> argL1 form vmentry <vmtarget> ; # java/lang/invoke/LambdaForm$MH+0x0000025641256000
# instanceKlass java/lang/invoke/LambdaForm$MH+0x0000025641255c00
# instanceKlass java/lang/invoke/LambdaForm$MH+0x0000025641255800
# instanceKlass java/lang/invoke/LambdaForm$MH+0x0000025641255400
instanceKlass sun/awt/Win32FontManager$2
instanceKlass sun/font/FontFamily
instanceKlass sun/font/CompositeFontDescriptor
instanceKlass sun/font/SunFontManager$FontRegistrationInfo
instanceKlass sun/awt/WeakIdentityHashMap
instanceKlass sun/awt/KeyboardFocusManagerPeerProvider
instanceKlass sun/awt/InputMethodSupport
instanceKlass sun/awt/ComponentFactory
instanceKlass sun/awt/FontDescriptor
instanceKlass sun/awt/FontConfiguration
instanceKlass sun/font/FontUtilities$1
instanceKlass sun/font/FontUtilities
instanceKlass sun/font/SunFontManager$2
instanceKlass sun/awt/Win32FontManager$1
instanceKlass sun/font/GlyphList
instanceKlass java/util/concurrent/ForkJoinPool$2
instanceKlass jdk/internal/access/JavaUtilConcurrentFJPAccess
instanceKlass sun/font/StrikeCache$1
instanceKlass java/util/concurrent/ForkJoinPool$DefaultForkJoinWorkerThreadFactory
instanceKlass java/util/concurrent/ForkJoinPool$WorkQueue
instanceKlass java/util/concurrent/ForkJoinPool$ForkJoinWorkerThreadFactory
instanceKlass java/util/concurrent/ConcurrentLinkedDeque$Node
instanceKlass sun/awt/util/ThreadGroupUtils
instanceKlass  @bci sun/java2d/Disposer <clinit> ()V 104 <appendix> argL0 ; # sun/java2d/Disposer$$Lambda+0x00000256411dba88
instanceKlass sun/java2d/Disposer$1
instanceKlass sun/java2d/Disposer
instanceKlass sun/font/StrikeCache
instanceKlass sun/font/FontStrike
instanceKlass sun/font/CharToGlyphMapper
instanceKlass java/awt/geom/Path2D
instanceKlass java/awt/geom/RectangularShape
instanceKlass java/awt/Shape
instanceKlass sun/font/StrikeMetrics
instanceKlass java/awt/geom/Point2D
instanceKlass sun/awt/SunHints$Value
instanceKlass java/awt/RenderingHints$Key
instanceKlass sun/awt/SunHints
instanceKlass java/awt/RenderingHints
instanceKlass java/awt/font/FontRenderContext
instanceKlass sun/font/Font2D
instanceKlass  @bci sun/awt/OSInfo$WindowsVersion toString ()Ljava/lang/String; 8 <appendix> form vmentry <vmtarget> ; # java/lang/invoke/LambdaForm$MH+0x0000025641255000
instanceKlass  @bci sun/awt/OSInfo$WindowsVersion toString ()Ljava/lang/String; 8 <appendix> argL3 form vmentry <vmtarget> ; # java/lang/invoke/LambdaForm$MH+0x0000025641254c00
# instanceKlass java/lang/invoke/LambdaForm$MH+0x0000025641254800
# instanceKlass java/lang/invoke/LambdaForm$MH+0x0000025641254400
# instanceKlass java/lang/invoke/LambdaForm$MH+0x0000025641254000
# instanceKlass java/lang/invoke/LambdaForm$MH+0x0000025641253c00
instanceKlass  @bci sun/awt/OSInfo$WindowsVersion toString ()Ljava/lang/String; 8 <appendix> argL1 form vmentry <vmtarget> ; # java/lang/invoke/LambdaForm$MH+0x0000025641253800
# instanceKlass java/lang/invoke/LambdaForm$MH+0x0000025641253400
# instanceKlass java/lang/invoke/LambdaForm$MH+0x0000025641253000
# instanceKlass java/lang/invoke/LambdaForm$MH+0x0000025641252c00
instanceKlass sun/awt/OSInfo$1
instanceKlass sun/awt/OSInfo$WindowsVersion
instanceKlass sun/awt/OSInfo
instanceKlass sun/font/FontManagerNativeLibrary$1
instanceKlass sun/font/FontManagerNativeLibrary
instanceKlass sun/font/SunFontManager$1
instanceKlass sun/font/SunFontManager$T1Filter
instanceKlass sun/font/SunFontManager$TTFilter
instanceKlass java/io/FilenameFilter
instanceKlass sun/font/Font2DHandle
instanceKlass sun/font/SunFontManager
instanceKlass sun/font/FontManagerForSGE
instanceKlass sun/font/FontManager
instanceKlass sun/java2d/FontSupport
instanceKlass sun/font/PlatformFontInfo
instanceKlass sun/font/FontManagerFactory
instanceKlass sun/font/AttributeValues
instanceKlass java/awt/geom/AffineTransform
instanceKlass sun/font/FontAccess
instanceKlass  @bci java/awt/GraphicsEnvironment getHeadlessProperty ()Z 6 <appendix> argL0 ; # java/awt/GraphicsEnvironment$$Lambda+0x00000256411d2e90
instanceKlass java/awt/GraphicsEnvironment
instanceKlass java/awt/Insets
instanceKlass  @bci jenkins/security/csp/ReportingContext encodeContext (Ljava/lang/Class;Lorg/springframework/security/core/Authentication;Ljava/lang/String;)Ljava/lang/String; 40 <appendix> form vmentry <vmtarget> ; # java/lang/invoke/LambdaForm$MH+0x0000025641252800
# instanceKlass java/lang/invoke/LambdaForm$MH+0x0000025641252400
instanceKlass  @bci jenkins/security/csp/ReportingContext encodeContext (Ljava/lang/Class;Lorg/springframework/security/core/Authentication;Ljava/lang/String;)Ljava/lang/String; 40 <appendix> argL3 form vmentry <vmtarget> ; # java/lang/invoke/LambdaForm$MH+0x0000025641252000
# instanceKlass java/lang/invoke/LambdaForm$MH+0x0000025641251c00
# instanceKlass java/lang/invoke/LambdaForm$MH+0x0000025641251800
# instanceKlass java/lang/invoke/LambdaForm$MH+0x0000025641251400
# instanceKlass java/lang/invoke/LambdaForm$MH+0x0000025641251000
instanceKlass  @bci jenkins/security/csp/ReportingContext encodeContext (Ljava/lang/Class;Lorg/springframework/security/core/Authentication;Ljava/lang/String;)Ljava/lang/String; 40 <appendix> argL1 form vmentry <vmtarget> ; # java/lang/invoke/LambdaForm$MH+0x0000025641250c00
# instanceKlass java/lang/invoke/LambdaForm$MH+0x0000025641250800
# instanceKlass java/lang/invoke/LambdaForm$MH+0x0000025641250400
# instanceKlass java/lang/invoke/LambdaForm$MH+0x0000025641250000
instanceKlass java/awt/Toolkit$1
instanceKlass java/awt/Toolkit$2
instanceKlass  @bci java/util/ResourceBundle$ResourceBundleProviderHelper loadPropertyResourceBundle (Ljava/lang/Module;Ljava/lang/Module;Ljava/lang/String;Ljava/util/Locale;)Ljava/util/ResourceBundle; 14 <appendix> member <vmtarget> ; # java/util/ResourceBundle$ResourceBundleProviderHelper$$Lambda+0x00000256411d23d8
instanceKlass  @bci java/util/ResourceBundle$ResourceBundleProviderHelper loadResourceBundle (Ljava/lang/Module;Ljava/lang/Module;Ljava/lang/String;Ljava/util/Locale;)Ljava/util/ResourceBundle; 13 <appendix> member <vmtarget> ; # java/util/ResourceBundle$ResourceBundleProviderHelper$$Lambda+0x00000256411d1f78
instanceKlass java/util/ResourceBundle$3
instanceKlass java/awt/Toolkit$4
instanceKlass sun/awt/AWTAccessor
instanceKlass java/awt/Toolkit$3
instanceKlass sun/awt/AWTAccessor$ToolkitAccessor
instanceKlass java/awt/Toolkit
instanceKlass hudson/util/ChartUtil
instanceKlass org/apache/tools/ant/BuildListener
instanceKlass org/apache/tools/ant/types/selectors/PosixGroupSelector
instanceKlass org/apache/tools/ant/types/selectors/ExecutableSelector
instanceKlass org/apache/tools/ant/types/selectors/WindowsJunctionSelector
instanceKlass org/apache/tools/ant/types/selectors/WritableSelector
instanceKlass org/apache/tools/ant/types/selectors/ReadableSelector
instanceKlass org/apache/tools/ant/types/PatternSet$NameEntry
instanceKlass org/apache/tools/ant/types/selectors/PosixPermissionsSelector
instanceKlass org/apache/tools/ant/DirectoryScanner
instanceKlass org/apache/tools/ant/types/selectors/SelectorScanner
instanceKlass org/apache/tools/ant/types/selectors/OwnedBySelector
instanceKlass org/apache/tools/ant/types/Reference
instanceKlass org/apache/tools/ant/Project
instanceKlass org/apache/tools/ant/types/ResourceFactory
instanceKlass org/apache/tools/ant/types/selectors/SymlinkSelector
instanceKlass org/apache/tools/ant/types/selectors/ExtendFileSelector
instanceKlass org/apache/tools/ant/types/Parameterizable
instanceKlass org/apache/tools/ant/FileScanner
instanceKlass org/apache/tools/ant/types/selectors/FileSelector
instanceKlass org/apache/tools/ant/types/resources/selectors/ResourceSelector
instanceKlass org/apache/tools/ant/ProjectComponent
instanceKlass org/apache/tools/ant/types/selectors/SelectorContainer
instanceKlass org/apache/tools/ant/types/ResourceCollection
instanceKlass sun/util/locale/provider/TimeZoneNameUtility$TimeZoneNameGetter
instanceKlass org/apache/commons/lang/time/FastDateFormat$TimeZoneNumberRule
instanceKlass org/apache/commons/lang/time/FastDateFormat$StringLiteral
instanceKlass org/apache/commons/lang/time/FastDateFormat$TwoDigitNumberField
instanceKlass org/apache/commons/lang/time/FastDateFormat$TwoDigitMonthField
instanceKlass org/apache/commons/lang/time/FastDateFormat$CharacterLiteral
instanceKlass org/apache/commons/lang/time/FastDateFormat$PaddedNumberField
instanceKlass org/apache/commons/lang/text/StrTokenizer
instanceKlass org/apache/commons/lang/text/StrBuilder
instanceKlass org/apache/commons/lang/time/FastDateFormat$Pair
instanceKlass org/apache/commons/lang/time/FastDateFormat$TextField
instanceKlass org/apache/commons/lang/time/FastDateFormat$NumberRule
instanceKlass org/apache/commons/lang/time/FastDateFormat$Rule
instanceKlass hudson/util/VariableResolver
instanceKlass javax/crypto/SecretKey
instanceKlass javax/security/auth/Destroyable
instanceKlass java/security/Key
instanceKlass hudson/Util
instanceKlass hudson/WebAppMain$FileAndDescription
instanceKlass hudson/util/EnumConverter
instanceKlass org/kohsuke/stapler/Stapler$6
instanceKlass org/apache/commons/fileupload/FileItem
instanceKlass org/kohsuke/stapler/Stapler$5
instanceKlass org/apache/commons/fileupload2/core/FileItem
instanceKlass org/apache/commons/fileupload2/core/FileItemHeadersProvider
instanceKlass org/kohsuke/stapler/Stapler$4
instanceKlass java/util/WeakHashMap$HashIterator
instanceKlass org/kohsuke/stapler/Stapler$3
instanceKlass org/apache/commons/beanutils/converters/ConverterFacade
instanceKlass org/apache/commons/beanutils/converters/AbstractConverter
instanceKlass org/apache/commons/logging/impl/SLF4JLocationAwareLog
instanceKlass org/slf4j/spi/DefaultLoggingEventBuilder
instanceKlass org/slf4j/spi/CallerBoundaryAware
instanceKlass org/slf4j/helpers/SubstituteLogger
instanceKlass org/slf4j/spi/LoggingEventBuilder
instanceKlass org/slf4j/helpers/AbstractLogger
instanceKlass org/slf4j/spi/LocationAwareLogger
instanceKlass org/slf4j/helpers/Reporter
instanceKlass org/slf4j/jul/JDK14LoggerFactory
instanceKlass org/slf4j/MDC
instanceKlass org/slf4j/jul/JULServiceProvider
instanceKlass org/slf4j/helpers/Util
instanceKlass org/slf4j/helpers/NOPMDCAdapter
instanceKlass org/slf4j/helpers/NOPLoggerFactory
instanceKlass org/slf4j/helpers/NOP_FallbackServiceProvider
instanceKlass org/slf4j/helpers/ThreadLocalMapOfStacks
instanceKlass org/slf4j/helpers/BasicMDCAdapter
instanceKlass org/slf4j/Marker
instanceKlass org/slf4j/helpers/BasicMarkerFactory
instanceKlass org/slf4j/Logger
instanceKlass org/slf4j/helpers/SubstituteLoggerFactory
instanceKlass org/slf4j/spi/MDCAdapter
instanceKlass org/slf4j/IMarkerFactory
instanceKlass org/slf4j/ILoggerFactory
instanceKlass org/slf4j/helpers/SubstituteServiceProvider
instanceKlass org/slf4j/spi/SLF4JServiceProvider
instanceKlass org/slf4j/event/LoggingEvent
instanceKlass org/slf4j/LoggerFactory
instanceKlass org/apache/commons/logging/Log
instanceKlass org/apache/commons/logging/LogFactory
instanceKlass org/apache/commons/beanutils/ConvertUtils
instanceKlass org/apache/commons/beanutils/ConvertUtilsBean
instanceKlass  @bci org/kohsuke/stapler/Stapler <clinit> ()V 21 <appendix> argL0 ; # org/kohsuke/stapler/Stapler$$Lambda+0x00000256412329c8
instanceKlass org/kohsuke/stapler/StaplerResponse2
instanceKlass org/kohsuke/stapler/Stapler$LocaleDrivenResourceSelector
instanceKlass org/kohsuke/stapler/StaplerRequest2
instanceKlass jakarta/servlet/GenericServlet
instanceKlass org/apache/commons/beanutils/Converter
instanceKlass hudson/model/DirectlyModifiableView
instanceKlass hudson/tools/ToolInstallation
instanceKlass hudson/model/EnvironmentSpecific
instanceKlass hudson/slaves/NodeSpecific
instanceKlass hudson/util/XStream2$BlacklistedTypesConverter
instanceKlass hudson/util/XStream2$AssociatedConverterImpl
instanceKlass hudson/model/Label$ConverterImpl
instanceKlass com/thoughtworks/xstream/security/NoPermission
instanceKlass hudson/model/Result
instanceKlass org/kohsuke/stapler/export/CustomExportedBean
instanceKlass com/thoughtworks/xstream/core/TreeMarshaller
instanceKlass com/thoughtworks/xstream/converters/MarshallingContext
instanceKlass com/thoughtworks/xstream/core/TreeUnmarshaller
instanceKlass com/thoughtworks/xstream/converters/UnmarshallingContext
instanceKlass com/thoughtworks/xstream/core/AbstractTreeMarshallingStrategy
# instanceKlass java/lang/invoke/LambdaForm$MH+0x0000025641229800
# instanceKlass java/lang/invoke/LambdaForm$MH+0x0000025641229400
# instanceKlass java/lang/invoke/LambdaForm$MH+0x0000025641229000
instanceKlass hudson/util/XStream2$PluginClassOwnership
instanceKlass hudson/util/RobustReflectionConverter
instanceKlass com/thoughtworks/xstream/core/util/SelfStreamingInstanceChecker
instanceKlass com/thoughtworks/xstream/converters/extended/OptionalConverter
instanceKlass  @bci jdk/internal/reflect/DirectConstructorHandleAccessor invokeImpl ([Ljava/lang/Object;)Ljava/lang/Object; 88 <adapter> ; # java/lang/invoke/LambdaForm$MH+0x0000025641228c00
# instanceKlass java/lang/invoke/LambdaForm$MH+0x0000025641228800
# instanceKlass java/lang/invoke/LambdaForm$MH+0x0000025641228400
# instanceKlass java/lang/invoke/LambdaForm$MH+0x0000025641228000
instanceKlass com/thoughtworks/xstream/converters/time/ZoneIdConverter
instanceKlass java/time/temporal/TemporalQueries$7
instanceKlass java/time/temporal/TemporalQueries$6
instanceKlass java/time/temporal/TemporalQueries$5
instanceKlass java/time/temporal/TemporalQueries$4
instanceKlass java/time/temporal/TemporalQueries$3
instanceKlass java/time/temporal/TemporalQueries$2
instanceKlass java/time/temporal/TemporalQueries$1
instanceKlass java/time/temporal/TemporalQueries
instanceKlass com/thoughtworks/xstream/converters/time/ZonedDateTimeConverter
instanceKlass com/thoughtworks/xstream/converters/time/WeekFieldsConverter
instanceKlass com/thoughtworks/xstream/converters/time/ValueRangeConverter
instanceKlass com/thoughtworks/xstream/converters/time/SystemClockConverter
instanceKlass com/thoughtworks/xstream/converters/time/OffsetTimeConverter
instanceKlass com/thoughtworks/xstream/converters/time/OffsetDateTimeConverter
instanceKlass com/thoughtworks/xstream/converters/time/LocalTimeConverter
instanceKlass com/thoughtworks/xstream/converters/time/LocalDateTimeConverter
instanceKlass  @bci java/time/chrono/HijrahChronology registerCustomChrono ()V 0 <appendix> argL0 ; # java/time/chrono/HijrahChronology$$Lambda+0x00000256411cdef0
instanceKlass  @bci java/time/chrono/HijrahChronology <clinit> ()V 36 <appendix> argL0 ; # java/time/chrono/HijrahChronology$$Lambda+0x00000256411cdce0
instanceKlass com/thoughtworks/xstream/converters/time/ChronologyConverter
instanceKlass com/thoughtworks/xstream/converters/extended/AtomicReferenceConverter
instanceKlass com/thoughtworks/xstream/converters/enums/EnumSetConverter
instanceKlass com/thoughtworks/xstream/converters/enums/EnumConverter
instanceKlass  @bci javax/xml/datatype/FactoryFinder newInstance (Ljava/lang/Class;Ljava/lang/String;Ljava/lang/ClassLoader;ZZ)Ljava/lang/Object; 104 <appendix> member <vmtarget> ; # javax/xml/datatype/FactoryFinder$$Lambda+0x00000256411cd410
instanceKlass  @bci javax/xml/datatype/FactoryFinder find (Ljava/lang/Class;Ljava/lang/String;)Ljava/lang/Object; 104 <appendix> member <vmtarget> ; # javax/xml/datatype/FactoryFinder$$Lambda+0x00000256411ccf58
instanceKlass javax/xml/datatype/FactoryFinder$1
instanceKlass  @bci javax/xml/datatype/FactoryFinder find (Ljava/lang/Class;Ljava/lang/String;)Ljava/lang/Object; 6 <appendix> member <vmtarget> ; # javax/xml/datatype/FactoryFinder$$Lambda+0x00000256411ccb20
instanceKlass javax/xml/datatype/FactoryFinder
instanceKlass com/thoughtworks/xstream/converters/extended/DurationConverter$1
instanceKlass javax/xml/datatype/DatatypeFactory
instanceKlass com/thoughtworks/xstream/converters/extended/RegexPatternConverter
instanceKlass com/thoughtworks/xstream/converters/extended/StackTraceElementFactory
instanceKlass com/thoughtworks/xstream/converters/extended/ThrowableConverter
instanceKlass com/thoughtworks/xstream/converters/extended/GregorianCalendarConverter
instanceKlass com/thoughtworks/xstream/converters/extended/ColorConverter
instanceKlass com/thoughtworks/xstream/converters/extended/FontConverter
instanceKlass com/thoughtworks/xstream/converters/extended/JavaFieldConverter
instanceKlass com/thoughtworks/xstream/converters/extended/JavaMethodConverter
instanceKlass com/thoughtworks/xstream/converters/extended/DynamicProxyConverter
instanceKlass com/thoughtworks/xstream/converters/collections/WeakHashMapConverter
instanceKlass com/thoughtworks/xstream/converters/extended/EncodedByteArrayConverter
instanceKlass com/thoughtworks/xstream/converters/collections/PropertiesConverter
instanceKlass com/thoughtworks/xstream/converters/collections/CharArrayConverter
instanceKlass com/thoughtworks/xstream/converters/collections/AbstractCollectionConverter
instanceKlass com/thoughtworks/xstream/converters/collections/BitSetConverter
instanceKlass com/thoughtworks/xstream/core/util/ThreadSafeSimpleDateFormat$1
instanceKlass com/thoughtworks/xstream/core/util/Pool
instanceKlass com/thoughtworks/xstream/core/util/Pool$Factory
instanceKlass com/thoughtworks/xstream/core/util/ThreadSafeSimpleDateFormat
instanceKlass com/thoughtworks/xstream/core/util/WeakCache$Visitor
instanceKlass com/thoughtworks/xstream/converters/basic/CharConverter
instanceKlass com/thoughtworks/xstream/converters/basic/AbstractSingleValueConverter
instanceKlass com/thoughtworks/xstream/converters/basic/NullConverter
instanceKlass com/thoughtworks/xstream/converters/reflection/ExternalizableConverter
instanceKlass com/thoughtworks/xstream/converters/reflection/ReflectionProviderWrapper
instanceKlass com/thoughtworks/xstream/core/util/PrioritizedList$PrioritizedItem
instanceKlass com/thoughtworks/xstream/core/util/SerializationMembers$NO_METHOD_MARKER
instanceKlass com/thoughtworks/xstream/core/util/SerializationMembers
instanceKlass com/thoughtworks/xstream/converters/reflection/SerializationMethodInvoker
instanceKlass com/thoughtworks/xstream/converters/reflection/AbstractReflectionConverter$FieldMarshaller
instanceKlass com/thoughtworks/xstream/core/util/ArrayIterator
instanceKlass com/thoughtworks/xstream/converters/reflection/ReflectionProvider$Visitor
instanceKlass com/thoughtworks/xstream/converters/reflection/AbstractReflectionConverter
instanceKlass java/lang/invoke/SerializedLambda
instanceKlass javax/xml/datatype/Duration
instanceKlass java/awt/font/JavaAWTFontAccessImpl
instanceKlass jdk/internal/access/JavaAWTFontAccess
instanceKlass java/awt/Font
instanceKlass com/thoughtworks/xstream/security/ExplicitTypePermission$1
instanceKlass com/thoughtworks/xstream/security/ExplicitTypePermission
instanceKlass java/util/OptionalLong
instanceKlass java/util/OptionalDouble
instanceKlass java/time/temporal/WeekFields$ComputedDayOfField
instanceKlass java/time/temporal/WeekFields
instanceKlass java/time/chrono/Ser
instanceKlass sun/util/locale/InternalLocaleBuilder$CaseInsensitiveString
instanceKlass sun/util/calendar/Era
instanceKlass java/time/chrono/JapaneseEra
instanceKlass java/time/chrono/Era
instanceKlass java/time/chrono/ChronoLocalDateImpl
instanceKlass java/time/YearMonth
instanceKlass java/time/Year
instanceKlass java/time/Ser
instanceKlass  @bci java/util/regex/Pattern CIRange (II)Ljava/util/regex/Pattern$CharPredicate; 2 <appendix> member <vmtarget> ; # java/util/regex/Pattern$$Lambda+0x00000256411c42c8
instanceKlass  @bci java/util/regex/Pattern SingleI (II)Ljava/util/regex/Pattern$BmpCharPredicate; 2 <appendix> member <vmtarget> ; # java/util/regex/Pattern$$Lambda+0x00000256411c4048
instanceKlass java/time/OffsetTime
instanceKlass java/time/OffsetDateTime
instanceKlass java/time/MonthDay
instanceKlass java/util/Currency$OtherCurrencyEntry
instanceKlass java/util/Currency$SpecialCaseEntry
instanceKlass java/util/Currency$1
instanceKlass java/util/Currency
instanceKlass com/thoughtworks/xstream/security/TypeHierarchyPermission
instanceKlass com/thoughtworks/xstream/security/InterfaceTypePermission
instanceKlass com/thoughtworks/xstream/security/ArrayTypePermission
instanceKlass com/thoughtworks/xstream/security/PrimitiveTypePermission
instanceKlass com/thoughtworks/xstream/security/AnyTypePermission
instanceKlass com/thoughtworks/xstream/security/NullPermission
instanceKlass com/thoughtworks/xstream/security/NoTypePermission
# instanceKlass java/lang/invoke/LambdaForm$MH+0x0000025641215800
# instanceKlass java/lang/invoke/LambdaForm$MH+0x0000025641215400
# instanceKlass java/lang/invoke/LambdaForm$MH+0x0000025641215000
# instanceKlass java/lang/invoke/LambdaForm$MH+0x0000025641214c00
# instanceKlass java/lang/invoke/LambdaForm$MH+0x0000025641214800
# instanceKlass java/lang/invoke/LambdaForm$MH+0x0000025641214400
instanceKlass  @bci hudson/Util isOverridden (Ljava/lang/Class;Ljava/lang/Class;Ljava/lang/String;[Ljava/lang/Class;)Z 101 <appendix> form vmentry <vmtarget> ; # java/lang/invoke/LambdaForm$DMH+0x0000025641214000
instanceKlass com/thoughtworks/xstream/core/util/TypedNull
instanceKlass com/thoughtworks/xstream/converters/SingleValueConverterWrapper
instanceKlass com/thoughtworks/xstream/mapper/AnnotationConfiguration
instanceKlass com/thoughtworks/xstream/mapper/Mapper$Null
instanceKlass com/thoughtworks/xstream/core/util/MemberStore
instanceKlass com/thoughtworks/xstream/core/util/MemberDictionary
instanceKlass com/thoughtworks/xstream/mapper/Mapper$ImplicitCollectionMapping
instanceKlass com/thoughtworks/xstream/mapper/PackageAliasingMapper$1
instanceKlass com/thoughtworks/xstream/XStream$2
instanceKlass com/thoughtworks/xstream/XStream$1
instanceKlass com/thoughtworks/xstream/core/util/PrioritizedList
instanceKlass com/thoughtworks/xstream/core/DefaultConverterLookup
instanceKlass com/thoughtworks/xstream/core/ClassLoaderReference
# instanceKlass java/lang/invoke/LambdaForm$MH+0x000002564120c400
# instanceKlass java/lang/invoke/LambdaForm$MH+0x000002564120c000
instanceKlass java/util/BitSet
instanceKlass com/thoughtworks/xstream/io/xml/XmlFriendlyNameCoder
instanceKlass com/thoughtworks/xstream/io/xml/QNameMap
instanceKlass com/thoughtworks/xstream/io/AbstractReader
instanceKlass com/thoughtworks/xstream/io/ExtendedHierarchicalStreamReader
instanceKlass javax/xml/transform/Source
instanceKlass com/thoughtworks/xstream/io/HierarchicalStreamWriter
instanceKlass com/thoughtworks/xstream/io/naming/NameCoder
instanceKlass com/thoughtworks/xstream/io/AbstractDriver
instanceKlass hudson/util/XStream2$ClassOwnership
instanceKlass com/thoughtworks/xstream/io/HierarchicalStreamReader
instanceKlass com/thoughtworks/xstream/converters/ErrorReporter
instanceKlass com/thoughtworks/xstream/io/HierarchicalStreamDriver
instanceKlass com/thoughtworks/xstream/converters/ConverterRegistry
instanceKlass com/thoughtworks/xstream/converters/ConverterLookup
instanceKlass com/thoughtworks/xstream/MarshallingStrategy
instanceKlass com/thoughtworks/xstream/mapper/MapperWrapper
instanceKlass com/thoughtworks/xstream/mapper/DefaultMapper
instanceKlass com/thoughtworks/xstream/mapper/Mapper
instanceKlass com/thoughtworks/xstream/converters/SingleValueConverter
instanceKlass com/thoughtworks/xstream/converters/Converter
instanceKlass com/thoughtworks/xstream/converters/ConverterMatcher
instanceKlass com/thoughtworks/xstream/core/util/CustomObjectInputStream$StreamCallback
instanceKlass com/thoughtworks/xstream/converters/DataHolder
instanceKlass com/thoughtworks/xstream/security/TypePermission
instanceKlass com/thoughtworks/xstream/core/util/CustomObjectOutputStream$StreamCallback
instanceKlass  @bci hudson/security/SecurityRealm <clinit> ()V 0 <appendix> argL0 ; # hudson/security/SecurityRealm$$Lambda+0x0000025641203ce8
instanceKlass org/springframework/security/web/access/AccessDeniedHandler
instanceKlass jakarta/servlet/Filter
instanceKlass org/springframework/security/web/authentication/AuthenticationFailureHandler
instanceKlass org/springframework/security/web/authentication/AuthenticationSuccessHandler
instanceKlass org/springframework/security/web/authentication/session/SessionAuthenticationStrategy
instanceKlass org/springframework/security/web/AuthenticationEntryPoint
instanceKlass org/springframework/security/web/context/SecurityContextRepository
instanceKlass  @bci org/acegisecurity/GrantedAuthority toSpring ([Lorg/acegisecurity/GrantedAuthority;)Ljava/util/Collection; 8 <appendix> argL0 ; # org/acegisecurity/GrantedAuthority$$Lambda+0x0000025641201db0
instanceKlass org/springframework/security/core/userdetails/UserDetails
instanceKlass org/acegisecurity/userdetails/UserDetails
instanceKlass org/acegisecurity/GrantedAuthorityImpl
instanceKlass org/acegisecurity/GrantedAuthority
instanceKlass org/acegisecurity/providers/anonymous/AnonymousAuthenticationToken
instanceKlass org/springframework/util/MultiValueMap
instanceKlass org/springframework/util/CollectionUtils
instanceKlass org/springframework/util/StringUtils
instanceKlass org/springframework/util/Assert
instanceKlass org/springframework/security/core/authority/SimpleGrantedAuthority
instanceKlass org/springframework/security/core/GrantedAuthority
instanceKlass org/springframework/security/core/Authentication$Builder
instanceKlass org/springframework/security/authentication/AbstractAuthenticationToken
instanceKlass org/springframework/security/core/CredentialsContainer
instanceKlass hudson/security/Messages
instanceKlass net/sf/ezmorph/object/ClassMorpher
instanceKlass java/lang/Short$ShortCache
instanceKlass java/lang/Byte$ByteCache
instanceKlass net/sf/ezmorph/object/StringMorpher
instanceKlass net/sf/ezmorph/object/AbstractObjectMorpher
instanceKlass net/sf/ezmorph/array/AbstractArrayMorpher
instanceKlass net/sf/ezmorph/ObjectMorpher
instanceKlass net/sf/ezmorph/primitive/AbstractPrimitiveMorpher
instanceKlass java/math/MathContext
instanceKlass net/sf/ezmorph/MorphUtils
instanceKlass net/sf/ezmorph/Morpher
instanceKlass net/sf/ezmorph/MorpherRegistry
instanceKlass org/apache/commons/beanutils/DynaBean
instanceKlass net/sf/json/util/JSONUtils
instanceKlass jenkins/console/WithConsoleUrl
instanceKlass jenkins/model/HistoricalBuild
instanceKlass hudson/security/PermissionScope
instanceKlass org/jvnet/localizer/ResourceProvider
instanceKlass org/jvnet/localizer/Localizable
# instanceKlass java/lang/invoke/LambdaForm$DMH+0x00000256411b8400
instanceKlass org/jvnet/localizer/ResourceBundleHolder
instanceKlass hudson/model/Messages
instanceKlass hudson/security/PermissionGroup
instanceKlass  @bci hudson/security/Permission <clinit> ()V 16 <appendix> argL0 ; # hudson/security/Permission$$Lambda+0x00000256411b6878
instanceKlass hudson/security/Permission
# instanceKlass java/lang/invoke/LambdaForm$DMH+0x00000256411b8000
instanceKlass jenkins/model/Jenkins$3
instanceKlass org/springframework/security/authentication/AuthenticationManager
instanceKlass hudson/security/SecurityRealm
instanceKlass hudson/security/AuthorizationStrategy
instanceKlass hudson/remoting/Callable
instanceKlass org/jenkinsci/remoting/RoleSensitive
instanceKlass java/util/TimerTask
instanceKlass org/jvnet/hudson/reactor/ReactorListener
instanceKlass hudson/model/ExecutorListener
instanceKlass jenkins/model/IComputer
instanceKlass org/jenkins/ui/icon/IconSpec
instanceKlass hudson/markup/MarkupFormatter
instanceKlass org/jvnet/hudson/reactor/Reactor
instanceKlass hudson/search/SearchIndex
instanceKlass jenkins/model/Badgeable
instanceKlass jenkins/widgets/HasWidgets
instanceKlass com/thoughtworks/xstream/XStream
instanceKlass org/acegisecurity/Authentication
instanceKlass org/springframework/security/core/Authentication
instanceKlass jenkins/model/Jenkins$JenkinsHolder
instanceKlass hudson/model/TaskListener
instanceKlass org/jenkinsci/remoting/SerializableOnlyOverRemoting
instanceKlass org/kohsuke/stapler/event/FilteredDispatchTriggerListener
instanceKlass org/kohsuke/stapler/DispatchValidator
instanceKlass org/kohsuke/stapler/event/FilteredFieldTriggerListener
instanceKlass org/kohsuke/stapler/event/FilteredDoActionTriggerListener
instanceKlass org/kohsuke/stapler/event/FilteredGetterTriggerListener
instanceKlass org/kohsuke/stapler/lang/FieldRef$Filter
instanceKlass org/kohsuke/stapler/FunctionList$Filter
instanceKlass org/kohsuke/stapler/JsonInErrorMessageSanitizer
instanceKlass hudson/model/ItemGroupMixIn
instanceKlass hudson/model/LoadStatistics
instanceKlass hudson/model/ViewGroupMixIn
instanceKlass hudson/views/MyViewsTabBar
instanceKlass hudson/views/ViewsTabBar
instanceKlass org/apache/commons/jelly/LocationAware
instanceKlass hudson/remoting/VirtualChannel
instanceKlass hudson/model/Item
instanceKlass jenkins/model/Named
instanceKlass org/kohsuke/stapler/HttpResponse
instanceKlass org/jvnet/hudson/reactor/TaskBuilder
instanceKlass org/kohsuke/stapler/BindInterceptor
instanceKlass hudson/model/Descriptor
instanceKlass hudson/model/queue/CauseOfBlockage$NeedsMoreExecutor
instanceKlass hudson/model/queue/CauseOfBlockage
instanceKlass hudson/model/AbstractModelObject
instanceKlass hudson/search/SearchableModelObject
instanceKlass hudson/search/SearchItem
instanceKlass hudson/ExtensionPoint
instanceKlass hudson/model/ReconfigurableDescribable
instanceKlass hudson/model/Describable
instanceKlass jenkins/model/Loadable
instanceKlass jenkins/model/ModelObjectWithChildren
instanceKlass jenkins/model/ModelObjectWithContextMenu
instanceKlass hudson/model/DescriptorByNameOwner
instanceKlass hudson/model/ModifiableViewGroup
instanceKlass hudson/model/ViewGroup
instanceKlass hudson/security/AccessControlled
instanceKlass org/kohsuke/stapler/StaplerFallback
instanceKlass org/kohsuke/stapler/StaplerProxy
instanceKlass jenkins/model/DirectlyModifiableTopLevelItemGroup
instanceKlass jenkins/model/ModifiableTopLevelItemGroup
instanceKlass hudson/model/ModifiableItemGroup
instanceKlass hudson/model/ItemGroup
instanceKlass hudson/model/PersistenceRoot
instanceKlass hudson/model/Saveable
instanceKlass jenkins/model/FullyNamedModelObject
instanceKlass hudson/model/ModelObject
instanceKlass jenkins/model/FullyNamed
instanceKlass sun/security/x509/AlgorithmId
instanceKlass sun/security/jca/JCAUtil
instanceKlass  @bci sun/security/provider/certpath/ldap/JdkLDAP <init> ()V 15 <appendix> member <vmtarget> ; # sun/security/provider/certpath/ldap/JdkLDAP$$Lambda+0x00000256411c0000
instanceKlass com/sun/security/sasl/Provider$1
instanceKlass  @bci sun/security/pkcs11/SunPKCS11 register (Lsun/security/pkcs11/SunPKCS11$Descriptor;)V 27 <appendix> argL0 ; # sun/security/pkcs11/SunPKCS11$$Lambda+0x00000256411a1f60
instanceKlass sun/security/pkcs11/SunPKCS11$Descriptor
instanceKlass javax/security/auth/callback/CallbackHandler
instanceKlass sun/security/mscapi/SunMSCAPI$2
instanceKlass sun/security/mscapi/SunMSCAPI$1
instanceKlass org/jcp/xml/dsig/internal/dom/XMLDSigRI$2
instanceKlass org/jcp/xml/dsig/internal/dom/XMLDSigRI$1
instanceKlass com/sun/security/sasl/gsskerb/JdkSASL$1
instanceKlass  @bci sun/security/jgss/SunProvider <init> ()V 15 <appendix> member <vmtarget> ; # sun/security/jgss/SunProvider$$Lambda+0x0000025641137220
instanceKlass sun/security/smartcardio/SunPCSC$1
instanceKlass  @bci sun/security/ssl/SunJSSE registerAlgorithms ()V 1 <appendix> member <vmtarget> ; # sun/security/ssl/SunJSSE$$Lambda+0x000002564117dad8
instanceKlass java/security/spec/ECFieldF2m
instanceKlass sun/security/util/ObjectIdentifier
instanceKlass sun/security/util/ByteArrayTagOrder
instanceKlass sun/security/util/ByteArrayLexOrder
instanceKlass sun/security/util/DerEncoder
instanceKlass java/security/spec/ECParameterSpec
instanceKlass java/security/spec/AlgorithmParameterSpec
instanceKlass java/security/spec/ECPoint
instanceKlass java/security/spec/EllipticCurve
instanceKlass java/security/spec/ECFieldFp
instanceKlass java/security/spec/ECField
instanceKlass sun/security/util/CurveDB
instanceKlass sun/security/ec/SunEC$1
instanceKlass sun/security/jca/ProviderConfig$ProviderLoader
instanceKlass sun/security/jca/ProviderConfig$3
instanceKlass sun/security/rsa/SunRsaSignEntries
instanceKlass java/util/Base64
instanceKlass java/util/Base64$Decoder
instanceKlass java/util/Base64$Encoder
instanceKlass com/thoughtworks/xstream/core/util/Base64JavaUtilCodec
instanceKlass javax/swing/LookAndFeel
instanceKlass java/awt/Color
instanceKlass java/awt/Paint
instanceKlass java/awt/Transparency
instanceKlass com/thoughtworks/xstream/core/util/FastStack
instanceKlass java/io/ObjectOutputStream$PutField
instanceKlass java/io/ObjectOutput
instanceKlass sun/util/cldr/CLDRBaseLocaleDataMetaInfo$TZCanonicalIDMapHolder
instanceKlass  @bci sun/util/locale/provider/LocaleResources getZoneStrings ()[[Ljava/lang/String; 136 <appendix> member <vmtarget> ; # sun/util/locale/provider/LocaleResources$$Lambda+0x00000256411769c8
instanceKlass  @bci sun/util/locale/provider/LocaleResources getZoneStrings ()[[Ljava/lang/String; 123 <appendix> argL0 ; # sun/util/locale/provider/LocaleResources$$Lambda+0x0000025641176788
instanceKlass sun/util/locale/provider/TimeZoneNameUtility
instanceKlass java/text/CalendarBuilder
instanceKlass java/text/ParsePosition
instanceKlass com/thoughtworks/xstream/core/util/PresortedSet
instanceKlass com/thoughtworks/xstream/core/util/PresortedMap$1
instanceKlass com/thoughtworks/xstream/core/util/PresortedMap
instanceKlass com/thoughtworks/xstream/core/JVM$1
instanceKlass com/thoughtworks/xstream/converters/reflection/FieldUtil15
instanceKlass com/thoughtworks/xstream/converters/reflection/ImmutableFieldKeySorter
instanceKlass com/thoughtworks/xstream/converters/reflection/FieldDictionary$DictionaryEntry
instanceKlass com/thoughtworks/xstream/converters/reflection/FieldDictionary$FieldUtil
instanceKlass com/thoughtworks/xstream/converters/reflection/FieldKey
instanceKlass com/thoughtworks/xstream/converters/reflection/FieldDictionary
instanceKlass com/thoughtworks/xstream/core/util/DependencyInjectionFactory
instanceKlass com/thoughtworks/xstream/converters/reflection/FieldKeySorter
instanceKlass java/io/ObjectStreamConstants
instanceKlass java/io/ObjectInput
instanceKlass com/thoughtworks/xstream/converters/reflection/PureJavaReflectionProvider
instanceKlass com/thoughtworks/xstream/converters/reflection/ReflectionProvider
instanceKlass jdk/internal/vm/annotation/ForceInline
instanceKlass com/thoughtworks/xstream/core/JVM$Test
instanceKlass sun/misc/Unsafe
instanceKlass com/thoughtworks/xstream/core/StringCodec
instanceKlass com/thoughtworks/xstream/converters/ErrorWriter
instanceKlass com/thoughtworks/xstream/core/JVM
instanceKlass com/thoughtworks/xstream/core/Caching
instanceKlass jenkins/util/JenkinsJVM
instanceKlass hudson/Proc
instanceKlass hudson/Main
instanceKlass  @bci jenkins/util/SystemProperties <clinit> ()V 0 <appendix> argL0 ; # jenkins/util/SystemProperties$$Lambda+0x0000025641198410
instanceKlass  @bci jenkins/util/SystemProperties$Listener contextInitialized (Ljakarta/servlet/ServletContextEvent;)V 6 <appendix> member <vmtarget> ; # jenkins/util/SystemProperties$Listener$$Lambda+0x00000256411981f8
instanceKlass jenkins/util/SystemProperties
instanceKlass sun/invoke/util/VerifyAccess$1
instanceKlass jenkins/util/SystemProperties$Handler
instanceKlass  @bci org/eclipse/jetty/ee9/servlet/ServletHandler initialize ()V 9 <appendix> member <vmtarget> ; # org/eclipse/jetty/ee9/servlet/ServletHandler$$Lambda+0x0000025641195270
instanceKlass org/eclipse/jetty/ee9/servlet/ServletHandler$1
instanceKlass  @bci org/eclipse/jetty/ee9/servlet/ServletHandler updateMappings ()V 358 <appendix> argL0 ; # org/eclipse/jetty/ee9/servlet/ServletHandler$$Lambda+0x0000025641194e48
instanceKlass org/eclipse/jetty/ee9/nested/Authentication
instanceKlass org/eclipse/jetty/server/Request$AuthenticationState
instanceKlass org/eclipse/jetty/ee9/security/authentication/LoginAuthenticator
instanceKlass java/util/AbstractList$SubList$1
instanceKlass org/eclipse/jetty/http/pathmap/ServletPathSpec$1
instanceKlass org/eclipse/jetty/http/pathmap/MatchedResource
instanceKlass org/eclipse/jetty/http/pathmap/MatchedPath$2
instanceKlass org/eclipse/jetty/http/pathmap/MatchedPath$1
instanceKlass org/eclipse/jetty/http/pathmap/MatchedPath
instanceKlass org/eclipse/jetty/ee9/security/RoleInfo
instanceKlass  @bci org/eclipse/jetty/ee9/security/ConstraintSecurityHandler rebuildMappings ()V 12 <appendix> member <vmtarget> ; # org/eclipse/jetty/ee9/security/ConstraintSecurityHandler$$Lambda+0x0000025641192c18
instanceKlass  @bci org/eclipse/jetty/session/AbstractSessionManager doStart ()V 470 <appendix> member <vmtarget> ; # org/eclipse/jetty/session/AbstractSessionManager$$Lambda+0x00000256411929e0
instanceKlass  @bci org/eclipse/jetty/session/AbstractSessionManager doStart ()V 452 <appendix> member <vmtarget> ; # org/eclipse/jetty/session/AbstractSessionManager$$Lambda+0x0000025641192798
instanceKlass org/eclipse/jetty/server/Session$LifeCycleListener
instanceKlass  @bci org/eclipse/jetty/session/AbstractSessionManager doStart ()V 434 <appendix> member <vmtarget> ; # org/eclipse/jetty/session/AbstractSessionManager$$Lambda+0x0000025641192370
instanceKlass org/eclipse/jetty/session/SessionContext
instanceKlass org/eclipse/jetty/session/HouseKeeper$Runner
instanceKlass org/eclipse/jetty/session/SessionDataStoreFactory
instanceKlass org/eclipse/jetty/session/SessionCacheFactory
instanceKlass jenkins/JenkinsHttpSessionListener
instanceKlass org/apache/commons/jelly/expression/ExpressionFactory
instanceKlass org/jvnet/localizer/LocaleProvider
instanceKlass hudson/WebAppMain
instanceKlass org/kohsuke/accmod/AccessRestriction
instanceKlass  @bci sun/reflect/annotation/AnnotationParser parseClassArray (ILjava/nio/ByteBuffer;Ljdk/internal/reflect/ConstantPool;Ljava/lang/Class;)Ljava/lang/Object; 10 <appendix> member <vmtarget> ; # sun/reflect/annotation/AnnotationParser$$Lambda+0x00000256411725f0
instanceKlass org/jvnet/hudson/annotation_indexer/Indexed
instanceKlass org/kohsuke/accmod/Restricted
instanceKlass jenkins/util/SystemProperties$Listener
instanceKlass jenkins/util/io/OnMaster
instanceKlass java/lang/Class$Holder
instanceKlass java/lang/invoke/DirectMethodHandle$1
instanceKlass sun/security/util/ManifestEntryVerifier
instanceKlass jdk/internal/misc/ThreadTracker
instanceKlass java/util/jar/JarFile$ThreadTrackHolder
instanceKlass  @bci org/eclipse/jetty/util/ClassMatcher match (Ljava/lang/String;Ljava/net/URL;)Z 47 <appendix> member <vmtarget> ; # org/eclipse/jetty/util/ClassMatcher$$Lambda+0x000002564118b640
instanceKlass  @bci org/eclipse/jetty/ee9/servlet/ListenerHolder doStart ()V 124 <appendix> argL0 ; # org/eclipse/jetty/ee9/servlet/ListenerHolder$$Lambda+0x000002564118b420
instanceKlass org/eclipse/jetty/ee9/servlet/ListenerHolder$WrapFunction
instanceKlass  @bci org/eclipse/jetty/util/ClassMatcher match (Ljava/lang/Class;)Z 13 <appendix> member <vmtarget> ; # org/eclipse/jetty/util/ClassMatcher$$Lambda+0x000002564118b018
instanceKlass org/eclipse/jetty/ee9/servlet/listener/IntrospectorCleaner
instanceKlass org/eclipse/jetty/ee9/websocket/server/JettyWebSocketServerContainer$1
instanceKlass org/eclipse/jetty/ee9/websocket/api/Session
instanceKlass org/eclipse/jetty/websocket/core/util/InvokerUtils$Arg
instanceKlass org/eclipse/jetty/websocket/core/FrameHandler
instanceKlass org/eclipse/jetty/websocket/core/server/WebSocketMappings$1
instanceKlass org/eclipse/jetty/websocket/core/server/internal/WebSocketNegotiation
instanceKlass org/eclipse/jetty/websocket/core/WebSocketCoreSession
instanceKlass org/eclipse/jetty/websocket/core/CoreSession
instanceKlass org/eclipse/jetty/websocket/core/server/internal/AbstractHandshaker
instanceKlass org/eclipse/jetty/websocket/core/server/internal/HandshakerSelector
instanceKlass org/eclipse/jetty/websocket/core/server/Handshaker
instanceKlass org/eclipse/jetty/websocket/core/server/WebSocketMappings
instanceKlass org/eclipse/jetty/websocket/core/server/FrameHandlerFactory
instanceKlass org/eclipse/jetty/ee9/websocket/server/JettyServerUpgradeRequest
instanceKlass org/eclipse/jetty/ee9/websocket/api/UpgradeRequest
instanceKlass org/eclipse/jetty/ee9/websocket/server/JettyServerUpgradeResponse
instanceKlass org/eclipse/jetty/ee9/websocket/api/UpgradeResponse
instanceKlass org/eclipse/jetty/ee9/websocket/api/WebSocketSessionListener
instanceKlass org/eclipse/jetty/ee9/websocket/api/WebSocketPolicy
instanceKlass org/eclipse/jetty/ee9/websocket/api/WebSocketContainer
instanceKlass org/eclipse/jetty/server/handler/ContextHandler$ContextScopeListener
instanceKlass org/eclipse/jetty/websocket/core/server/WebSocketServerComponents$1
instanceKlass  @bci org/eclipse/jetty/websocket/core/internal/PerMessageDeflateExtension$IncomingDemander <init> (Lorg/eclipse/jetty/websocket/core/internal/PerMessageDeflateExtension;)V 12 <appendix> member <vmtarget> ; # org/eclipse/jetty/websocket/core/internal/PerMessageDeflateExtension$IncomingDemander$$Lambda+0x0000025641186000
instanceKlass  @cpi org/eclipse/jetty/ee9/nested/Request 2280 form vmentry <vmtarget> ; # java/lang/invoke/LambdaForm$DMH+0x0000025641184400
instanceKlass  @bci org/eclipse/jetty/websocket/core/internal/FragmentExtension$FragmentingDemander <init> (Lorg/eclipse/jetty/websocket/core/internal/FragmentExtension;)V 9 <appendix> member <vmtarget> ; # org/eclipse/jetty/websocket/core/internal/FragmentExtension$FragmentingDemander$$Lambda+0x0000025641181fd0
instanceKlass  @cpi org/kohsuke/stapler/jelly/ResourceBundle 307 form vmentry <vmtarget> ; # java/lang/invoke/LambdaForm$DMH+0x0000025641184000
instanceKlass org/eclipse/jetty/websocket/core/Frame
instanceKlass  @bci org/eclipse/jetty/util/IteratingCallback <init> ()V 17 <appendix> member <vmtarget> ; # org/eclipse/jetty/util/IteratingCallback$$Lambda+0x00000256411816b0
instanceKlass org/eclipse/jetty/util/Callback$2
instanceKlass org/eclipse/jetty/util/Callback$1
instanceKlass org/eclipse/jetty/websocket/core/Configuration$ConfigurationCustomizer
instanceKlass org/eclipse/jetty/websocket/core/Configuration$Customizer
instanceKlass org/eclipse/jetty/util/IteratingCallback
instanceKlass org/eclipse/jetty/websocket/core/util/WebSocketFlusher
instanceKlass org/eclipse/jetty/websocket/core/Configuration
instanceKlass org/eclipse/jetty/websocket/core/AbstractExtension
instanceKlass org/eclipse/jetty/websocket/core/util/DemandChain
instanceKlass  @bci org/eclipse/jetty/websocket/core/WebSocketExtensionRegistry <init> ()V 31 <appendix> member <vmtarget> ; # org/eclipse/jetty/websocket/core/WebSocketExtensionRegistry$$Lambda+0x000002564113e848
instanceKlass org/eclipse/jetty/websocket/core/Extension
instanceKlass org/eclipse/jetty/websocket/core/OutgoingFrames
instanceKlass org/eclipse/jetty/websocket/core/IncomingFrames
instanceKlass org/eclipse/jetty/websocket/core/WebSocketExtensionRegistry
instanceKlass jakarta/servlet/FilterRegistration$Dynamic
instanceKlass jakarta/servlet/FilterConfig
instanceKlass org/eclipse/jetty/ee9/servlet/ServletHandler$MappedServlet
instanceKlass org/eclipse/jetty/ee9/security/ConstraintMapping
instanceKlass org/eclipse/jetty/ee9/nested/ServletConstraint
instanceKlass java/util/StringTokenizer
instanceKlass org/eclipse/jetty/ee9/webapp/StandardDescriptorProcessor$1
instanceKlass org/eclipse/jetty/xml/XmlParser$Node$1
instanceKlass org/eclipse/jetty/ee9/servlet/Holder$1
instanceKlass jakarta/servlet/ServletConfig
instanceKlass jakarta/servlet/ServletRegistration$Dynamic
instanceKlass jakarta/servlet/Registration$Dynamic
instanceKlass org/eclipse/jetty/ee9/webapp/MetaData$OriginInfo
instanceKlass org/eclipse/jetty/util/ArrayUtil
# instanceKlass java/lang/invoke/LambdaForm$MH+0x000002564113d800
# instanceKlass java/lang/invoke/LambdaForm$MH+0x000002564113d400
# instanceKlass java/lang/invoke/LambdaForm$MH+0x000002564113d000
# instanceKlass java/lang/invoke/LambdaForm$MH+0x000002564113cc00
# instanceKlass java/lang/invoke/LambdaForm$MH+0x000002564113c800
# instanceKlass java/lang/invoke/LambdaForm$DMH+0x000002564113c400
# instanceKlass java/lang/invoke/LambdaForm$DMH+0x000002564113c000
instanceKlass org/eclipse/jetty/ee9/servlet/FilterMapping
instanceKlass org/eclipse/jetty/ee9/servlet/ServletMapping
instanceKlass jakarta/servlet/descriptor/JspPropertyGroupDescriptor
instanceKlass jakarta/servlet/descriptor/TaglibDescriptor
instanceKlass jakarta/servlet/descriptor/JspConfigDescriptor
instanceKlass org/eclipse/jetty/ee9/webapp/IterativeDescriptorProcessor
instanceKlass  @bci org/eclipse/jetty/ee/webapp/WebAppClassLoader addJars (Lorg/eclipse/jetty/util/resource/Resource;)V 38 <appendix> member <vmtarget> ; # org/eclipse/jetty/ee/webapp/WebAppClassLoader$$Lambda+0x0000025641132d08
instanceKlass  @bci org/eclipse/jetty/ee/webapp/WebAppClassLoader addJars (Lorg/eclipse/jetty/util/resource/Resource;)V 18 <appendix> member <vmtarget> ; # org/eclipse/jetty/ee/webapp/WebAppClassLoader$$Lambda+0x0000025641132ac0
instanceKlass  @bci java/util/regex/CharPredicates ASCII_WORD ()Ljava/util/regex/Pattern$BmpCharPredicate; 0 <appendix> argL0 ; # java/util/regex/CharPredicates$$Lambda+0x0000025641170d88
instanceKlass  @bci org/eclipse/jetty/ee9/nested/ContextHandler doStart ()V 53 <appendix> member <vmtarget> ; # org/eclipse/jetty/ee9/nested/ContextHandler$$Lambda+0x0000025641132888
instanceKlass org/eclipse/jetty/util/DeprecationWarning
instanceKlass  @bci jdk/nio/zipfs/ZipFileSystemProvider removeFileSystem (Ljava/nio/file/Path;Ljdk/nio/zipfs/ZipFileSystem;)V 17 <appendix> member <vmtarget> ; # jdk/nio/zipfs/ZipFileSystemProvider$$Lambda+0x0000025641134d90
instanceKlass  @bci jdk/nio/zipfs/ZipFileSystem close ()V 97 <appendix> member <vmtarget> ; # jdk/nio/zipfs/ZipFileSystem$$Lambda+0x0000025641134b78
instanceKlass  @bci jdk/nio/zipfs/ZipFileSystem createVersionedLinks (I)V 48 <appendix> member <vmtarget> ; # jdk/nio/zipfs/ZipFileSystem$$Lambda+0x0000025641134940
instanceKlass  @bci jdk/nio/zipfs/ZipFileSystem lambda$createVersionedLinks$12 (Ljava/util/HashMap;Ljdk/nio/zipfs/ZipFileSystem$IndexNode;)V 8 <appendix> member <vmtarget> ; # jdk/nio/zipfs/ZipFileSystem$$Lambda+0x0000025641134718
instanceKlass  @bci jdk/nio/zipfs/ZipFileSystem createVersionedLinks (I)V 36 <appendix> member <vmtarget> ; # jdk/nio/zipfs/ZipFileSystem$$Lambda+0x00000256411344f0
instanceKlass  @bci java/util/stream/StreamSpliterators$WrappingSpliterator initPartialTraversalState ()V 37 <appendix> member <vmtarget> ; # java/util/stream/StreamSpliterators$WrappingSpliterator$$Lambda+0x0000025641170988
instanceKlass java/util/function/BooleanSupplier
instanceKlass  @bci java/util/stream/StreamSpliterators$WrappingSpliterator initPartialTraversalState ()V 24 <appendix> member <vmtarget> ; # java/util/stream/StreamSpliterators$WrappingSpliterator$$Lambda+0x00000256411704f8
instanceKlass java/util/stream/StreamSpliterators
instanceKlass java/util/stream/StreamSpliterators$AbstractWrappingSpliterator
instanceKlass  @bci java/util/stream/AbstractPipeline spliterator ()Ljava/util/Spliterator; 103 <appendix> member <vmtarget> ; # java/util/stream/AbstractPipeline$$Lambda+0x000002564116fbd8
instanceKlass  @bci org/eclipse/jetty/ee9/webapp/MetaInfConfiguration getTlds (Lorg/eclipse/jetty/ee9/webapp/WebAppContext;Lorg/eclipse/jetty/util/resource/Resource;)Ljava/util/Collection; 53 <appendix> argL0 ; # org/eclipse/jetty/ee9/webapp/MetaInfConfiguration$$Lambda+0x0000025641132000
instanceKlass  @bci org/eclipse/jetty/ee9/webapp/MetaInfConfiguration getTlds (Lorg/eclipse/jetty/ee9/webapp/WebAppContext;Lorg/eclipse/jetty/util/resource/Resource;)Ljava/util/Collection; 43 <appendix> argL0 ; # org/eclipse/jetty/ee9/webapp/MetaInfConfiguration$$Lambda+0x000002564112fce0
instanceKlass  @bci java/nio/file/Files walk (Ljava/nio/file/Path;I[Ljava/nio/file/FileVisitOption;)Ljava/util/stream/Stream; 43 <appendix> argL0 ; # java/nio/file/Files$$Lambda+0x000002564116f9a8
instanceKlass  @bci java/nio/file/Files walk (Ljava/nio/file/Path;I[Ljava/nio/file/FileVisitOption;)Ljava/util/stream/Stream; 30 <appendix> member <vmtarget> ; # java/nio/file/Files$$Lambda+0x000002564116f790
instanceKlass  @cpi java/security/spec/EncodedKeySpec 79 form vmentry <vmtarget> ; # java/lang/invoke/LambdaForm$DMH+0x0000025641130c00
instanceKlass java/nio/file/FileTreeWalker$Event
instanceKlass jdk/nio/zipfs/ZipDirectoryStream$1
instanceKlass java/nio/file/FileTreeWalker$DirectoryNode
instanceKlass jdk/nio/zipfs/ZipDirectoryStream
instanceKlass java/nio/file/FileTreeWalker
instanceKlass java/nio/file/FileTreeIterator
instanceKlass  @bci org/eclipse/jetty/ee9/webapp/MetaInfConfiguration findExtraClasspathDirs (Lorg/eclipse/jetty/ee9/webapp/WebAppContext;)Ljava/util/List; 24 <appendix> argL0 ; # org/eclipse/jetty/ee9/webapp/MetaInfConfiguration$$Lambda+0x000002564112faa0
instanceKlass  @bci org/eclipse/jetty/ee9/webapp/MetaInfConfiguration findAndFilterWebAppPaths (Lorg/eclipse/jetty/ee9/webapp/WebAppContext;)V 85 <appendix> member <vmtarget> ; # org/eclipse/jetty/ee9/webapp/MetaInfConfiguration$$Lambda+0x000002564112f878
instanceKlass  @bci org/eclipse/jetty/ee9/webapp/MetaInfConfiguration findExtraClasspathJars (Lorg/eclipse/jetty/ee9/webapp/WebAppContext;)Ljava/util/List; 23 <appendix> member <vmtarget> ; # org/eclipse/jetty/ee9/webapp/MetaInfConfiguration$$Lambda+0x000002564112f630
instanceKlass  @bci java/util/stream/SortedOps$RefSortingSink end ()V 48 <appendix> member <vmtarget> ; # java/util/stream/SortedOps$RefSortingSink$$Lambda+0x000002564116e198
instanceKlass  @cpi hudson/ExtensionFinder$GuiceFinder$SezpozModule 498 form vmentry <vmtarget> ; # java/lang/invoke/LambdaForm$DMH+0x0000025641130800
instanceKlass jdk/internal/icu/text/ReplaceableString
instanceKlass jdk/internal/icu/text/Replaceable
instanceKlass jdk/internal/icu/text/UCharacterIterator
instanceKlass jdk/internal/icu/text/NormalizerBase
instanceKlass jdk/internal/icu/text/NormalizerBase$Mode
instanceKlass sun/text/CollatorUtilities
instanceKlass java/text/CollationElementIterator
instanceKlass org/eclipse/jetty/util/FileID
instanceKlass java/util/stream/SortedOps
instanceKlass  @bci java/util/Comparator comparingLong (Ljava/util/function/ToLongFunction;)Ljava/util/Comparator; 6 <appendix> member <vmtarget> ; # java/util/Comparator$$Lambda+0x000002564116b608
instanceKlass  @bci org/eclipse/jetty/util/resource/ResourceCollators <clinit> ()V 58 <appendix> argL0 ; # org/eclipse/jetty/util/resource/ResourceCollators$$Lambda+0x000002564112f228
instanceKlass  @cpi hudson/model/queue/QueueSorter 141 form vmentry <vmtarget> ; # java/lang/invoke/LambdaForm$DMH+0x0000025641130400
instanceKlass java/util/function/ToLongFunction
instanceKlass  @bci java/util/Comparator comparing (Ljava/util/function/Function;)Ljava/util/Comparator; 6 <appendix> member <vmtarget> ; # java/util/Comparator$$Lambda+0x000002564116b378
instanceKlass  @cpi hudson/model/Items 680 form vmentry <vmtarget> ; # java/lang/invoke/LambdaForm$DMH+0x0000025641130000
instanceKlass  @bci org/eclipse/jetty/util/resource/ResourceCollators <clinit> ()V 38 <appendix> argL0 ; # org/eclipse/jetty/util/resource/ResourceCollators$$Lambda+0x000002564112eff8
instanceKlass java/util/Collections$ReverseComparator2
instanceKlass java/util/Collections$ReverseComparator
instanceKlass org/eclipse/jetty/util/resource/ResourceCollators$2
instanceKlass sun/text/ComposedCharIter
instanceKlass java/text/EntryPair
instanceKlass java/text/PatternEntry
instanceKlass java/text/PatternEntry$Parser
instanceKlass java/text/MergeCollation
instanceKlass jdk/internal/icu/lang/UCharacter
instanceKlass jdk/internal/icu/text/UTF16
instanceKlass jdk/internal/icu/impl/NormalizerImpl$UTF16Plus
instanceKlass jdk/internal/icu/util/CodePointTrie$Data
instanceKlass jdk/internal/icu/util/CodePointMap
instanceKlass jdk/internal/icu/util/VersionInfo
instanceKlass jdk/internal/icu/impl/ICUBinary$1
instanceKlass jdk/internal/icu/impl/ICUBinary
instanceKlass jdk/internal/icu/impl/Norm2AllModes$Norm2AllModesSingleton
instanceKlass jdk/internal/icu/impl/Norm2AllModes$NFCSingleton
instanceKlass jdk/internal/icu/impl/Norm2AllModes
instanceKlass jdk/internal/icu/text/Normalizer2
instanceKlass jdk/internal/icu/impl/NormalizerImpl$IsAcceptable
instanceKlass jdk/internal/icu/impl/ICUBinary$Authenticate
instanceKlass jdk/internal/icu/impl/NormalizerImpl
instanceKlass sun/text/UCompactIntArray
instanceKlass sun/text/IntHashtable
instanceKlass java/text/RBCollationTables$BuildAPI
instanceKlass java/text/RBTableBuilder
instanceKlass java/text/RBCollationTables
instanceKlass java/text/Collator
instanceKlass org/eclipse/jetty/util/resource/ResourceCollators$1
instanceKlass org/eclipse/jetty/util/resource/ResourceCollators
instanceKlass  @bci org/eclipse/jetty/ee9/webapp/MetaInfConfiguration findWebInfLibJars (Lorg/eclipse/jetty/ee9/webapp/WebAppContext;)Ljava/util/List; 44 <appendix> argL0 ; # org/eclipse/jetty/ee9/webapp/MetaInfConfiguration$$Lambda+0x000002564112e680
instanceKlass  @bci java/util/stream/Collectors toCollection (Ljava/util/function/Supplier;)Ljava/util/stream/Collector; 10 <appendix> argL0 ; # java/util/stream/Collectors$$Lambda+0x0000025641164900
instanceKlass  @bci java/util/stream/Collectors toCollection (Ljava/util/function/Supplier;)Ljava/util/stream/Collector; 5 <appendix> argL0 ; # java/util/stream/Collectors$$Lambda+0x00000256411646e0
instanceKlass  @bci org/eclipse/jetty/util/resource/PathResource list ()Ljava/util/List; 30 <appendix> argL0 ; # org/eclipse/jetty/util/resource/PathResource$$Lambda+0x000002564112e470
instanceKlass  @bci org/eclipse/jetty/util/resource/PathResource list ()Ljava/util/List; 20 <appendix> argL0 ; # org/eclipse/jetty/util/resource/PathResource$$Lambda+0x000002564112e240
instanceKlass  @bci java/nio/file/Files asUncheckedRunnable (Ljava/io/Closeable;)Ljava/lang/Runnable; 1 <appendix> member <vmtarget> ; # java/nio/file/Files$$Lambda+0x00000256411644c8
instanceKlass java/nio/file/Files$2
instanceKlass org/eclipse/jetty/util/UriPatternPredicate
instanceKlass org/eclipse/jetty/util/resource/ResourceUriPatternPredicate
instanceKlass org/eclipse/jetty/xml/XmlParser$Attribute
instanceKlass org/eclipse/jetty/util/Promise
instanceKlass org/eclipse/jetty/io/IOResources
instanceKlass org/w3c/dom/Attr
instanceKlass com/sun/org/apache/xerces/internal/dom/NamedNodeMapImpl
instanceKlass org/w3c/dom/NamedNodeMap
instanceKlass org/w3c/dom/Comment
instanceKlass com/sun/org/apache/xerces/internal/dom/CharacterDataImpl$1
instanceKlass org/w3c/dom/Text
instanceKlass org/w3c/dom/CharacterData
instanceKlass com/sun/org/apache/xerces/internal/dom/DeepNodeListImpl
instanceKlass com/sun/org/apache/xerces/internal/dom/DeferredDocumentImpl$RefCount
instanceKlass com/sun/org/apache/xerces/internal/dom/NodeListCache
instanceKlass org/w3c/dom/TypeInfo
instanceKlass org/w3c/dom/ElementTraversal
instanceKlass org/w3c/dom/Element
instanceKlass org/w3c/dom/DocumentType
instanceKlass com/sun/org/apache/xerces/internal/dom/NodeImpl
instanceKlass org/w3c/dom/events/EventTarget
instanceKlass org/w3c/dom/NodeList
instanceKlass org/w3c/dom/Document
instanceKlass org/w3c/dom/ranges/DocumentRange
instanceKlass org/w3c/dom/events/DocumentEvent
instanceKlass org/w3c/dom/traversal/DocumentTraversal
instanceKlass com/sun/org/apache/xerces/internal/dom/DeferredNode
instanceKlass org/w3c/dom/Node
instanceKlass javax/xml/parsers/DocumentBuilder
instanceKlass jdk/xml/internal/XMLSecurityManager
instanceKlass javax/xml/parsers/DocumentBuilderFactory
instanceKlass org/eclipse/jetty/xml/BaseClassCatalog$CatalogReader
instanceKlass org/eclipse/jetty/xml/BaseClassCatalog
instanceKlass jakarta/servlet/Servlet
instanceKlass javax/xml/catalog/CatalogResolverImpl
instanceKlass javax/xml/catalog/CatalogResolver
instanceKlass org/w3c/dom/ls/LSResourceResolver
instanceKlass javax/xml/stream/XMLResolver
instanceKlass javax/xml/catalog/CatalogReader$1
instanceKlass javax/xml/catalog/Normalizer
instanceKlass com/sun/org/apache/xerces/internal/impl/Constants$ArrayEnumeration
instanceKlass com/sun/org/apache/xerces/internal/impl/Constants
instanceKlass com/sun/org/apache/xerces/internal/parsers/AbstractSAXParser$LocatorProxy
instanceKlass org/xml/sax/ext/Locator2
instanceKlass org/xml/sax/Locator
instanceKlass com/sun/org/apache/xerces/internal/util/XMLSymbols
instanceKlass com/sun/org/apache/xerces/internal/util/XMLChar
instanceKlass com/sun/xml/internal/stream/Entity
instanceKlass com/sun/xml/internal/stream/util/BufferAllocator
instanceKlass com/sun/xml/internal/stream/util/ThreadLocalBufferAllocator
instanceKlass com/sun/org/apache/xerces/internal/impl/XMLEntityManager$EncodingInfo
instanceKlass com/sun/org/apache/xerces/internal/util/URI
instanceKlass com/sun/org/apache/xerces/internal/utils/XMLLimitAnalyzer
instanceKlass com/sun/org/apache/xerces/internal/xni/parser/XMLInputSource
instanceKlass com/sun/org/apache/xerces/internal/util/ErrorHandlerWrapper
instanceKlass com/sun/org/apache/xerces/internal/xni/parser/XMLErrorHandler
instanceKlass com/sun/org/apache/xerces/internal/impl/ExternalSubsetResolver
instanceKlass com/sun/org/apache/xerces/internal/util/EntityResolverWrapper
instanceKlass org/xml/sax/ext/EntityResolver2
instanceKlass org/xml/sax/InputSource
instanceKlass javax/xml/transform/URIResolver
instanceKlass javax/xml/catalog/BaseEntry
instanceKlass javax/xml/catalog/Catalog
instanceKlass javax/xml/catalog/CatalogManager
instanceKlass  @bci javax/xml/catalog/CatalogFeatures setProperties (Ljavax/xml/catalog/CatalogFeatures$Builder;)V 5 <appendix> member <vmtarget> ; # javax/xml/catalog/CatalogFeatures$$Lambda+0x000002564114f770
instanceKlass javax/xml/catalog/CatalogMessages
instanceKlass javax/xml/catalog/Util
instanceKlass javax/xml/catalog/CatalogFeatures$Builder
instanceKlass javax/xml/catalog/CatalogFeatures
instanceKlass com/sun/org/apache/xerces/internal/parsers/AbstractSAXParser$AttributesProxy
instanceKlass org/xml/sax/ext/Attributes2
instanceKlass org/xml/sax/Attributes
instanceKlass org/xml/sax/AttributeList
instanceKlass com/sun/org/apache/xerces/internal/util/FeatureState
instanceKlass com/sun/org/apache/xerces/internal/util/PropertyState
instanceKlass com/sun/org/apache/xerces/internal/impl/msg/XMLMessageFormatter
instanceKlass com/sun/org/apache/xerces/internal/util/MessageFormatter
instanceKlass com/sun/org/apache/xerces/internal/impl/XMLVersionDetector
instanceKlass com/sun/org/apache/xerces/internal/impl/validation/ValidationManager
instanceKlass com/sun/org/apache/xerces/internal/impl/dv/dtd/NMTOKENDatatypeValidator
instanceKlass com/sun/org/apache/xerces/internal/impl/dv/dtd/NOTATIONDatatypeValidator
instanceKlass com/sun/org/apache/xerces/internal/impl/dv/dtd/ENTITYDatatypeValidator
instanceKlass com/sun/org/apache/xerces/internal/impl/dv/dtd/ListDatatypeValidator
instanceKlass com/sun/org/apache/xerces/internal/impl/dv/dtd/IDREFDatatypeValidator
instanceKlass com/sun/org/apache/xerces/internal/impl/dv/dtd/IDDatatypeValidator
instanceKlass com/sun/org/apache/xerces/internal/impl/dv/dtd/StringDatatypeValidator
instanceKlass com/sun/org/apache/xerces/internal/impl/dv/DatatypeValidator
instanceKlass com/sun/org/apache/xerces/internal/impl/dv/DTDDVFactory
instanceKlass com/sun/org/apache/xerces/internal/impl/dtd/DTDGrammarBucket
instanceKlass com/sun/org/apache/xerces/internal/impl/dtd/XMLAttributeDecl
instanceKlass com/sun/org/apache/xerces/internal/impl/dtd/XMLSimpleType
instanceKlass com/sun/org/apache/xerces/internal/impl/dtd/XMLElementDecl
instanceKlass com/sun/org/apache/xerces/internal/impl/validation/ValidationState
instanceKlass com/sun/org/apache/xerces/internal/impl/dv/ValidationContext
instanceKlass com/sun/org/apache/xerces/internal/impl/dtd/XMLDTDValidator
instanceKlass com/sun/org/apache/xerces/internal/impl/RevalidationHandler
instanceKlass com/sun/org/apache/xerces/internal/impl/dtd/XMLDTDValidatorFilter
instanceKlass com/sun/org/apache/xerces/internal/xni/parser/XMLDocumentFilter
instanceKlass com/sun/org/apache/xerces/internal/impl/dtd/XMLEntityDecl
instanceKlass com/sun/org/apache/xerces/internal/impl/dtd/XMLDTDProcessor
instanceKlass com/sun/org/apache/xerces/internal/xni/parser/XMLDTDContentModelFilter
instanceKlass com/sun/org/apache/xerces/internal/xni/parser/XMLDTDFilter
instanceKlass com/sun/org/apache/xerces/internal/xni/parser/XMLDTDScanner
instanceKlass com/sun/org/apache/xerces/internal/xni/parser/XMLDTDContentModelSource
instanceKlass com/sun/org/apache/xerces/internal/xni/parser/XMLDTDSource
instanceKlass com/sun/org/apache/xerces/internal/xni/grammars/XMLDTDDescription
instanceKlass com/sun/org/apache/xerces/internal/xni/grammars/XMLGrammarDescription
instanceKlass com/sun/org/apache/xerces/internal/impl/XMLDocumentScannerImpl$TrailingMiscDriver
instanceKlass com/sun/org/apache/xerces/internal/impl/XMLDocumentScannerImpl$PrologDriver
instanceKlass com/sun/org/apache/xerces/internal/impl/XMLDocumentScannerImpl$XMLDeclDriver
instanceKlass com/sun/org/apache/xerces/internal/util/NamespaceSupport
instanceKlass com/sun/org/apache/xerces/internal/xni/NamespaceContext
instanceKlass com/sun/org/apache/xerces/internal/util/XMLAttributesImpl$Attribute
instanceKlass com/sun/org/apache/xerces/internal/util/XMLAttributesImpl
instanceKlass com/sun/org/apache/xerces/internal/xni/XMLAttributes
instanceKlass com/sun/org/apache/xerces/internal/impl/XMLDocumentFragmentScannerImpl$FragmentContentDriver
instanceKlass com/sun/org/apache/xerces/internal/impl/XMLDocumentFragmentScannerImpl$Driver
instanceKlass com/sun/org/apache/xerces/internal/impl/XMLDocumentFragmentScannerImpl$ElementStack2
instanceKlass com/sun/org/apache/xerces/internal/xni/QName
instanceKlass com/sun/org/apache/xerces/internal/impl/XMLDocumentFragmentScannerImpl$ElementStack
instanceKlass com/sun/org/apache/xerces/internal/xni/XMLString
instanceKlass com/sun/org/apache/xerces/internal/impl/XMLScanner
instanceKlass com/sun/xml/internal/stream/XMLBufferListener
instanceKlass com/sun/org/apache/xerces/internal/impl/XMLEntityHandler
instanceKlass com/sun/org/apache/xerces/internal/xni/parser/XMLDocumentScanner
instanceKlass com/sun/org/apache/xerces/internal/xni/parser/XMLDocumentSource
instanceKlass com/sun/org/apache/xerces/internal/impl/XMLErrorReporter
instanceKlass com/sun/org/apache/xerces/internal/impl/XMLEntityScanner
instanceKlass com/sun/org/apache/xerces/internal/xni/XMLLocator
instanceKlass com/sun/xml/internal/stream/XMLEntityStorage
instanceKlass com/sun/org/apache/xerces/internal/util/AugmentationsImpl$AugmentationsItemsContainer
instanceKlass com/sun/org/apache/xerces/internal/util/AugmentationsImpl
instanceKlass com/sun/org/apache/xerces/internal/xni/Augmentations
instanceKlass com/sun/org/apache/xerces/internal/util/XMLResourceIdentifierImpl
instanceKlass com/sun/org/apache/xerces/internal/xni/XMLResourceIdentifier
instanceKlass com/sun/org/apache/xerces/internal/impl/XMLEntityManager
instanceKlass com/sun/org/apache/xerces/internal/xni/parser/XMLEntityResolver
instanceKlass com/sun/org/apache/xerces/internal/xni/parser/XMLComponent
instanceKlass com/sun/org/apache/xerces/internal/util/SymbolTable$Entry
instanceKlass com/sun/org/apache/xerces/internal/util/SymbolTable
instanceKlass jdk/xml/internal/JdkConstants
instanceKlass jdk/xml/internal/JdkXmlUtils
instanceKlass com/sun/org/apache/xerces/internal/util/ParserConfigurationSettings
instanceKlass com/sun/org/apache/xerces/internal/parsers/XML11Configurable
instanceKlass com/sun/org/apache/xerces/internal/xni/parser/XMLPullParserConfiguration
instanceKlass com/sun/org/apache/xerces/internal/xni/parser/XMLParserConfiguration
instanceKlass com/sun/org/apache/xerces/internal/xni/parser/XMLComponentManager
instanceKlass com/sun/org/apache/xerces/internal/parsers/XMLParser
instanceKlass com/sun/org/apache/xerces/internal/xni/XMLDTDContentModelHandler
instanceKlass com/sun/org/apache/xerces/internal/xni/XMLDTDHandler
instanceKlass com/sun/org/apache/xerces/internal/xni/XMLDocumentHandler
instanceKlass org/xml/sax/XMLReader
instanceKlass org/xml/sax/Parser
instanceKlass com/sun/org/apache/xerces/internal/utils/XMLSecurityPropertyManager
instanceKlass com/sun/org/apache/xerces/internal/utils/XMLSecurityManager
instanceKlass javax/xml/parsers/SAXParser
instanceKlass com/sun/org/apache/xerces/internal/xs/PSVIProvider
instanceKlass com/sun/org/apache/xerces/internal/jaxp/JAXPConstants
instanceKlass  @bci javax/xml/parsers/FactoryFinder newInstance (Ljava/lang/Class;Ljava/lang/String;Ljava/lang/ClassLoader;ZZ)Ljava/lang/Object; 104 <appendix> member <vmtarget> ; # javax/xml/parsers/FactoryFinder$$Lambda+0x00000256410fa6d8
instanceKlass  @bci jdk/xml/internal/SecuritySupport getContextClassLoader ()Ljava/lang/ClassLoader; 0 <appendix> argL0 ; # jdk/xml/internal/SecuritySupport$$Lambda+0x00000256410fa270
instanceKlass  @bci javax/xml/parsers/FactoryFinder find (Ljava/lang/Class;Ljava/lang/String;)Ljava/lang/Object; 104 <appendix> member <vmtarget> ; # javax/xml/parsers/FactoryFinder$$Lambda+0x00000256410fa058
instanceKlass javax/xml/parsers/FactoryFinder$1
instanceKlass  @bci jdk/xml/internal/SecuritySupport getFileInputStream (Ljava/io/File;)Ljava/io/FileInputStream; 1 <appendix> member <vmtarget> ; # jdk/xml/internal/SecuritySupport$$Lambda+0x00000256410f9c20
instanceKlass  @bci jdk/xml/internal/SecuritySupport doesFileExist (Ljava/io/File;)Z 1 <appendix> member <vmtarget> ; # jdk/xml/internal/SecuritySupport$$Lambda+0x00000256410f9a08
instanceKlass  @bci javax/xml/parsers/FactoryFinder find (Ljava/lang/Class;Ljava/lang/String;)Ljava/lang/Object; 6 <appendix> member <vmtarget> ; # javax/xml/parsers/FactoryFinder$$Lambda+0x00000256410f97f0
instanceKlass  @bci jdk/xml/internal/SecuritySupport getSystemProperty (Ljava/lang/String;)Ljava/lang/String; 1 <appendix> member <vmtarget> ; # jdk/xml/internal/SecuritySupport$$Lambda+0x00000256410f95d8
instanceKlass jdk/xml/internal/SecuritySupport
instanceKlass javax/xml/parsers/FactoryFinder
instanceKlass javax/xml/parsers/SAXParserFactory
instanceKlass org/xml/sax/helpers/DefaultHandler
instanceKlass org/xml/sax/DTDHandler
instanceKlass org/xml/sax/EntityResolver
instanceKlass org/xml/sax/ErrorHandler
instanceKlass org/xml/sax/ContentHandler
instanceKlass org/eclipse/jetty/xml/XmlParser
instanceKlass jdk/nio/zipfs/ZipPath$2
instanceKlass jdk/nio/zipfs/ZipUtils
instanceKlass jdk/nio/zipfs/ZipFileSystem$END
instanceKlass jdk/nio/zipfs/ZipConstants
instanceKlass java/nio/channels/spi/AbstractInterruptibleChannel$1
instanceKlass sun/nio/ch/Interruptible
instanceKlass sun/nio/fs/WindowsChannelFactory$2
instanceKlass java/nio/file/attribute/PosixFileAttributeView
instanceKlass jdk/nio/zipfs/ZipFileAttributeView
instanceKlass jdk/nio/zipfs/ZipPath
instanceKlass jdk/nio/zipfs/ZipCoder
instanceKlass sun/nio/fs/WindowsSecurity
instanceKlass sun/nio/fs/AbstractAclFileAttributeView
instanceKlass java/nio/file/attribute/AclFileAttributeView
instanceKlass java/nio/file/attribute/FileOwnerAttributeView
instanceKlass  @bci jdk/nio/zipfs/ZipFileSystem <init> (Ljdk/nio/zipfs/ZipFileSystemProvider;Ljava/nio/file/Path;Ljava/util/Map;)V 431 <appendix> member <vmtarget> ; # jdk/nio/zipfs/ZipFileSystem$$Lambda+0x000002564112a478
instanceKlass sun/nio/fs/WindowsFileSystemProvider$1
instanceKlass java/nio/file/attribute/PosixFilePermissions
instanceKlass  @bci jdk/nio/zipfs/ZipFileSystem <clinit> ()V 0 <appendix> argL0 ; # jdk/nio/zipfs/ZipFileSystem$$Lambda+0x000002564112a268
instanceKlass java/nio/file/attribute/PosixFileAttributes
instanceKlass jdk/nio/zipfs/ZipFileSystem$IndexNode
instanceKlass jdk/nio/zipfs/ZipFileAttributes
instanceKlass java/util/AbstractMap$SimpleEntry
instanceKlass jdk/internal/jimage/ImageBufferCache$2
instanceKlass jdk/internal/jimage/ImageBufferCache
instanceKlass  @bci sun/net/www/protocol/jrt/JavaRuntimeURLConnection <clinit> ()V 0 <appendix> argL0 ; # sun/net/www/protocol/jrt/JavaRuntimeURLConnection$$Lambda+0x00000256410f2f48
instanceKlass java/nio/channels/AsynchronousFileChannel
instanceKlass java/nio/channels/AsynchronousChannel
instanceKlass java/nio/file/FileStore
instanceKlass java/nio/file/spi/FileSystemProvider$1
instanceKlass org/eclipse/jetty/util/resource/PathResourceFactory
instanceKlass org/eclipse/jetty/util/resource/MountedPathResourceFactory
instanceKlass org/eclipse/jetty/util/resource/ResourceFactoryInternals
instanceKlass  @bci org/eclipse/jetty/util/resource/ResourceFactory newClassLoaderResource (Ljava/lang/String;Z)Lorg/eclipse/jetty/util/resource/Resource; 79 <appendix> argL0 ; # org/eclipse/jetty/util/resource/ResourceFactory$$Lambda+0x0000025641127db8
instanceKlass  @bci org/eclipse/jetty/util/resource/ResourceFactory newClassLoaderResource (Ljava/lang/String;Z)Lorg/eclipse/jetty/util/resource/Resource; 63 <appendix> member <vmtarget> ; # org/eclipse/jetty/util/resource/ResourceFactory$$Lambda+0x0000025641127ba0
instanceKlass  @bci org/eclipse/jetty/util/resource/ResourceFactory newClassLoaderResource (Ljava/lang/String;Z)Lorg/eclipse/jetty/util/resource/Resource; 41 <appendix> member <vmtarget> ; # org/eclipse/jetty/util/resource/ResourceFactory$$Lambda+0x0000025641127988
instanceKlass  @cpi hudson/security/AbstractPasswordBasedSecurityRealm 189 form vmentry <vmtarget> ; # java/lang/invoke/LambdaForm$DMH+0x0000025641124800
instanceKlass org/eclipse/jetty/util/resource/ResourceFactory$1Source
instanceKlass org/eclipse/jetty/util/resource/Resources
instanceKlass sun/nio/fs/WindowsLinkSupport
instanceKlass java/nio/file/TempFileHelper
instanceKlass  @bci org/eclipse/jetty/server/handler/ContextHandler getVirtualHosts ()Ljava/util/List; 9 <appendix> argL0 ; # org/eclipse/jetty/server/handler/ContextHandler$$Lambda+0x0000025641127370
instanceKlass org/eclipse/jetty/server/handler/ContextHandler$VHost
instanceKlass sun/nio/fs/WindowsUriSupport
instanceKlass jakarta/servlet/http/HttpSessionBindingListener
instanceKlass jakarta/servlet/http/HttpSessionActivationListener
instanceKlass org/eclipse/jetty/ee9/nested/ContextHandler$ContextScopeListener
instanceKlass org/eclipse/jetty/util/resource/ResourceFactory$2
instanceKlass org/eclipse/jetty/util/component/LifeCycle$Listener
instanceKlass  @bci org/eclipse/jetty/util/ClassMatcher getExclusions ()[Ljava/lang/String; 34 <appendix> argL0 ; # org/eclipse/jetty/util/ClassMatcher$$Lambda+0x0000025641126000
instanceKlass  @bci org/eclipse/jetty/util/ClassMatcher getExclusions ()[Ljava/lang/String; 24 <appendix> argL0 ; # org/eclipse/jetty/util/ClassMatcher$$Lambda+0x0000025641123cb8
instanceKlass  @bci org/eclipse/jetty/util/ClassMatcher getExclusions ()[Ljava/lang/String; 14 <appendix> argL0 ; # org/eclipse/jetty/util/ClassMatcher$$Lambda+0x0000025641123a78
# instanceKlass java/lang/invoke/LambdaForm$DMH+0x0000025641124400
# instanceKlass java/lang/invoke/LambdaForm$DMH+0x0000025641124000
instanceKlass  @bci org/eclipse/jetty/ee9/webapp/Configurations toArray ()[Ljava/lang/String; 19 <appendix> argL0 ; # org/eclipse/jetty/ee9/webapp/Configurations$$Lambda+0x0000025641123868
instanceKlass  @bci org/eclipse/jetty/ee9/webapp/Configurations toArray ()[Ljava/lang/String; 9 <appendix> argL0 ; # org/eclipse/jetty/ee9/webapp/Configurations$$Lambda+0x0000025641123638
instanceKlass  @bci org/eclipse/jetty/ee9/webapp/Configurations getServerDefault (Lorg/eclipse/jetty/server/Server;)Lorg/eclipse/jetty/ee9/webapp/Configurations; 154 <appendix> argL0 ; # org/eclipse/jetty/ee9/webapp/Configurations$$Lambda+0x0000025641123428
instanceKlass  @bci org/eclipse/jetty/ee9/webapp/Configurations getServerDefault (Lorg/eclipse/jetty/server/Server;)Lorg/eclipse/jetty/ee9/webapp/Configurations; 144 <appendix> argL0 ; # org/eclipse/jetty/ee9/webapp/Configurations$$Lambda+0x00000256411231f8
instanceKlass  @bci org/eclipse/jetty/ee9/webapp/Configurations getServerDefault (Lorg/eclipse/jetty/server/Server;)Lorg/eclipse/jetty/ee9/webapp/Configurations; 134 <appendix> argL0 ; # org/eclipse/jetty/ee9/webapp/Configurations$$Lambda+0x0000025641122fb8
instanceKlass  @bci org/eclipse/jetty/util/ClassMatcher getInclusions ()[Ljava/lang/String; 34 <appendix> argL0 ; # org/eclipse/jetty/util/ClassMatcher$$Lambda+0x0000025641122da8
instanceKlass  @bci org/eclipse/jetty/util/ClassMatcher getInclusions ()[Ljava/lang/String; 24 <appendix> argL0 ; # org/eclipse/jetty/util/ClassMatcher$$Lambda+0x0000025641122b78
instanceKlass  @bci org/eclipse/jetty/util/ClassMatcher getInclusions ()[Ljava/lang/String; 14 <appendix> argL0 ; # org/eclipse/jetty/util/ClassMatcher$$Lambda+0x0000025641122938
instanceKlass org/eclipse/jetty/util/TopologicalSort$InitialOrderComparator
instanceKlass org/eclipse/jetty/util/TopologicalSort
instanceKlass org/eclipse/jetty/ee9/webapp/DescriptorProcessor
instanceKlass org/eclipse/jetty/jmx/ObjectMBean
instanceKlass org/eclipse/jetty/util/Loader
instanceKlass  @bci org/eclipse/jetty/ee9/webapp/AbstractConfiguration addDependents ([Ljava/lang/Class;)V 10 <appendix> argL0 ; # org/eclipse/jetty/ee9/webapp/AbstractConfiguration$$Lambda+0x000002564111d400
instanceKlass  @bci org/eclipse/jetty/ee9/webapp/AbstractConfiguration addDependencies ([Ljava/lang/Class;)V 10 <appendix> argL0 ; # org/eclipse/jetty/ee9/webapp/AbstractConfiguration$$Lambda+0x000002564111f9e8
instanceKlass org/eclipse/jetty/ee9/webapp/AbstractConfiguration
instanceKlass  @bci org/eclipse/jetty/ee9/webapp/Configurations getKnown ()Ljava/util/List; 26 <appendix> argL0 ; # org/eclipse/jetty/ee9/webapp/Configurations$$Lambda+0x000002564111eaa0
instanceKlass org/eclipse/jetty/ee9/webapp/Configuration
instanceKlass org/eclipse/jetty/ee9/webapp/Configuration$WrapperFunction
instanceKlass  @bci org/eclipse/jetty/server/handler/ContextHandler doStart ()V 234 <appendix> member <vmtarget> ; # org/eclipse/jetty/server/handler/ContextHandler$$Lambda+0x0000025641113d88
instanceKlass org/eclipse/jetty/util/thread/Invocable$Callable
instanceKlass  @bci org/eclipse/jetty/util/ConcurrentPool <init> (Lorg/eclipse/jetty/util/ConcurrentPool$StrategyType;I)V 3 <appendix> argL0 ; # org/eclipse/jetty/util/ConcurrentPool$$Lambda+0x0000025641113470
instanceKlass org/eclipse/jetty/util/thread/ScheduledExecutorScheduler$ScheduledFutureTask
instanceKlass  @bci org/eclipse/jetty/http/HttpURI$Immutable getAuthority ()Ljava/lang/String; 15 <appendix> form vmentry <vmtarget> ; # java/lang/invoke/LambdaForm$MH+0x000002564111d000
# instanceKlass java/lang/invoke/LambdaForm$MH+0x000002564111cc00
instanceKlass  @bci org/eclipse/jetty/http/HttpURI$Immutable getAuthority ()Ljava/lang/String; 15 <appendix> argL3 form vmentry <vmtarget> ; # java/lang/invoke/LambdaForm$MH+0x000002564111c800
# instanceKlass java/lang/invoke/LambdaForm$MH+0x000002564111c400
# instanceKlass java/lang/invoke/LambdaForm$MH+0x000002564111c000
# instanceKlass java/lang/invoke/LambdaForm$MH+0x000002564111bc00
# instanceKlass java/lang/invoke/LambdaForm$MH+0x000002564111b800
instanceKlass  @bci org/eclipse/jetty/http/HttpURI$Immutable getAuthority ()Ljava/lang/String; 15 <appendix> argL1 form vmentry <vmtarget> ; # java/lang/invoke/LambdaForm$MH+0x000002564111b400
# instanceKlass java/lang/invoke/LambdaForm$MH+0x000002564111b000
# instanceKlass java/lang/invoke/LambdaForm$MH+0x000002564111ac00
# instanceKlass java/lang/invoke/LambdaForm$MH+0x000002564111a800
instanceKlass java/util/concurrent/Executors$RunnableAdapter
instanceKlass java/util/concurrent/FutureTask$WaitNode
instanceKlass java/util/concurrent/FutureTask
instanceKlass java/util/concurrent/RunnableScheduledFuture
instanceKlass java/util/concurrent/ScheduledFuture
instanceKlass java/util/concurrent/Delayed
instanceKlass java/util/concurrent/RunnableFuture
instanceKlass  @bci org/eclipse/jetty/util/thread/ScheduledExecutorScheduler doStart ()V 29 <appendix> member <vmtarget> ; # org/eclipse/jetty/util/thread/ScheduledExecutorScheduler$$Lambda+0x0000025641112620
instanceKlass java/util/concurrent/ThreadPoolExecutor$AbortPolicy
instanceKlass java/util/concurrent/RejectedExecutionHandler
instanceKlass java/util/concurrent/AbstractExecutorService
instanceKlass  @bci jenkins/model/Jenkins computeVersion (Ljakarta/servlet/ServletContext;)V 282 <adapter> ; # java/lang/invoke/LambdaForm$MH+0x000002564111a400
instanceKlass  @bci jenkins/model/Jenkins computeVersion (Ljakarta/servlet/ServletContext;)V 282 <appendix> form vmentry <vmtarget> ; # java/lang/invoke/LambdaForm$MH+0x000002564111a000
# instanceKlass java/lang/invoke/LambdaForm$MH+0x0000025641119c00
instanceKlass  @bci jenkins/model/Jenkins computeVersion (Ljakarta/servlet/ServletContext;)V 282 <appendix> form names 6 function resolvedHandle form vmentry <vmtarget> ; # java/lang/invoke/LambdaForm$DMH+0x0000025641119800
instanceKlass  @bci jenkins/model/Jenkins computeVersion (Ljakarta/servlet/ServletContext;)V 282 <appendix> argL3 form vmentry <vmtarget> ; # java/lang/invoke/LambdaForm$MH+0x0000025641119400
# instanceKlass java/lang/invoke/LambdaForm$MH+0x0000025641119000
# instanceKlass java/lang/invoke/LambdaForm$MH+0x0000025641118c00
# instanceKlass java/lang/invoke/LambdaForm$MH+0x0000025641118800
# instanceKlass java/lang/invoke/LambdaForm$MH+0x0000025641118400
instanceKlass  @bci jenkins/model/Jenkins computeVersion (Ljakarta/servlet/ServletContext;)V 282 <appendix> form names 10 function resolvedHandle form vmentry <vmtarget> ; # java/lang/invoke/LambdaForm$DMH+0x0000025641118000
instanceKlass  @bci jenkins/model/Jenkins computeVersion (Ljakarta/servlet/ServletContext;)V 282 <appendix> argL1 form vmentry <vmtarget> ; # java/lang/invoke/LambdaForm$MH+0x0000025641111c00
instanceKlass  @bci org/eclipse/jetty/io/IdleTimeout checkIdleTimeout ()J 94 <appendix> argL1 argL0 form vmentry <vmtarget> ; # java/lang/invoke/LambdaForm$MH+0x0000025641111800
# instanceKlass java/lang/invoke/LambdaForm$MH+0x0000025641111400
# instanceKlass java/lang/invoke/LambdaForm$MH+0x0000025641111000
# instanceKlass java/lang/invoke/LambdaForm$MH+0x0000025641110c00
instanceKlass java/lang/Thread$ThreadNumbering
instanceKlass org/eclipse/jetty/util/thread/PrivilegedThreadFactory
instanceKlass  @bci org/eclipse/jetty/util/thread/QueuedThreadPool newThread (Ljava/lang/Runnable;)Ljava/lang/Thread; 2 <appendix> member <vmtarget> ; # org/eclipse/jetty/util/thread/QueuedThreadPool$$Lambda+0x0000025641112210
instanceKlass java/util/stream/ReduceOps$5ReducingSink
instanceKlass  @bci java/util/stream/IntPipeline sum ()I 2 <appendix> argL0 ; # java/util/stream/IntPipeline$$Lambda+0x00000256410ec028
instanceKlass java/util/function/IntBinaryOperator
instanceKlass  @bci org/eclipse/jetty/util/thread/ThreadPoolBudget getLeasedThreads ()I 9 <appendix> argL0 ; # org/eclipse/jetty/util/thread/ThreadPoolBudget$$Lambda+0x0000025641112000
instanceKlass org/eclipse/jetty/util/thread/ThreadPoolBudget$Leased
instanceKlass org/eclipse/jetty/util/NanoTime
instanceKlass java/util/concurrent/atomic/AtomicReferenceArray
instanceKlass org/eclipse/jetty/util/thread/ThreadIdPool
instanceKlass org/eclipse/jetty/util/MathUtils
instanceKlass jdk/internal/vm/ThreadContainers
instanceKlass java/util/concurrent/CountDownLatch
instanceKlass jdk/internal/vm/StackableScope
# instanceKlass java/lang/invoke/LambdaForm$MH+0x0000025641110800
# instanceKlass java/lang/invoke/LambdaForm$MH+0x0000025641110400
instanceKlass java/util/concurrent/Executors
instanceKlass java/lang/ThreadBuilders$BaseThreadFactory
instanceKlass java/lang/ThreadBuilders
instanceKlass java/lang/ThreadBuilders$BaseThreadBuilder
instanceKlass java/lang/Thread$Builder$OfVirtual
instanceKlass java/lang/Thread$Builder$OfPlatform
instanceKlass java/lang/Thread$Builder
instanceKlass org/eclipse/jetty/util/VirtualThreads
instanceKlass org/eclipse/jetty/util/ExceptionUtil
instanceKlass java/net/SocketImpl
instanceKlass java/net/SocketOptions
instanceKlass  @bci sun/nio/ch/ServerSocketAdaptor create (Lsun/nio/ch/ServerSocketChannelImpl;)Ljava/net/ServerSocket; 1 <appendix> member <vmtarget> ; # sun/nio/ch/ServerSocketAdaptor$$Lambda+0x00000256410e8d00
instanceKlass java/net/ServerSocket
instanceKlass sun/net/NetHooks
instanceKlass sun/nio/ch/ServerSocketChannelImpl$DefaultOptionsHolder
instanceKlass java/net/StandardSocketOptions$StdSocketOption
instanceKlass java/net/StandardSocketOptions
instanceKlass jdk/net/ExtendedSocketOptions$2
instanceKlass jdk/net/ExtendedSocketOptions$PlatformSocketOptions
instanceKlass jdk/net/ExtendedSocketOptions$ExtSocketOption
instanceKlass java/net/SocketOption
instanceKlass jdk/net/ExtendedSocketOptions
instanceKlass sun/net/ext/ExtendedSocketOptions
instanceKlass sun/nio/ch/Net$1
instanceKlass java/net/ProtocolFamily
instanceKlass sun/nio/ch/Net
instanceKlass  @bci sun/nio/ch/DefaultSelectorProvider <clinit> ()V 0 <appendix> argL0 ; # sun/nio/ch/DefaultSelectorProvider$$Lambda+0x00000256410e52d8
instanceKlass sun/nio/ch/DefaultSelectorProvider
instanceKlass  @bci java/nio/channels/spi/SelectorProvider$Holder provider ()Ljava/nio/channels/spi/SelectorProvider; 0 <appendix> argL0 ; # java/nio/channels/spi/SelectorProvider$Holder$$Lambda+0x00000256410e4a40
instanceKlass java/nio/channels/spi/SelectorProvider$Holder
instanceKlass java/nio/channels/spi/SelectorProvider
instanceKlass java/net/InetSocketAddress$InetSocketAddressHolder
instanceKlass  @bci org/eclipse/jetty/server/Server doStart ()V 251 <appendix> member <vmtarget> ; # org/eclipse/jetty/server/Server$$Lambda+0x0000025641117020
instanceKlass  @bci org/eclipse/jetty/server/Server doStart ()V 239 <appendix> member <vmtarget> ; # org/eclipse/jetty/server/Server$$Lambda+0x0000025641116de8
instanceKlass  @bci org/eclipse/jetty/server/Server doStart ()V 221 <appendix> member <vmtarget> ; # org/eclipse/jetty/server/Server$$Lambda+0x0000025641116ba0
instanceKlass org/eclipse/jetty/util/ExceptionUtil$MultiException
instanceKlass org/slf4j/helpers/NormalizedParameters
instanceKlass org/eclipse/jetty/server/handler/ErrorHandler
instanceKlass  @bci org/eclipse/jetty/server/ShutdownMonitor getConfiguredInstance ()Lorg/eclipse/jetty/server/ShutdownMonitor; 3 <appendix> argL0 ; # org/eclipse/jetty/server/ShutdownMonitor$$Lambda+0x0000025641115e88
instanceKlass java/util/function/UnaryOperator
instanceKlass org/eclipse/jetty/server/ShutdownService
instanceKlass java/time/zone/ZoneOffsetTransition
instanceKlass java/time/zone/ZoneOffsetTransitionRule
instanceKlass java/time/zone/ZoneRules
instanceKlass java/time/zone/Ser
instanceKlass java/io/Externalizable
instanceKlass java/time/zone/ZoneRulesProvider$1
instanceKlass java/time/zone/ZoneRulesProvider
instanceKlass java/time/ZonedDateTime
instanceKlass java/time/chrono/ChronoZonedDateTime
instanceKlass winstone/AbstractSecuredConnectorFactory
instanceKlass org/eclipse/jetty/server/SecureRequestCustomizer
instanceKlass org/eclipse/jetty/http/HttpFields
instanceKlass org/eclipse/jetty/server/ForwardedRequestCustomizer
instanceKlass  @bci org/eclipse/jetty/io/SelectorManager <init> (Ljava/util/concurrent/Executor;Lorg/eclipse/jetty/util/thread/Scheduler;I)V 62 <appendix> member <vmtarget> ; # org/eclipse/jetty/io/SelectorManager$$Lambda+0x000002564110f868
instanceKlass  @cpi org/eclipse/jetty/io/Retainable$ReferenceCounter 123 form vmentry <vmtarget> ; # java/lang/invoke/LambdaForm$DMH+0x0000025641110000
instanceKlass org/eclipse/jetty/io/EndPoint
instanceKlass org/eclipse/jetty/io/ManagedSelector$SelectorUpdate
instanceKlass org/eclipse/jetty/util/ProcessorUtils
instanceKlass org/eclipse/jetty/http/MultiPartCompliance
instanceKlass org/eclipse/jetty/http/CookieCompliance
instanceKlass org/eclipse/jetty/http/UriCompliance
instanceKlass java/util/RegularEnumSet$EnumSetIterator
instanceKlass org/eclipse/jetty/http/HttpCompliance
instanceKlass org/eclipse/jetty/server/HttpConfiguration
instanceKlass org/eclipse/jetty/server/ConnectionMetaData
instanceKlass org/eclipse/jetty/io/Connection$Tunnel
instanceKlass org/eclipse/jetty/io/Connection$UpgradeTo
instanceKlass org/eclipse/jetty/io/Connection$UpgradeFrom
instanceKlass org/eclipse/jetty/io/AbstractConnection
instanceKlass org/eclipse/jetty/io/Connection
instanceKlass org/eclipse/jetty/server/HttpConfiguration$ConnectionFactory
instanceKlass org/eclipse/jetty/server/ConnectionFactory
instanceKlass java/net/SocketAddress
instanceKlass org/eclipse/jetty/util/component/Graceful$Shutdown
instanceKlass java/util/concurrent/CompletableFuture
instanceKlass java/util/concurrent/CompletionStage
instanceKlass java/util/concurrent/Future
instanceKlass org/eclipse/jetty/server/NetworkConnector
instanceKlass org/eclipse/jetty/server/HttpConfiguration$Customizer
instanceKlass winstone/ServerConnectorBuilder
instanceKlass winstone/HttpConnectorFactory
instanceKlass winstone/ConnectorFactory
instanceKlass  @bci org/eclipse/jetty/http/pathmap/PathMappings nonServletPathSpec ()Z 9 <appendix> argL0 ; # org/eclipse/jetty/http/pathmap/PathMappings$$Lambda+0x0000025641105538
instanceKlass  @bci java/util/stream/MatchOps makeRef (Ljava/util/function/Predicate;Ljava/util/stream/MatchOps$MatchKind;)Ljava/util/stream/TerminalOp; 20 <appendix> member <vmtarget> ; # java/util/stream/MatchOps$$Lambda+0x00000256410e0620
instanceKlass java/util/stream/MatchOps$BooleanTerminalSink
instanceKlass java/util/stream/MatchOps$MatchOp
instanceKlass java/util/stream/MatchOps
instanceKlass  @bci org/eclipse/jetty/http/pathmap/PathMappings canBeOptimized (Lorg/eclipse/jetty/http/pathmap/PathSpecGroup;)Z 20 <appendix> argL0 ; # org/eclipse/jetty/http/pathmap/PathMappings$$Lambda+0x00000256411052f8
instanceKlass  @bci org/eclipse/jetty/http/pathmap/PathMappings canBeOptimized (Lorg/eclipse/jetty/http/pathmap/PathSpecGroup;)Z 10 <appendix> member <vmtarget> ; # org/eclipse/jetty/http/pathmap/PathMappings$$Lambda+0x00000256411050b0
instanceKlass java/util/TreeMap$TreeMapSpliterator
instanceKlass org/eclipse/jetty/http/pathmap/PathMappings$1
instanceKlass org/eclipse/jetty/http/pathmap/MappedResource$1
instanceKlass org/eclipse/jetty/http/pathmap/MappedResource
instanceKlass org/eclipse/jetty/http/pathmap/AbstractPathSpec
instanceKlass org/eclipse/jetty/server/handler/gzip/GzipFactory
instanceKlass winstone/HostConfiguration$2
instanceKlass org/eclipse/jetty/server/RequestLog
instanceKlass org/eclipse/jetty/http/ComplianceViolation$Mode
instanceKlass org/eclipse/jetty/http/ComplianceViolation
instanceKlass org/eclipse/jetty/http/Syntax
instanceKlass org/eclipse/jetty/ee9/servlet/ServletContextHandler$ServletContainerInitializerCaller
instanceKlass org/eclipse/jetty/ee9/servlet/Source
instanceKlass org/eclipse/jetty/ee9/websocket/server/config/JettyWebSocketServletContainerInitializer
instanceKlass jakarta/servlet/ServletContainerInitializer
instanceKlass org/eclipse/jetty/ee9/webapp/Ordering
instanceKlass org/eclipse/jetty/ee9/webapp/Descriptor
instanceKlass org/eclipse/jetty/ee9/webapp/MetaData
instanceKlass org/eclipse/jetty/http/pathmap/PathSpec
instanceKlass org/eclipse/jetty/ee9/nested/UserIdentityScope
instanceKlass jakarta/servlet/FilterChain
instanceKlass  @bci java/util/Map$Entry comparingByKey ()Ljava/util/Comparator; 0 <appendix> argL0 ; # java/util/Map$Entry$$Lambda+0x00000256410dee20
instanceKlass  @bci org/eclipse/jetty/util/component/DumpableCollection <init> (Ljava/lang/String;Ljava/util/Collection;)V 11 <appendix> argL0 ; # org/eclipse/jetty/util/component/DumpableCollection$$Lambda+0x00000256410bd730
instanceKlass org/eclipse/jetty/util/component/DumpableCollection
instanceKlass org/eclipse/jetty/ee9/security/SecurityHandler$2
instanceKlass org/eclipse/jetty/ee9/security/SecurityHandler$1
instanceKlass org/eclipse/jetty/ee9/security/Authenticator
instanceKlass org/eclipse/jetty/ee9/security/DefaultAuthenticatorFactory
instanceKlass  @bci org/eclipse/jetty/ee9/security/SecurityHandler <clinit> ()V 34 <appendix> member <vmtarget> ; # org/eclipse/jetty/ee9/security/SecurityHandler$$Lambda+0x00000256410bca28
instanceKlass  @bci org/eclipse/jetty/util/TypeUtil serviceStream (Ljava/util/ServiceLoader;)Ljava/util/stream/Stream; 4 <appendix> argL0 ; # org/eclipse/jetty/util/TypeUtil$$Lambda+0x00000256410bc7f8
instanceKlass org/eclipse/jetty/ee9/security/Authenticator$Factory
instanceKlass org/eclipse/jetty/ee9/nested/SessionHandler$CookieConfig
instanceKlass  @bci org/eclipse/jetty/util/statistic/CounterStatistic <init> ()V 9 <appendix> argL0 ; # org/eclipse/jetty/util/statistic/CounterStatistic$$Lambda+0x00000256410bb750
instanceKlass org/eclipse/jetty/util/statistic/CounterStatistic
instanceKlass  @bci org/eclipse/jetty/util/statistic/SampleStatistic <init> ()V 9 <appendix> argL0 ; # org/eclipse/jetty/util/statistic/SampleStatistic$$Lambda+0x00000256410bb300
instanceKlass java/util/function/LongBinaryOperator
instanceKlass org/eclipse/jetty/util/statistic/SampleStatistic
instanceKlass org/eclipse/jetty/server/Session$API
instanceKlass org/eclipse/jetty/server/HttpStream
instanceKlass org/eclipse/jetty/util/Callback
instanceKlass org/eclipse/jetty/session/SessionIdManager
instanceKlass org/eclipse/jetty/session/SessionDataStore
instanceKlass org/eclipse/jetty/session/SessionDataMap
instanceKlass org/eclipse/jetty/session/SessionCache
instanceKlass org/eclipse/jetty/server/Session
instanceKlass jakarta/servlet/SessionCookieConfig
instanceKlass org/eclipse/jetty/session/SessionManager
instanceKlass org/eclipse/jetty/util/DecoratedObjectFactory
instanceKlass jakarta/servlet/ServletRegistration
instanceKlass jakarta/servlet/FilterRegistration
instanceKlass jakarta/servlet/Registration
instanceKlass org/eclipse/jetty/ee9/security/ConstraintAware
instanceKlass java/lang/StackTraceElement$HashedModules
instanceKlass org/slf4j/helpers/FormattingTuple
instanceKlass org/slf4j/helpers/MessageFormatter
instanceKlass org/slf4j/jul/JDK14LoggerAdapter$1
instanceKlass jakarta/servlet/RequestDispatcher
instanceKlass org/eclipse/jetty/util/resource/ResourceFactoryInternals$CompositeResourceFactory
instanceKlass org/eclipse/jetty/util/resource/ResourceFactoryInternals$Closeable
instanceKlass org/eclipse/jetty/util/resource/ResourceFactoryInternals$Tracking
instanceKlass org/eclipse/jetty/util/resource/ResourceFactory$LifeCycle
instanceKlass org/eclipse/jetty/util/resource/ResourceFactory$Closeable
instanceKlass org/eclipse/jetty/util/resource/ResourceFactory
instanceKlass org/eclipse/jetty/util/Attributes$Layer$1
instanceKlass java/util/concurrent/atomic/AtomicReference
instanceKlass org/eclipse/jetty/server/Request$Wrapper
instanceKlass org/eclipse/jetty/server/Response
instanceKlass org/eclipse/jetty/io/Content$Sink
instanceKlass org/eclipse/jetty/server/AliasCheck
# instanceKlass java/lang/invoke/LambdaForm$MH+0x00000256410b2000
# instanceKlass java/lang/invoke/LambdaForm$MH+0x00000256410b1c00
# instanceKlass java/lang/invoke/LambdaForm$MH+0x00000256410b1800
# instanceKlass java/lang/invoke/LambdaForm$MH+0x00000256410b1400
# instanceKlass org/eclipse/jetty/util/security/SecurityUtils$$InjectedInvoker+0x00000256410b1000
instanceKlass java/lang/invoke/MethodHandleImpl$BindCaller$InjectedInvokerHolder
# instanceKlass java/lang/invoke/LambdaForm$MH+0x00000256410b0c00
# instanceKlass java/lang/invoke/LambdaForm$MH+0x00000256410b0800
# instanceKlass java/lang/invoke/LambdaForm$DMH+0x00000256410b0400
# instanceKlass java/lang/invoke/LambdaForm$DMH+0x00000256410b0000
# instanceKlass java/lang/invoke/LambdaForm$DMH+0x0000025641098400
instanceKlass java/lang/invoke/MethodHandleImpl$ArrayAccessor
instanceKlass java/lang/invoke/MethodHandleImpl$LoopClauses
instanceKlass java/lang/invoke/MethodHandleImpl$CasesHolder
instanceKlass java/lang/invoke/MethodHandleImpl$BindCaller
instanceKlass javax/security/auth/Subject
instanceKlass org/eclipse/jetty/util/security/SecurityUtils
instanceKlass org/eclipse/jetty/util/TreeTrie$Node
instanceKlass org/eclipse/jetty/util/IncludeExcludeSet
instanceKlass org/eclipse/jetty/ee/webapp/WebAppClassLoading
instanceKlass org/eclipse/jetty/util/ClassMatcher$Entry
instanceKlass jakarta/servlet/http/HttpSessionAttributeListener
instanceKlass jakarta/servlet/http/HttpSessionListener
instanceKlass jakarta/servlet/http/HttpSessionIdListener
instanceKlass jakarta/servlet/ServletRequestAttributeListener
instanceKlass jakarta/servlet/ServletRequestListener
instanceKlass jakarta/servlet/ServletContextAttributeListener
instanceKlass jakarta/servlet/ServletContextListener
instanceKlass jdk/internal/util/random/RandomSupport
instanceKlass  @bci org/eclipse/jetty/util/component/Environment ensure (Ljava/lang/String;Ljava/lang/Class;)Lorg/eclipse/jetty/util/component/Environment; 31 <appendix> member <vmtarget> ; # org/eclipse/jetty/util/component/Environment$$Lambda+0x00000256410a9f00
instanceKlass org/eclipse/jetty/util/Attributes$Mapped
instanceKlass org/eclipse/jetty/util/component/Environment
instanceKlass jakarta/servlet/HttpConstraintElement
instanceKlass org/eclipse/jetty/ee9/nested/ErrorHandler$ErrorPageMapper
instanceKlass org/eclipse/jetty/ee9/security/Authenticator$AuthConfiguration
instanceKlass org/eclipse/jetty/session/SessionConfig$Mutable
instanceKlass org/eclipse/jetty/session/SessionConfig
instanceKlass org/eclipse/jetty/ee9/nested/ContextHandler$APIContext
instanceKlass org/eclipse/jetty/http/HttpURI
instanceKlass org/eclipse/jetty/http/HttpException
instanceKlass org/eclipse/jetty/io/QuietException
instanceKlass jakarta/servlet/http/HttpServletRequest
instanceKlass jakarta/servlet/ServletRequest
instanceKlass jakarta/servlet/http/HttpServletResponse
instanceKlass jakarta/servlet/ServletResponse
instanceKlass org/eclipse/jetty/server/Request
instanceKlass org/eclipse/jetty/io/Content$Source
instanceKlass jakarta/servlet/ServletContext
instanceKlass java/util/zip/ZipFile$ZipEntryIterator
instanceKlass sun/nio/fs/WindowsPath$1
instanceKlass java/nio/file/Path$1
instanceKlass  @bci java/util/logging/LogRecord inferCaller ()V 18 <appendix> member <vmtarget> ; # java/util/logging/LogRecord$$Lambda+0x00000256410dc250
instanceKlass java/lang/StackStreamFactory$FrameBuffer
instanceKlass java/lang/StackStreamFactory
instanceKlass  @bci java/util/logging/LogRecord$CallerFinder get ()Ljava/util/Optional; 4 <appendix> member <vmtarget> ; # java/util/logging/LogRecord$CallerFinder$$Lambda+0x00000256410dab00
instanceKlass  @bci java/util/logging/LogRecord$CallerFinder <clinit> ()V 0 <appendix> argL0 ; # java/util/logging/LogRecord$CallerFinder$$Lambda+0x00000256410da4d0
instanceKlass java/util/logging/LogRecord$CallerFinder
instanceKlass java/text/DontCareFieldPosition$1
instanceKlass java/text/Format$FieldDelegate
instanceKlass java/text/DigitList
instanceKlass java/text/FieldPosition
instanceKlass java/lang/StringUTF16$CharsSpliterator
instanceKlass java/util/stream/Sink$ChainedInt
instanceKlass  @bci java/util/stream/FindOps$FindSink$OfInt <clinit> ()V 43 <appendix> argL0 ; # java/util/stream/FindOps$FindSink$OfInt$$Lambda+0x800000049
instanceKlass  @bci java/util/stream/FindOps$FindSink$OfInt <clinit> ()V 38 <appendix> argL0 ; # java/util/stream/FindOps$FindSink$OfInt$$Lambda+0x80000004b
instanceKlass  @bci java/util/stream/FindOps$FindSink$OfInt <clinit> ()V 16 <appendix> argL0 ; # java/util/stream/FindOps$FindSink$OfInt$$Lambda+0x80000004a
instanceKlass  @bci java/util/stream/FindOps$FindSink$OfInt <clinit> ()V 11 <appendix> argL0 ; # java/util/stream/FindOps$FindSink$OfInt$$Lambda+0x80000004c
instanceKlass java/util/OptionalInt
instanceKlass java/util/stream/Sink$OfInt
instanceKlass java/util/function/IntConsumer
instanceKlass  @bci java/text/DecimalFormatSymbols findNonFormatChar (Ljava/lang/String;C)C 4 <appendix> argL0 ; # java/text/DecimalFormatSymbols$$Lambda+0x80000000d
instanceKlass java/util/function/IntPredicate
instanceKlass java/util/stream/IntStream
instanceKlass java/lang/StringLatin1$CharsSpliterator
instanceKlass java/text/DecimalFormatSymbols
instanceKlass sun/util/resources/Bundles$2
instanceKlass java/util/ArrayList$SubList$1
instanceKlass sun/util/resources/LocaleData$LocaleDataResourceBundleProvider
instanceKlass java/util/spi/ResourceBundleProvider
instanceKlass java/text/DateFormatSymbols
instanceKlass sun/util/calendar/CalendarUtils
instanceKlass sun/util/calendar/CalendarDate
instanceKlass sun/util/resources/Bundles$CacheKeyReference
instanceKlass  @bci java/util/ResourceBundle$ResourceBundleProviderHelper newResourceBundle (Ljava/lang/Class;)Ljava/util/ResourceBundle; 22 <appendix> member <vmtarget> ; # java/util/ResourceBundle$ResourceBundleProviderHelper$$Lambda+0x800000012
instanceKlass java/util/ResourceBundle$ResourceBundleProviderHelper
instanceKlass  @bci sun/util/cldr/CLDRLocaleProviderAdapter applyAliases (Ljava/util/Locale;)Ljava/util/Locale; 4 <appendix> argL0 ; # sun/util/cldr/CLDRLocaleProviderAdapter$$Lambda+0x800000064
instanceKlass sun/util/resources/Bundles$CacheKey
instanceKlass sun/util/resources/LocaleData$LocaleDataStrategy
instanceKlass sun/util/resources/Bundles$Strategy
instanceKlass sun/util/resources/LocaleData$1
instanceKlass sun/util/resources/LocaleData
instanceKlass sun/util/locale/provider/LocaleResources
instanceKlass sun/util/locale/provider/CalendarDataUtility$CalendarWeekParameterGetter
instanceKlass sun/util/locale/provider/LocaleServiceProviderPool$LocalizedObjectGetter
instanceKlass java/util/Locale$Builder
instanceKlass sun/util/locale/provider/CalendarDataUtility
instanceKlass java/util/Calendar$Builder
instanceKlass  @bci sun/util/locale/provider/JRELocaleProviderAdapter getCalendarProvider ()Lsun/util/spi/CalendarProvider; 8 <appendix> member <vmtarget> ; # sun/util/locale/provider/JRELocaleProviderAdapter$$Lambda+0x800000068
instanceKlass sun/util/calendar/ZoneInfoFile$ZoneOffsetTransitionRule
instanceKlass jdk/internal/util/ByteArray
instanceKlass sun/util/calendar/ZoneInfoFile$1
instanceKlass sun/util/calendar/ZoneInfoFile
instanceKlass java/util/TimeZone
instanceKlass java/util/Calendar
instanceKlass java/text/AttributedCharacterIterator$Attribute
instanceKlass java/time/Clock
instanceKlass java/time/InstantSource
instanceKlass java/util/logging/LogRecord
instanceKlass  @bci org/eclipse/jetty/security/DefaultIdentityService <clinit> ()V 18 <appendix> argL0 ; # org/eclipse/jetty/security/DefaultIdentityService$$Lambda+0x00000256410a2b48
instanceKlass  @bci org/eclipse/jetty/security/DefaultIdentityService <clinit> ()V 10 <appendix> argL0 ; # org/eclipse/jetty/security/DefaultIdentityService$$Lambda+0x00000256410a2920
instanceKlass org/eclipse/jetty/security/IdentityService$Association
instanceKlass org/eclipse/jetty/security/IdentityService$RunAsToken
instanceKlass org/eclipse/jetty/security/DefaultIdentityService
instanceKlass org/eclipse/jetty/util/Scanner$DiscreteListener
instanceKlass org/eclipse/jetty/util/Scanner$Listener
instanceKlass org/eclipse/jetty/security/IdentityService
instanceKlass org/eclipse/jetty/security/UserIdentity
instanceKlass org/eclipse/jetty/ee9/nested/Handler
instanceKlass org/eclipse/jetty/ee9/nested/HandlerContainer
instanceKlass org/eclipse/jetty/server/Deployable
instanceKlass org/eclipse/jetty/ee/webapp/WebAppClassLoader$Context
instanceKlass org/eclipse/jetty/util/ClassVisibilityChecker
instanceKlass winstone/HostConfiguration
instanceKlass winstone/HostGroup
instanceKlass org/eclipse/jetty/server/LowResourceMonitor$ConnectorsThreadPoolLowResourceCheck
instanceKlass org/eclipse/jetty/server/LowResourceMonitor$1
instanceKlass org/eclipse/jetty/server/LowResourceMonitor$LowResourceCheck
instanceKlass org/eclipse/jetty/util/component/DumpableMap
instanceKlass org/eclipse/jetty/util/resource/Resource
instanceKlass org/eclipse/jetty/util/resource/FileSystemPool
instanceKlass java/util/concurrent/ConcurrentLinkedQueue$Node
instanceKlass org/eclipse/jetty/io/internal/QueuedPool
instanceKlass  @bci org/eclipse/jetty/io/ArrayByteBufferPool$RetainedBucket <init> (Lorg/eclipse/jetty/io/ArrayByteBufferPool;II)V 131 <appendix> argL0 ; # org/eclipse/jetty/io/ArrayByteBufferPool$RetainedBucket$$Lambda+0x000002564109cab0
instanceKlass org/eclipse/jetty/io/Retainable$Wrapper
instanceKlass java/util/function/ToIntFunction
instanceKlass org/eclipse/jetty/util/Pool$Entry
instanceKlass org/eclipse/jetty/util/ConcurrentPool
instanceKlass org/eclipse/jetty/io/internal/CompoundPool
instanceKlass java/util/concurrent/atomic/Striped64$1
instanceKlass org/eclipse/jetty/util/Pool
instanceKlass org/eclipse/jetty/io/ArrayByteBufferPool$RetainedBucket
instanceKlass  @bci org/eclipse/jetty/io/ArrayByteBufferPool defaultBucketCapacityFor (II)Ljava/util/function/IntUnaryOperator; 8 <appendix> member <vmtarget> ; # org/eclipse/jetty/io/ArrayByteBufferPool$$Lambda+0x0000025641095d40
instanceKlass  @bci org/eclipse/jetty/io/ArrayByteBufferPool defaultBucketIndexFor (II)Ljava/util/function/IntUnaryOperator; 8 <appendix> member <vmtarget> ; # org/eclipse/jetty/io/ArrayByteBufferPool$$Lambda+0x0000025641095b10
instanceKlass java/util/function/IntUnaryOperator
instanceKlass org/eclipse/jetty/io/RetainableByteBuffer$Mutable
instanceKlass org/eclipse/jetty/io/RetainableByteBuffer
instanceKlass org/eclipse/jetty/io/Retainable
instanceKlass org/eclipse/jetty/io/ArrayByteBufferPool
instanceKlass org/eclipse/jetty/util/thread/Scheduler$Task
instanceKlass java/util/concurrent/ScheduledExecutorService
instanceKlass java/util/concurrent/ExecutorService
instanceKlass org/eclipse/jetty/util/component/Container$Listener
instanceKlass java/util/Collections$UnmodifiableMap$UnmodifiableEntrySet$UnmodifiableEntry
instanceKlass java/util/Collections$UnmodifiableMap$UnmodifiableEntrySet$1
instanceKlass  @bci org/eclipse/jetty/http/MimeTypes loadEncodings (Ljava/io/InputStream;Ljava/lang/String;)V 68 <appendix> member <vmtarget> ; # org/eclipse/jetty/http/MimeTypes$$Lambda+0x0000025641094890
instanceKlass  @bci org/eclipse/jetty/http/MimeTypes loadEncodings (Ljava/io/InputStream;Ljava/lang/String;)V 55 <appendix> argL0 ; # org/eclipse/jetty/http/MimeTypes$$Lambda+0x0000025641094650
instanceKlass  @bci org/eclipse/jetty/http/MimeTypes loadMimeProperties (Ljava/io/InputStream;Ljava/lang/String;)V 69 <appendix> member <vmtarget> ; # org/eclipse/jetty/http/MimeTypes$$Lambda+0x0000025641094428
instanceKlass  @cpi org/eclipse/jetty/http/MimeTypes 600 form vmentry <vmtarget> ; # java/lang/invoke/LambdaForm$DMH+0x0000025641098000
instanceKlass  @bci org/eclipse/jetty/http/MimeTypes loadMimeProperties (Ljava/io/InputStream;Ljava/lang/String;)V 55 <appendix> argL0 ; # org/eclipse/jetty/http/MimeTypes$$Lambda+0x00000256410941e8
instanceKlass org/eclipse/jetty/http/compression/NBitStringEncoder
instanceKlass  @bci org/eclipse/jetty/http/HttpScheme <clinit> ()V 80 <appendix> argL0 ; # org/eclipse/jetty/http/HttpScheme$$Lambda+0x00000256410937b0
instanceKlass org/eclipse/jetty/http/compression/NBitIntegerEncoder
instanceKlass org/eclipse/jetty/http/compression/Huffman
instanceKlass org/eclipse/jetty/http/compression/HuffmanEncoder
instanceKlass  @bci org/eclipse/jetty/http/HttpMethod <clinit> ()V 782 <appendix> argL0 ; # org/eclipse/jetty/http/HttpMethod$$Lambda+0x0000025641092b70
instanceKlass  @bci org/eclipse/jetty/http/HttpMethod <clinit> ()V 754 <appendix> argL0 ; # org/eclipse/jetty/http/HttpMethod$$Lambda+0x0000025641092940
instanceKlass  @bci org/eclipse/jetty/http/HttpMethod <clinit> ()V 726 <appendix> argL0 ; # org/eclipse/jetty/http/HttpMethod$$Lambda+0x0000025641092710
instanceKlass org/eclipse/jetty/http2/hpack/HpackContext$1
instanceKlass org/eclipse/jetty/http2/hpack/HpackContext$Entry
instanceKlass org/eclipse/jetty/http2/hpack/HpackContext
instanceKlass org/eclipse/jetty/util/BufferUtil
instanceKlass org/eclipse/jetty/http2/hpack/HpackEncoder
instanceKlass java/util/EnumMap$EnumMapIterator
instanceKlass org/eclipse/jetty/http2/hpack/HpackFieldPreEncoder
instanceKlass org/eclipse/jetty/util/ServiceLoaderSpliterator$ServiceProvider
instanceKlass org/eclipse/jetty/http/Http1FieldPreEncoder
instanceKlass  @bci org/eclipse/jetty/http/PreEncodedHttpField <clinit> ()V 28 <appendix> argL0 ; # org/eclipse/jetty/http/PreEncodedHttpField$$Lambda+0x000002564108faa0
instanceKlass  @bci sun/security/util/ManifestDigester <init> ([B)V 350 <bsm> form vmentry <vmtarget> ; # java/lang/invoke/LambdaForm$DMH+0x000002564108d000
instanceKlass  @cpi jenkins/util/io/PathRemover$PathChecker 40 form vmentry <vmtarget> ; # java/lang/invoke/LambdaForm$DMH+0x000002564108cc00
instanceKlass org/eclipse/jetty/util/ServiceLoaderSpliterator
instanceKlass  @bci org/eclipse/jetty/util/TypeUtil <clinit> ()V 732 <appendix> argL0 ; # org/eclipse/jetty/util/TypeUtil$$Lambda+0x000002564108f5e0
instanceKlass  @bci org/eclipse/jetty/util/TypeUtil <clinit> ()V 717 <appendix> argL0 ; # org/eclipse/jetty/util/TypeUtil$$Lambda+0x000002564108f3b0
instanceKlass  @bci org/eclipse/jetty/util/TypeUtil <clinit> ()V 702 <appendix> argL0 ; # org/eclipse/jetty/util/TypeUtil$$Lambda+0x000002564108f180
instanceKlass  @bci org/eclipse/jetty/util/TypeUtil <clinit> ()V 687 <appendix> argL0 ; # org/eclipse/jetty/util/TypeUtil$$Lambda+0x000002564108ef50
instanceKlass  @bci org/eclipse/jetty/util/TypeUtil <clinit> ()V 672 <appendix> argL0 ; # org/eclipse/jetty/util/TypeUtil$$Lambda+0x000002564108ed20
instanceKlass  @bci org/eclipse/jetty/util/TypeUtil <clinit> ()V 657 <appendix> argL0 ; # org/eclipse/jetty/util/TypeUtil$$Lambda+0x000002564108eaf0
instanceKlass  @bci org/eclipse/jetty/util/TypeUtil <clinit> ()V 642 <appendix> argL0 ; # org/eclipse/jetty/util/TypeUtil$$Lambda+0x000002564108e8c0
instanceKlass  @bci org/eclipse/jetty/util/TypeUtil <clinit> ()V 627 <appendix> argL0 ; # org/eclipse/jetty/util/TypeUtil$$Lambda+0x000002564108e690
instanceKlass  @bci org/eclipse/jetty/util/TypeUtil <clinit> ()V 612 <appendix> argL0 ; # org/eclipse/jetty/util/TypeUtil$$Lambda+0x000002564108e460
instanceKlass  @bci org/eclipse/jetty/util/TypeUtil <clinit> ()V 597 <appendix> argL0 ; # org/eclipse/jetty/util/TypeUtil$$Lambda+0x000002564108e230
instanceKlass  @bci org/eclipse/jetty/util/TypeUtil <clinit> ()V 582 <appendix> argL0 ; # org/eclipse/jetty/util/TypeUtil$$Lambda+0x000002564108e000
instanceKlass  @bci org/eclipse/jetty/util/TypeUtil <clinit> ()V 567 <appendix> argL0 ; # org/eclipse/jetty/util/TypeUtil$$Lambda+0x000002564108bd10
instanceKlass  @bci org/eclipse/jetty/util/TypeUtil <clinit> ()V 552 <appendix> argL0 ; # org/eclipse/jetty/util/TypeUtil$$Lambda+0x000002564108bae0
instanceKlass  @bci org/eclipse/jetty/util/TypeUtil <clinit> ()V 537 <appendix> argL0 ; # org/eclipse/jetty/util/TypeUtil$$Lambda+0x000002564108b8b0
instanceKlass org/eclipse/jetty/util/TypeUtil
instanceKlass org/eclipse/jetty/http/HttpFieldPreEncoder
instanceKlass  @bci org/eclipse/jetty/http/HttpVersion <clinit> ()V 105 <appendix> argL0 ; # org/eclipse/jetty/http/HttpVersion$$Lambda+0x000002564108b298
instanceKlass  @bci org/eclipse/jetty/http/HttpHeader <clinit> ()V 1769 <appendix> argL0 ; # org/eclipse/jetty/http/HttpHeader$$Lambda+0x000002564108ae80
instanceKlass org/eclipse/jetty/util/RFC9110QuotedStringTokenizer
instanceKlass org/eclipse/jetty/util/QuotedStringTokenizer$Builder
instanceKlass org/eclipse/jetty/util/QuotedStringTokenizer
instanceKlass org/eclipse/jetty/http/QuotedCSVParser
instanceKlass  @bci org/eclipse/jetty/http/MimeTypes <clinit> ()V 231 <appendix> argL0 ; # org/eclipse/jetty/http/MimeTypes$$Lambda+0x0000025641088888
instanceKlass  @bci org/eclipse/jetty/http/MimeTypes <clinit> ()V 30 <appendix> argL0 ; # org/eclipse/jetty/http/MimeTypes$$Lambda+0x0000025641088648
instanceKlass  @cpi org/springframework/core/annotation/MergedAnnotations$Search 109 form vmentry <vmtarget> ; # java/lang/invoke/LambdaForm$DMH+0x000002564108c800
instanceKlass  @bci sun/util/locale/provider/JRELocaleProviderAdapter getCalendarDataProvider ()Ljava/util/spi/CalendarDataProvider; 8 <appendix> member <vmtarget> ; # sun/util/locale/provider/JRELocaleProviderAdapter$$Lambda+0x00000256410d4fc0
instanceKlass  @bci sun/util/cldr/CLDRLocaleProviderAdapter getCalendarDataProvider ()Ljava/util/spi/CalendarDataProvider; 8 <appendix> member <vmtarget> ; # sun/util/cldr/CLDRLocaleProviderAdapter$$Lambda+0x800000067
instanceKlass  @bci sun/util/locale/provider/JRELocaleProviderAdapter getTimeZoneNameProvider ()Ljava/util/spi/TimeZoneNameProvider; 8 <appendix> member <vmtarget> ; # sun/util/locale/provider/JRELocaleProviderAdapter$$Lambda+0x00000256410d4da8
instanceKlass  @bci sun/util/cldr/CLDRLocaleProviderAdapter getTimeZoneNameProvider ()Ljava/util/spi/TimeZoneNameProvider; 8 <appendix> member <vmtarget> ; # sun/util/cldr/CLDRLocaleProviderAdapter$$Lambda+0x00000256410d4730
instanceKlass  @bci sun/util/locale/provider/JRELocaleProviderAdapter getLocaleNameProvider ()Ljava/util/spi/LocaleNameProvider; 8 <appendix> member <vmtarget> ; # sun/util/locale/provider/JRELocaleProviderAdapter$$Lambda+0x00000256410d42b8
instanceKlass  @bci sun/util/locale/provider/JRELocaleProviderAdapter getCurrencyNameProvider ()Ljava/util/spi/CurrencyNameProvider; 8 <appendix> member <vmtarget> ; # sun/util/locale/provider/JRELocaleProviderAdapter$$Lambda+0x00000256410d3e60
instanceKlass  @bci sun/util/locale/provider/JRELocaleProviderAdapter createAvailableLocales ()[Ljava/util/Locale; 50 <appendix> argL0 ; # sun/util/locale/provider/JRELocaleProviderAdapter$$Lambda+0x00000256410d39a8
instanceKlass java/util/stream/DistinctOps
instanceKlass  @bci sun/util/locale/provider/JRELocaleProviderAdapter createAvailableLocales ()[Ljava/util/Locale; 35 <appendix> argL0 ; # sun/util/locale/provider/JRELocaleProviderAdapter$$Lambda+0x00000256410d2b90
instanceKlass sun/util/locale/provider/JRELocaleProviderAdapter$AvailableJRELocales
instanceKlass  @bci sun/util/cldr/CLDRLocaleProviderAdapter getAvailableLocales ()[Ljava/util/Locale; 27 <appendix> argL0 ; # sun/util/cldr/CLDRLocaleProviderAdapter$$Lambda+0x00000256410d2788
instanceKlass  @bci sun/util/cldr/CLDRLocaleProviderAdapter getAvailableLocales ()[Ljava/util/Locale; 17 <appendix> argL0 ; # sun/util/cldr/CLDRLocaleProviderAdapter$$Lambda+0x00000256410d2558
instanceKlass  @bci sun/util/locale/provider/JRELocaleProviderAdapter getNumberFormatProvider ()Ljava/text/spi/NumberFormatProvider; 8 <appendix> member <vmtarget> ; # sun/util/locale/provider/JRELocaleProviderAdapter$$Lambda+0x80000006c
instanceKlass  @bci sun/util/locale/provider/JRELocaleProviderAdapter getDecimalFormatSymbolsProvider ()Ljava/text/spi/DecimalFormatSymbolsProvider; 8 <appendix> member <vmtarget> ; # sun/util/locale/provider/JRELocaleProviderAdapter$$Lambda+0x80000006b
instanceKlass  @bci sun/util/locale/provider/JRELocaleProviderAdapter getDateFormatSymbolsProvider ()Ljava/text/spi/DateFormatSymbolsProvider; 8 <appendix> member <vmtarget> ; # sun/util/locale/provider/JRELocaleProviderAdapter$$Lambda+0x80000006a
instanceKlass  @bci sun/util/locale/provider/JRELocaleProviderAdapter getDateFormatProvider ()Ljava/text/spi/DateFormatProvider; 8 <appendix> member <vmtarget> ; # sun/util/locale/provider/JRELocaleProviderAdapter$$Lambda+0x800000069
instanceKlass  @bci sun/util/locale/provider/JRELocaleProviderAdapter getCollatorProvider ()Ljava/text/spi/CollatorProvider; 8 <appendix> member <vmtarget> ; # sun/util/locale/provider/JRELocaleProviderAdapter$$Lambda+0x00000256410d2108
instanceKlass java/util/Locale$LocaleKey
instanceKlass sun/util/locale/Extension
instanceKlass sun/util/locale/LocaleExtensions
instanceKlass sun/util/locale/provider/JRELocaleConstants
instanceKlass java/util/stream/Nodes$ArrayNode
instanceKlass  @bci sun/util/locale/provider/LocaleProviderAdapter toLocaleArray (Ljava/util/Set;)[Ljava/util/Locale; 16 <appendix> argL0 ; # sun/util/locale/provider/LocaleProviderAdapter$$Lambda+0x80000006e
instanceKlass  @bci sun/util/locale/provider/LocaleProviderAdapter toLocaleArray (Ljava/util/Set;)[Ljava/util/Locale; 6 <appendix> argL0 ; # sun/util/locale/provider/LocaleProviderAdapter$$Lambda+0x80000006d
instanceKlass sun/util/resources/provider/NonBaseLocaleDataMetaInfo
instanceKlass  @bci sun/util/locale/provider/JRELocaleProviderAdapter createSupportedLocaleString (Ljava/lang/String;)Ljava/lang/String; 6 <appendix> member <vmtarget> ; # sun/util/locale/provider/JRELocaleProviderAdapter$$Lambda+0x00000256410d1460
instanceKlass sun/util/locale/provider/BaseLocaleDataMetaInfo
instanceKlass sun/util/locale/provider/AvailableLanguageTags
instanceKlass  @bci sun/util/locale/provider/JRELocaleProviderAdapter getBreakIteratorProvider ()Ljava/text/spi/BreakIteratorProvider; 8 <appendix> member <vmtarget> ; # sun/util/locale/provider/JRELocaleProviderAdapter$$Lambda+0x00000256410d0db0
instanceKlass sun/util/resources/cldr/provider/CLDRLocaleDataMetaInfo
instanceKlass jdk/internal/module/ModulePatcher$PatchedModuleReader
instanceKlass  @bci sun/util/cldr/CLDRLocaleProviderAdapter <init> ()V 4 <appendix> argL0 ; # sun/util/cldr/CLDRLocaleProviderAdapter$$Lambda+0x800000066
instanceKlass sun/util/locale/InternalLocaleBuilder$CaseInsensitiveChar
instanceKlass sun/util/locale/InternalLocaleBuilder
instanceKlass sun/util/locale/StringTokenIterator
instanceKlass sun/util/locale/ParseStatus
instanceKlass sun/util/locale/LanguageTag
instanceKlass sun/util/cldr/CLDRBaseLocaleDataMetaInfo
instanceKlass sun/util/locale/provider/LocaleDataMetaInfo
instanceKlass sun/util/locale/provider/ResourceBundleBasedAdapter
instanceKlass sun/util/locale/provider/LocaleProviderAdapter
instanceKlass sun/util/locale/provider/LocaleServiceProviderPool$AllAvailableLocales
instanceKlass java/util/spi/LocaleServiceProvider
instanceKlass sun/util/locale/provider/LocaleServiceProviderPool
instanceKlass org/eclipse/jetty/util/ArrayTrie$Node
instanceKlass  @bci org/eclipse/jetty/util/AbstractTrie requiredCapacity (Ljava/util/Set;Z)I 21 <appendix> argL0 ; # org/eclipse/jetty/util/AbstractTrie$$Lambda+0x0000025641087ca8
instanceKlass java/util/Spliterators$IteratorSpliterator
instanceKlass org/eclipse/jetty/util/AbstractTrie
instanceKlass org/eclipse/jetty/util/Index$Mutable
instanceKlass org/eclipse/jetty/util/Index
instanceKlass org/eclipse/jetty/util/Index$Builder
instanceKlass org/eclipse/jetty/util/URIUtil
instanceKlass java/nio/file/FileVisitor
instanceKlass org/eclipse/jetty/util/IO
instanceKlass org/eclipse/jetty/http/MimeTypes
instanceKlass org/eclipse/jetty/util/Attributes$Wrapper
instanceKlass  @bci java/util/regex/Pattern DOT ()Ljava/util/regex/Pattern$CharPredicate; 0 <appendix> argL0 ; # java/util/regex/Pattern$$Lambda+0x00000256410cf610
instanceKlass java/time/LocalTime
instanceKlass java/time/LocalDate
instanceKlass java/time/chrono/ChronoLocalDate
instanceKlass java/time/LocalDateTime
instanceKlass java/time/chrono/ChronoLocalDateTime
instanceKlass  @bci java/time/ZoneOffset ofTotalSeconds (I)Ljava/time/ZoneOffset; 37 <appendix> argL0 ; # java/time/ZoneOffset$$Lambda+0x80000000e
instanceKlass java/time/Instant$1
instanceKlass java/time/format/DateTimePrintContext
instanceKlass  @bci java/time/format/DateTimeFormatter <clinit> ()V 1075 <appendix> argL0 ; # java/time/format/DateTimeFormatter$$Lambda+0x800000010
instanceKlass  @bci java/time/format/DateTimeFormatter <clinit> ()V 1067 <appendix> argL0 ; # java/time/format/DateTimeFormatter$$Lambda+0x80000000f
instanceKlass java/time/Period
instanceKlass java/time/chrono/ChronoPeriod
instanceKlass java/time/format/DateTimeFormatterBuilder$TextPrinterParser
instanceKlass java/time/format/DateTimeTextProvider$1
instanceKlass java/time/format/DateTimeTextProvider
instanceKlass java/time/format/DateTimeTextProvider$LocaleStore
instanceKlass java/time/format/DateTimeFormatterBuilder$InstantPrinterParser
instanceKlass java/time/format/DateTimeFormatterBuilder$StringLiteralPrinterParser
instanceKlass java/time/format/DateTimeFormatterBuilder$ZoneIdPrinterParser
instanceKlass java/time/format/DateTimeFormatterBuilder$OffsetIdPrinterParser
instanceKlass java/time/format/DecimalStyle
instanceKlass java/time/format/DateTimeFormatterBuilder$CompositePrinterParser
instanceKlass java/time/chrono/AbstractChronology
instanceKlass java/time/chrono/Chronology
instanceKlass java/time/format/DateTimeFormatterBuilder$CharLiteralPrinterParser
instanceKlass java/time/format/DateTimeFormatterBuilder$NumberPrinterParser
instanceKlass java/time/format/DateTimeFormatterBuilder$DateTimePrinterParser
instanceKlass java/time/temporal/JulianFields
instanceKlass java/time/temporal/IsoFields
instanceKlass java/time/temporal/ValueRange
instanceKlass java/time/Duration
instanceKlass java/time/temporal/TemporalAmount
instanceKlass java/time/temporal/TemporalUnit
instanceKlass java/time/temporal/TemporalField
instanceKlass  @bci java/time/format/DateTimeFormatterBuilder <clinit> ()V 0 <appendix> argL0 ; # java/time/format/DateTimeFormatterBuilder$$Lambda+0x800000011
instanceKlass java/time/ZoneId
instanceKlass java/time/temporal/TemporalQuery
instanceKlass java/time/format/DateTimeFormatterBuilder
instanceKlass java/time/format/DateTimeFormatter
instanceKlass java/time/Instant
instanceKlass java/time/temporal/TemporalAdjuster
instanceKlass org/eclipse/jetty/util/StringUtil
instanceKlass org/eclipse/jetty/util/Jetty
instanceKlass org/eclipse/jetty/util/Attributes$2
instanceKlass  @bci org/eclipse/jetty/util/thread/Invocable <clinit> ()V 0 <appendix> argL0 ; # org/eclipse/jetty/util/thread/Invocable$$Lambda+0x000002564101ede8
instanceKlass org/eclipse/jetty/io/ByteBufferPool
instanceKlass org/eclipse/jetty/util/thread/Scheduler
instanceKlass org/eclipse/jetty/server/Context
instanceKlass org/eclipse/jetty/util/Decorator
instanceKlass org/eclipse/jetty/server/Connector
instanceKlass org/eclipse/jetty/util/component/Graceful
instanceKlass java/time/temporal/Temporal
instanceKlass org/eclipse/jetty/server/internal/ResponseHttpFields$Persistent
instanceKlass org/eclipse/jetty/http/HttpField
instanceKlass org/eclipse/jetty/util/thread/Invocable$Task
instanceKlass org/eclipse/jetty/util/component/ContainerLifeCycle$Bean
instanceKlass java/util/concurrent/atomic/AtomicBoolean
instanceKlass org/eclipse/jetty/util/thread/ThreadPoolBudget$1
instanceKlass org/eclipse/jetty/util/thread/ThreadPoolBudget$Lease
instanceKlass org/eclipse/jetty/util/thread/ThreadPoolBudget
instanceKlass javax/management/openmbean/CompositeDataSupport
# instanceKlass java/lang/invoke/LambdaForm$MH+0x0000025641085400
# instanceKlass java/lang/invoke/LambdaForm$MH+0x0000025641085000
instanceKlass sun/invoke/util/ValueConversions$WrapperCache
instanceKlass  @cpi org/springframework/web/util/pattern/PathPattern 420 form vmentry <vmtarget> ; # java/lang/invoke/LambdaForm$DMH+0x0000025641084c00
instanceKlass com/sun/management/internal/Flag$1
instanceKlass com/sun/management/internal/Flag
# instanceKlass java/lang/invoke/LambdaForm$MH+0x0000025641084800
# instanceKlass java/lang/invoke/LambdaForm$MH+0x0000025641084400
instanceKlass  @cpi hudson/model/DependencyGraph 430 form vmentry <vmtarget> ; # java/lang/invoke/LambdaForm$DMH+0x0000025641084000
instanceKlass  @bci java/lang/invoke/BootstrapMethodInvoker invoke (Ljava/lang/Class;Ljava/lang/invoke/MethodHandle;Ljava/lang/String;Ljava/lang/Object;Ljava/lang/Object;Ljava/lang/Class;)Ljava/lang/Object; 462 <adapter> ; # java/lang/invoke/LambdaForm$MH+0x0000025641083c00
# instanceKlass java/lang/invoke/LambdaForm$MH+0x0000025641083800
# instanceKlass java/lang/invoke/LambdaForm$MH+0x0000025641083400
# instanceKlass java/lang/invoke/LambdaForm$MH+0x0000025641083000
instanceKlass sun/reflect/misc/Trampoline
instanceKlass sun/reflect/misc/MethodUtil$1
instanceKlass  @bci java/util/stream/Collectors joining (Ljava/lang/CharSequence;Ljava/lang/CharSequence;Ljava/lang/CharSequence;)Ljava/util/stream/Collector; 22 <appendix> argL0 ; # java/util/stream/Collectors$$Lambda+0x800000044
instanceKlass  @bci java/util/stream/Collectors joining (Ljava/lang/CharSequence;Ljava/lang/CharSequence;Ljava/lang/CharSequence;)Ljava/util/stream/Collector; 17 <appendix> argL0 ; # java/util/stream/Collectors$$Lambda+0x800000042
instanceKlass  @bci java/util/stream/Collectors joining (Ljava/lang/CharSequence;Ljava/lang/CharSequence;Ljava/lang/CharSequence;)Ljava/util/stream/Collector; 12 <appendix> argL0 ; # java/util/stream/Collectors$$Lambda+0x80000003f
instanceKlass  @bci java/util/stream/Collectors joining (Ljava/lang/CharSequence;Ljava/lang/CharSequence;Ljava/lang/CharSequence;)Ljava/util/stream/Collector; 7 <appendix> member <vmtarget> ; # java/util/stream/Collectors$$Lambda+0x800000047
instanceKlass  @bci java/lang/Class methodToString (Ljava/lang/String;[Ljava/lang/Class;)Ljava/lang/String; 42 <appendix> argL0 ; # java/lang/Class$$Lambda+0x00000256410ca660
instanceKlass jdk/management/jfr/FlightRecorderMXBeanImpl$MXBeanListener
instanceKlass jdk/jfr/FlightRecorderListener
instanceKlass jdk/jfr/FlightRecorder
instanceKlass jdk/jfr/Recording
instanceKlass javax/management/NotificationFilter
instanceKlass javax/management/NotificationListener
instanceKlass java/util/EventListener
instanceKlass javax/management/StandardMBean$MBeanInfoSafeAction
instanceKlass jdk/jfr/internal/management/StreamManager
instanceKlass jdk/management/jfr/EventTypeInfo
instanceKlass jdk/management/jfr/ConfigurationInfo
instanceKlass jdk/management/jfr/RecordingInfo
instanceKlass sun/reflect/generics/tree/VoidDescriptor
instanceKlass sun/reflect/generics/tree/LongSignature
instanceKlass jdk/management/jfr/SettingDescriptorInfo$1
instanceKlass jdk/management/jfr/SettingDescriptorInfo
instanceKlass  @bci java/lang/management/DefaultPlatformMBeanProvider$10 nameToMBeanMap ()Ljava/util/Map; 36 <appendix> member <vmtarget> ; # java/lang/management/DefaultPlatformMBeanProvider$10$$Lambda+0x00000256410c7570
instanceKlass  @cpi org/eclipse/jetty/util/UrlParameterDecoder 286 form vmentry <vmtarget> ; # java/lang/invoke/LambdaForm$DMH+0x0000025641082400
instanceKlass sun/management/ManagementFactoryHelper$1
instanceKlass  @bci java/util/stream/Collectors toList ()Ljava/util/stream/Collector; 14 <appendix> argL0 ; # java/util/stream/Collectors$$Lambda+0x00000256410c70c8
instanceKlass  @bci java/util/stream/Collectors toList ()Ljava/util/stream/Collector; 9 <appendix> argL0 ; # java/util/stream/Collectors$$Lambda+0x00000256410c6ea8
instanceKlass  @bci java/util/stream/Collectors toList ()Ljava/util/stream/Collector; 4 <appendix> argL0 ; # java/util/stream/Collectors$$Lambda+0x00000256410c6c98
instanceKlass  @bci sun/management/ManagementFactoryHelper getBufferPoolMXBeans ()Ljava/util/List; 25 <appendix> argL0 ; # sun/management/ManagementFactoryHelper$$Lambda+0x00000256410c6a68
instanceKlass java/lang/management/BufferPoolMXBean
instanceKlass sun/nio/ch/FileChannelImpl$3
instanceKlass sun/nio/ch/FileChannelImpl$2
instanceKlass jdk/internal/misc/VM$BufferPoolsHolder
instanceKlass com/sun/management/VMOption
instanceKlass com/sun/management/internal/HotSpotDiagnostic
instanceKlass com/sun/management/HotSpotDiagnosticMXBean
instanceKlass com/sun/management/GcInfo
instanceKlass javax/management/openmbean/CompositeDataView
# instanceKlass java/lang/invoke/LambdaForm$MH+0x0000025641082000
instanceKlass  @bci jdk/jfr/internal/dcmd/DCmdCheck printHelp ()[Ljava/lang/String; 6 <appendix> argL0 ; # jdk/jfr/internal/dcmd/DCmdCheck$$Lambda+0x00000256410c5010
instanceKlass  @bci jdk/jfr/internal/dcmd/DCmdDump printHelp ()[Ljava/lang/String; 27 <appendix> argL0 ; # jdk/jfr/internal/dcmd/DCmdDump$$Lambda+0x00000256410c4e00
instanceKlass  @bci jdk/jfr/internal/dcmd/DCmdStart printHelp ()[Ljava/lang/String; 26 <appendix> argL0 ; # jdk/jfr/internal/dcmd/DCmdStart$$Lambda+0x00000256410c4bf0
instanceKlass  @bci java/util/regex/CharPredicates ASCII_SPACE ()Ljava/util/regex/Pattern$BmpCharPredicate; 0 <appendix> argL0 ; # java/util/regex/CharPredicates$$Lambda+0x800000027
instanceKlass  @bci jdk/jfr/internal/jfc/model/JFCModel add (Ljdk/jfr/internal/jfc/model/ControlElement;)V 10 <appendix> argL0 ; # jdk/jfr/internal/jfc/model/JFCModel$$Lambda+0x00000256410c49c0
instanceKlass  @bci jdk/jfr/internal/jfc/model/JFCModel <init> (Ljdk/jfr/internal/jfc/model/XmlConfiguration;)V 25 <appendix> argL0 ; # jdk/jfr/internal/jfc/model/JFCModel$$Lambda+0x00000256410c47a0
instanceKlass jdk/jfr/internal/jfc/model/ControlElement
# instanceKlass java/lang/invoke/LambdaForm$DMH+0x0000025641081c00
# instanceKlass java/lang/invoke/LambdaForm$DMH+0x0000025641081800
instanceKlass java/lang/invoke/MethodHandle$1
instanceKlass jdk/jfr/internal/jfc/model/SettingsLog
instanceKlass jdk/jfr/internal/jfc/model/Utilities
instanceKlass jdk/jfr/internal/jfc/model/XmlElement
instanceKlass jdk/internal/util/xml/impl/Input
instanceKlass jdk/internal/org/xml/sax/InputSource
instanceKlass jdk/internal/org/xml/sax/helpers/DefaultHandler
instanceKlass jdk/internal/org/xml/sax/ErrorHandler
instanceKlass jdk/internal/org/xml/sax/ContentHandler
instanceKlass jdk/internal/org/xml/sax/DTDHandler
instanceKlass jdk/internal/org/xml/sax/EntityResolver
instanceKlass jdk/internal/util/xml/impl/Pair
instanceKlass jdk/internal/util/xml/impl/Attrs
instanceKlass jdk/internal/org/xml/sax/Attributes
instanceKlass jdk/internal/util/xml/impl/Parser
instanceKlass jdk/internal/org/xml/sax/Locator
instanceKlass jdk/internal/org/xml/sax/XMLReader
instanceKlass jdk/internal/util/xml/SAXParser
instanceKlass jdk/jfr/internal/jfc/model/Parser
instanceKlass sun/nio/ch/IOStatus
instanceKlass sun/nio/ch/Util$BufferCache
instanceKlass sun/nio/ch/Util
instanceKlass sun/nio/ch/NativeThread
instanceKlass java/nio/channels/NetworkChannel
instanceKlass sun/nio/ch/SelChImpl
instanceKlass sun/nio/ch/Streams
instanceKlass java/nio/channels/Channels
instanceKlass sun/nio/ch/FileChannelImpl$Closer
instanceKlass sun/nio/ch/NativeThreadSet
instanceKlass sun/nio/ch/IOUtil
instanceKlass sun/nio/ch/NativeDispatcher
instanceKlass java/nio/channels/spi/AbstractInterruptibleChannel
instanceKlass java/nio/channels/InterruptibleChannel
instanceKlass java/nio/channels/ScatteringByteChannel
instanceKlass java/nio/channels/GatheringByteChannel
instanceKlass java/nio/channels/SeekableByteChannel
instanceKlass java/nio/channels/ByteChannel
instanceKlass java/nio/channels/WritableByteChannel
instanceKlass java/nio/channels/ReadableByteChannel
instanceKlass java/nio/channels/Channel
instanceKlass sun/nio/fs/WindowsChannelFactory$Flags
instanceKlass sun/nio/fs/WindowsChannelFactory$1
instanceKlass sun/nio/fs/WindowsChannelFactory
instanceKlass sun/nio/fs/WindowsSecurityDescriptor
instanceKlass java/nio/file/attribute/FileAttribute
instanceKlass  @bci jdk/jfr/internal/SecuritySupport newFileInputStream (Ljdk/jfr/internal/SecuritySupport$SafePath;)Ljava/io/InputStream; 1 <appendix> member <vmtarget> ; # jdk/jfr/internal/SecuritySupport$$Lambda+0x00000256410389b8
instanceKlass  @bci jdk/jfr/internal/SecuritySupport getFileSize (Ljdk/jfr/internal/SecuritySupport$SafePath;)J 1 <appendix> member <vmtarget> ; # jdk/jfr/internal/SecuritySupport$$Lambda+0x00000256410387a0
instanceKlass jdk/jfr/internal/jfc/JFC$KnownConfiguration
instanceKlass jdk/jfr/internal/jfc/model/JFCModel
instanceKlass  @bci jdk/jfr/internal/dcmd/DCmdStart jfcOptions ()Ljava/lang/String; 45 <appendix> argL0 ; # jdk/jfr/internal/dcmd/DCmdStart$$Lambda+0x0000025641038180
instanceKlass jdk/jfr/internal/jfc/JFC
instanceKlass  @bci jdk/jfr/internal/SecuritySupport isDirectory (Ljdk/jfr/internal/SecuritySupport$SafePath;)Z 1 <appendix> member <vmtarget> ; # jdk/jfr/internal/SecuritySupport$$Lambda+0x0000025641037d70
instanceKlass java/util/regex/IntHashSet
instanceKlass java/util/regex/Matcher
instanceKlass java/util/regex/MatchResult
instanceKlass java/nio/file/Files$1
instanceKlass sun/nio/fs/WindowsFileSystem$2
instanceKlass java/nio/file/PathMatcher
instanceKlass  @bci java/util/regex/Pattern negate (Ljava/util/regex/Pattern$CharPredicate;)Ljava/util/regex/Pattern$CharPredicate; 1 <appendix> member <vmtarget> ; # java/util/regex/Pattern$$Lambda+0x800000032
instanceKlass java/util/regex/ASCII
instanceKlass sun/nio/fs/Globs
instanceKlass jdk/jfr/internal/SecuritySupport$1
instanceKlass  @bci jdk/jfr/internal/SecuritySupport getPredefinedJFCFiles ()Ljava/util/List; 8 <appendix> argL0 ; # jdk/jfr/internal/SecuritySupport$$Lambda+0x0000025641036d10
instanceKlass jdk/jfr/internal/consumer/FileAccess
instanceKlass jdk/jfr/internal/SecuritySupport$4
instanceKlass  @bci jdk/jfr/internal/SecuritySupport getPathInProperty (Ljava/lang/String;Ljava/lang/String;)Ljdk/jfr/internal/SecuritySupport$SafePath; 2 <appendix> member <vmtarget> ; # jdk/jfr/internal/SecuritySupport$$Lambda+0x0000025641035fe8
instanceKlass  @cpi hudson/security/AuthorizationStrategy$Unsecured 69 form vmentry <vmtarget> ; # java/lang/invoke/LambdaForm$DMH+0x0000025641081400
instanceKlass jdk/jfr/internal/SecuritySupport$SafePath
instanceKlass jdk/jfr/internal/SecuritySupport$CallableWithoutCheckException
instanceKlass jdk/jfr/internal/SecuritySupport
instanceKlass  @bci jdk/jfr/internal/dcmd/DCmdStop printHelp ()[Ljava/lang/String; 19 <appendix> argL0 ; # jdk/jfr/internal/dcmd/DCmdStop$$Lambda+0x0000025641035388
instanceKlass java/util/Formattable
instanceKlass java/util/Formatter$Flags
instanceKlass java/util/Formatter$FormatSpecifier
instanceKlass java/util/Formatter$Conversion
instanceKlass java/util/Formatter$FixedString
instanceKlass java/util/Formatter$FormatString
instanceKlass java/util/regex/Pattern$TreeInfo
instanceKlass  @bci java/util/regex/Pattern union (Ljava/util/regex/Pattern$CharPredicate;Ljava/util/regex/Pattern$CharPredicate;Z)Ljava/util/regex/Pattern$CharPredicate; 6 <appendix> member <vmtarget> ; # java/util/regex/Pattern$$Lambda+0x800000033
instanceKlass  @bci java/util/regex/Pattern Range (II)Ljava/util/regex/Pattern$CharPredicate; 23 <appendix> member <vmtarget> ; # java/util/regex/Pattern$$Lambda+0x80000002b
instanceKlass java/util/regex/Pattern$BitClass
instanceKlass  @bci java/util/regex/CharPredicates ASCII_DIGIT ()Ljava/util/regex/Pattern$BmpCharPredicate; 0 <appendix> argL0 ; # java/util/regex/CharPredicates$$Lambda+0x800000026
instanceKlass java/util/regex/CharPredicates
instanceKlass  @bci java/util/regex/Pattern Single (I)Ljava/util/regex/Pattern$BmpCharPredicate; 1 <appendix> member <vmtarget> ; # java/util/regex/Pattern$$Lambda+0x80000002a
instanceKlass java/util/regex/Pattern$BmpCharPredicate
instanceKlass java/util/regex/Pattern$CharPredicate
instanceKlass java/util/regex/Pattern$Node
instanceKlass java/util/regex/Pattern
instanceKlass java/util/Formatter
instanceKlass  @bci jdk/jfr/internal/dcmd/DCmdView printHelp ()[Ljava/lang/String; 111 <appendix> argL0 ; # jdk/jfr/internal/dcmd/DCmdView$$Lambda+0x00000256410347a0
instanceKlass jdk/jfr/internal/util/Columnizer$Column
instanceKlass jdk/jfr/internal/util/Tokenizer
instanceKlass  @bci jdk/internal/module/SystemModuleFinders$SystemModuleReader open (Ljava/lang/String;)Ljava/util/Optional; 6 <appendix> member <vmtarget> ; # jdk/internal/module/SystemModuleFinders$SystemModuleReader$$Lambda+0x0000025641033f50
instanceKlass jdk/jfr/internal/query/ViewFile
instanceKlass jdk/jfr/internal/util/Columnizer
instanceKlass jdk/jfr/internal/query/ViewPrinter
instanceKlass java/lang/StringLatin1$LinesSpliterator
instanceKlass java/util/Arrays$ArrayItr
instanceKlass com/sun/management/internal/DiagnosticCommandImpl$Wrapper
instanceKlass jdk/jfr/internal/util/Output$LinePrinter
instanceKlass jdk/jfr/internal/util/Output
instanceKlass jdk/jfr/internal/dcmd/AbstractDCmd
instanceKlass com/sun/management/internal/DiagnosticCommandArgumentInfo
instanceKlass com/sun/management/internal/DiagnosticCommandInfo
instanceKlass com/sun/management/internal/DiagnosticCommandImpl$OperationInfoComparator
instanceKlass sun/management/ClassLoadingImpl
instanceKlass java/lang/management/ClassLoadingMXBean
instanceKlass javax/management/MBeanInfo$ArrayGettersSafeAction
instanceKlass javax/management/openmbean/OpenMBeanOperationInfo
instanceKlass java/util/logging/Logging
instanceKlass java/util/logging/LoggingMXBean
instanceKlass sun/management/ManagementFactoryHelper$PlatformLoggingImpl
instanceKlass java/lang/management/PlatformLoggingMXBean
instanceKlass sun/management/CompilationImpl
instanceKlass java/lang/management/CompilationMXBean
instanceKlass sun/management/VMManagementImpl$1
instanceKlass java/lang/management/MemoryUsage
instanceKlass sun/management/Sensor
instanceKlass sun/management/MemoryPoolImpl
instanceKlass java/lang/management/MemoryPoolMXBean
instanceKlass  @bci org/bouncycastle/asn1/ASN1ObjectIdentifier branch (Ljava/lang/String;)Lorg/bouncycastle/asn1/ASN1ObjectIdentifier; 102 <appendix> form vmentry <vmtarget> ; # java/lang/invoke/LambdaForm$MH+0x0000025641081000
instanceKlass java/lang/invoke/LambdaFormEditor$1
# instanceKlass java/lang/invoke/LambdaForm$MH+0x0000025641080c00
instanceKlass  @bci org/bouncycastle/asn1/ASN1ObjectIdentifier branch (Ljava/lang/String;)Lorg/bouncycastle/asn1/ASN1ObjectIdentifier; 102 <appendix> argL3 form vmentry <vmtarget> ; # java/lang/invoke/LambdaForm$MH+0x0000025641080800
instanceKlass  @bci org/kohsuke/stapler/DiagnosticThreadNameFilter doFilter (Ljakarta/servlet/ServletRequest;Ljakarta/servlet/ServletResponse;Ljakarta/servlet/FilterChain;)V 43 <appendix> argL3 argL2 form vmentry <vmtarget> ; # java/lang/invoke/LambdaForm$MH+0x0000025641080400
# instanceKlass java/lang/invoke/LambdaForm$MH+0x0000025641080000
# instanceKlass java/lang/invoke/LambdaForm$MH+0x000002564101bc00
# instanceKlass java/lang/invoke/LambdaForm$MH+0x000002564101b800
instanceKlass  @bci org/bouncycastle/asn1/ASN1ObjectIdentifier branch (Ljava/lang/String;)Lorg/bouncycastle/asn1/ASN1ObjectIdentifier; 102 <appendix> argL1 form vmentry <vmtarget> ; # java/lang/invoke/LambdaForm$MH+0x000002564101b400
# instanceKlass java/lang/invoke/LambdaForm$MH+0x000002564101b000
# instanceKlass java/lang/invoke/LambdaForm$MH+0x000002564101ac00
# instanceKlass java/lang/invoke/LambdaForm$MH+0x000002564101a800
# instanceKlass java/lang/invoke/LambdaForm$MH+0x000002564101a400
instanceKlass sun/management/Util
instanceKlass  @bci java/util/stream/Collectors uniqKeysMapMerger ()Ljava/util/function/BinaryOperator; 0 <appendix> argL0 ; # java/util/stream/Collectors$$Lambda+0x000002564102d268
instanceKlass  @bci java/util/stream/Collectors uniqKeysMapAccumulator (Ljava/util/function/Function;Ljava/util/function/Function;)Ljava/util/function/BiConsumer; 2 <appendix> member <vmtarget> ; # java/util/stream/Collectors$$Lambda+0x000002564102d040
instanceKlass  @bci java/util/stream/Collectors toMap (Ljava/util/function/Function;Ljava/util/function/Function;)Ljava/util/stream/Collector; 4 <appendix> argL0 ; # java/util/stream/Collectors$$Lambda+0x000002564102ce30
instanceKlass  @bci java/util/function/Function identity ()Ljava/util/function/Function; 0 <appendix> argL0 ; # java/util/function/Function$$Lambda+0x000002564102cc00
instanceKlass  @bci java/lang/management/DefaultPlatformMBeanProvider$5 nameToMBeanMap ()Ljava/util/Map; 21 <appendix> argL0 ; # java/lang/management/DefaultPlatformMBeanProvider$5$$Lambda+0x000002564102c9d0
instanceKlass  @bci java/lang/management/DefaultPlatformMBeanProvider$5 nameToMBeanMap ()Ljava/util/Map; 11 <appendix> member <vmtarget> ; # java/lang/management/DefaultPlatformMBeanProvider$5$$Lambda+0x000002564102c788
instanceKlass  @cpi hudson/model/Items$AllItemsIterable$AllItemsIterator 167 form vmentry <vmtarget> ; # java/lang/invoke/LambdaForm$DMH+0x000002564101a000
instanceKlass com/sun/management/GarbageCollectorMXBean
instanceKlass java/lang/management/GarbageCollectorMXBean
instanceKlass java/lang/management/MemoryManagerMXBean
instanceKlass java/lang/management/MemoryMXBean
instanceKlass javax/management/DescriptorKey
instanceKlass java/lang/annotation/Target
instanceKlass java/lang/reflect/Proxy$ProxyBuilder$1
instanceKlass jdk/internal/org/objectweb/asm/Edge
instanceKlass  @bci java/lang/reflect/ProxyGenerator addProxyMethod (Ljava/lang/reflect/Method;Ljava/lang/Class;)V 23 <appendix> argL0 ; # java/lang/reflect/ProxyGenerator$$Lambda+0x0000025641029cd8
instanceKlass  @bci java/lang/reflect/ProxyGenerator addProxyMethod (Ljava/lang/reflect/ProxyGenerator$ProxyMethod;)V 10 <appendix> argL0 ; # java/lang/reflect/ProxyGenerator$$Lambda+0x0000025641029aa8
instanceKlass java/util/StringJoiner
instanceKlass java/lang/reflect/ProxyGenerator$ProxyMethod
instanceKlass  @bci java/lang/reflect/Proxy getLoader (Ljava/lang/Module;)Ljava/lang/ClassLoader; 6 <appendix> member <vmtarget> ; # java/lang/reflect/Proxy$$Lambda+0x0000025641029380
instanceKlass  @bci java/lang/module/ModuleDescriptor$Builder packages (Ljava/util/Set;)Ljava/lang/module/ModuleDescriptor$Builder; 17 <appendix> argL0 ; # java/lang/module/ModuleDescriptor$Builder$$Lambda+0x800000002
instanceKlass jdk/internal/module/Checks
instanceKlass java/lang/module/ModuleDescriptor$Builder
instanceKlass  @bci java/lang/reflect/Proxy$ProxyBuilder getDynamicModule (Ljava/lang/ClassLoader;)Ljava/lang/Module; 4 <appendix> argL0 ; # java/lang/reflect/Proxy$ProxyBuilder$$Lambda+0x0000025641028f60
instanceKlass java/lang/reflect/Proxy$ProxyBuilder
instanceKlass  @bci java/lang/reflect/Proxy getProxyConstructor (Ljava/lang/Class;Ljava/lang/ClassLoader;[Ljava/lang/Class;)Ljava/lang/reflect/Constructor; 35 <appendix> argL0 ; # java/lang/reflect/Proxy$$Lambda+0x0000025641028b40
instanceKlass java/lang/reflect/Proxy
instanceKlass sun/reflect/annotation/AnnotationInvocationHandler
instanceKlass java/lang/reflect/InvocationHandler
instanceKlass sun/reflect/annotation/AnnotationParser$1
instanceKlass java/lang/annotation/Documented
instanceKlass java/lang/annotation/Inherited
instanceKlass java/lang/annotation/Retention
instanceKlass sun/reflect/annotation/ExceptionProxy
instanceKlass sun/reflect/annotation/AnnotationType$1
instanceKlass sun/reflect/annotation/AnnotationType
instanceKlass java/lang/Deprecated
instanceKlass sun/management/BaseOperatingSystemImpl
instanceKlass com/sun/management/OperatingSystemMXBean
instanceKlass java/lang/management/OperatingSystemMXBean
instanceKlass com/sun/jmx/mbeanserver/PerInterface$MethodAndSig
instanceKlass java/lang/management/LockInfo
instanceKlass java/lang/management/ThreadInfo
instanceKlass sun/management/ThreadImpl
instanceKlass com/sun/management/ThreadMXBean
instanceKlass java/lang/management/ThreadMXBean
instanceKlass com/sun/jmx/mbeanserver/WeakIdentityHashMap
instanceKlass com/sun/jmx/mbeanserver/MXBeanLookup
instanceKlass com/sun/jmx/mbeanserver/PerInterface$InitMaps
instanceKlass com/sun/jmx/mbeanserver/PerInterface
instanceKlass javax/management/openmbean/OpenMBeanAttributeInfo
instanceKlass javax/management/openmbean/OpenMBeanParameterInfo
instanceKlass com/sun/jmx/mbeanserver/MBeanIntrospector$MBeanInfoMaker
instanceKlass com/sun/jmx/mbeanserver/MBeanAnalyzer$MBeanVisitor
instanceKlass java/lang/reflect/GenericArrayType
instanceKlass sun/reflect/generics/reflectiveObjects/LazyReflectiveObjectGenerator
instanceKlass sun/reflect/generics/tree/TypeVariableSignature
instanceKlass sun/reflect/generics/tree/ClassSignature
instanceKlass sun/reflect/generics/reflectiveObjects/ParameterizedTypeImpl
instanceKlass java/lang/reflect/ParameterizedType
instanceKlass sun/reflect/generics/visitor/Reifier
instanceKlass sun/reflect/generics/visitor/TypeTreeVisitor
instanceKlass sun/reflect/generics/tree/MethodTypeSignature
instanceKlass sun/reflect/generics/tree/Signature
instanceKlass sun/reflect/generics/tree/ClassTypeSignature
instanceKlass sun/reflect/generics/tree/SimpleClassTypeSignature
instanceKlass sun/reflect/generics/tree/FieldTypeSignature
instanceKlass sun/reflect/generics/tree/TypeArgument
instanceKlass sun/reflect/generics/tree/BaseType
instanceKlass sun/reflect/generics/tree/TypeSignature
instanceKlass sun/reflect/generics/tree/ReturnType
instanceKlass sun/reflect/generics/tree/FormalTypeParameter
instanceKlass sun/reflect/generics/tree/TypeTree
instanceKlass sun/reflect/generics/tree/Tree
instanceKlass sun/reflect/generics/parser/SignatureParser
instanceKlass java/lang/reflect/TypeVariable
instanceKlass sun/reflect/generics/repository/AbstractRepository
instanceKlass sun/reflect/generics/factory/CoreReflectionFactory
instanceKlass sun/reflect/generics/factory/GenericsFactory
instanceKlass sun/reflect/generics/scope/AbstractScope
instanceKlass sun/reflect/generics/scope/Scope
instanceKlass com/sun/jmx/mbeanserver/MBeanAnalyzer$AttrMethods
instanceKlass com/sun/jmx/mbeanserver/MXBeanMapping
instanceKlass javax/management/openmbean/TabularData
instanceKlass javax/management/openmbean/CompositeData
instanceKlass javax/management/openmbean/OpenType
instanceKlass com/sun/jmx/mbeanserver/MXBeanMappingFactory
instanceKlass com/sun/jmx/mbeanserver/ConvertingMethod
instanceKlass java/util/TimSort
instanceKlass com/sun/jmx/mbeanserver/MBeanAnalyzer$MethodOrder
instanceKlass java/lang/PublicMethods
instanceKlass com/sun/jmx/mbeanserver/MBeanAnalyzer
instanceKlass com/sun/jmx/mbeanserver/MBeanIntrospector
instanceKlass sun/reflect/misc/ReflectUtil
instanceKlass java/lang/Class$AnnotationData
instanceKlass javax/management/MXBean
instanceKlass com/sun/jmx/mbeanserver/MBeanSupport
instanceKlass com/sun/jmx/mbeanserver/DescriptorCache
instanceKlass javax/management/JMX
instanceKlass javax/management/StandardMBean
instanceKlass  @bci java/lang/management/ManagementFactory addMXBean (Ljavax/management/MBeanServer;Ljava/lang/String;Ljava/lang/Object;)V 8 <appendix> member <vmtarget> ; # java/lang/management/ManagementFactory$$Lambda+0x0000025641075ee0
instanceKlass java/util/Collections$2
instanceKlass java/util/AbstractMap$SimpleImmutableEntry
instanceKlass sun/management/RuntimeImpl
instanceKlass java/lang/management/RuntimeMXBean
instanceKlass java/util/stream/ForEachOps$ForEachOp
instanceKlass java/util/stream/ForEachOps
instanceKlass  @bci java/lang/management/ManagementFactory getPlatformMBeanServer ()Ljavax/management/MBeanServer; 63 <appendix> argL0 ; # java/lang/management/ManagementFactory$$Lambda+0x00000256410754f8
instanceKlass  @bci java/lang/management/ManagementFactory getPlatformMBeanServer ()Ljavax/management/MBeanServer; 53 <appendix> argL0 ; # java/lang/management/ManagementFactory$$Lambda+0x00000256410752c8
instanceKlass  @bci java/lang/management/ManagementFactory getPlatformMBeanServer ()Ljavax/management/MBeanServer; 43 <appendix> argL0 ; # java/lang/management/ManagementFactory$$Lambda+0x0000025641075088
instanceKlass  @cpi org/eclipse/jetty/util/thread/ThreadPoolBudget 223 form vmentry <vmtarget> ; # java/lang/invoke/LambdaForm$DMH+0x0000025641019c00
instanceKlass java/util/HashMap$HashMapSpliterator
instanceKlass java/util/Collections$1
instanceKlass jdk/management/jfr/internal/FlightRecorderMXBeanProvider$SingleMBeanComponent
instanceKlass jdk/management/jfr/FlightRecorderMXBean
instanceKlass java/lang/management/PlatformManagedObject
instanceKlass java/lang/management/DefaultPlatformMBeanProvider$11
instanceKlass java/lang/management/DefaultPlatformMBeanProvider$10
instanceKlass java/lang/management/DefaultPlatformMBeanProvider$9
instanceKlass sun/management/ManagementFactoryHelper$LoggingMXBeanAccess$1
instanceKlass sun/management/ManagementFactoryHelper$LoggingMXBeanAccess
instanceKlass java/lang/management/DefaultPlatformMBeanProvider$8
instanceKlass java/lang/management/DefaultPlatformMBeanProvider$7
instanceKlass java/lang/management/DefaultPlatformMBeanProvider$6
instanceKlass java/lang/management/DefaultPlatformMBeanProvider$5
instanceKlass java/lang/management/DefaultPlatformMBeanProvider$4
instanceKlass java/lang/management/DefaultPlatformMBeanProvider$3
instanceKlass java/lang/management/DefaultPlatformMBeanProvider$2
instanceKlass java/lang/management/DefaultPlatformMBeanProvider$1
instanceKlass com/sun/management/internal/PlatformMBeanProviderImpl$5
instanceKlass sun/management/VMManagementImpl
instanceKlass sun/management/VMManagement
instanceKlass sun/management/ManagementFactoryHelper
instanceKlass sun/management/NotificationEmitterSupport
instanceKlass com/sun/management/DiagnosticCommandMBean
instanceKlass com/sun/management/internal/PlatformMBeanProviderImpl$4
instanceKlass com/sun/management/internal/PlatformMBeanProviderImpl$3
instanceKlass com/sun/management/internal/PlatformMBeanProviderImpl$2
instanceKlass java/util/stream/ReduceOps$AccumulatingSink
instanceKlass java/util/stream/ReduceOps$Box
instanceKlass java/util/stream/ReduceOps$ReduceOp
instanceKlass java/util/stream/ReduceOps
instanceKlass  @bci java/util/stream/Collectors castingIdentity ()Ljava/util/function/Function; 0 <appendix> argL0 ; # java/util/stream/Collectors$$Lambda+0x800000043
instanceKlass  @bci java/util/stream/Collectors toSet ()Ljava/util/stream/Collector; 14 <appendix> argL0 ; # java/util/stream/Collectors$$Lambda+0x800000041
instanceKlass java/util/function/BinaryOperator
instanceKlass  @bci java/util/stream/Collectors toSet ()Ljava/util/stream/Collector; 9 <appendix> argL0 ; # java/util/stream/Collectors$$Lambda+0x80000003a
instanceKlass java/util/function/BiConsumer
instanceKlass  @bci java/util/stream/Collectors toSet ()Ljava/util/stream/Collector; 4 <appendix> argL0 ; # java/util/stream/Collectors$$Lambda+0x800000046
instanceKlass java/util/stream/Collector
instanceKlass java/util/stream/Collectors
instanceKlass com/sun/management/internal/PlatformMBeanProviderImpl$1
instanceKlass sun/management/spi/PlatformMBeanProvider$PlatformComponent
instanceKlass  @bci com/sun/management/internal/PlatformMBeanProviderImpl <clinit> ()V 8 <appendix> argL0 ; # com/sun/management/internal/PlatformMBeanProviderImpl$$Lambda+0x000002564106ff80
instanceKlass java/util/concurrent/Callable
instanceKlass sun/management/spi/PlatformMBeanProvider
instanceKlass java/lang/management/ManagementFactory$PlatformMBeanFinder$1
instanceKlass java/lang/management/ManagementFactory$PlatformMBeanFinder
instanceKlass com/sun/jmx/mbeanserver/JmxMBeanServer$3
instanceKlass javax/management/ObjectInstance
instanceKlass sun/util/calendar/CalendarSystem$GregorianHolder
instanceKlass sun/util/calendar/CalendarSystem
instanceKlass java/util/Date
instanceKlass java/util/EventObject
instanceKlass com/sun/jmx/mbeanserver/NamedObject
instanceKlass com/sun/jmx/interceptor/DefaultMBeanServerInterceptor$ResourceContext$1
instanceKlass com/sun/jmx/interceptor/DefaultMBeanServerInterceptor$ResourceContext
instanceKlass com/sun/jmx/mbeanserver/Repository$RegistrationContext
instanceKlass com/sun/jmx/mbeanserver/DynamicMBean2
instanceKlass com/sun/jmx/defaults/JmxProperties
instanceKlass com/sun/jmx/mbeanserver/Introspector
instanceKlass com/sun/jmx/mbeanserver/JmxMBeanServer$2
instanceKlass com/sun/jmx/interceptor/DefaultMBeanServerInterceptor
instanceKlass com/sun/jmx/interceptor/MBeanServerInterceptor
instanceKlass java/util/concurrent/locks/ReentrantReadWriteLock$WriteLock
instanceKlass java/util/concurrent/locks/ReentrantReadWriteLock$ReadLock
instanceKlass java/util/concurrent/locks/ReentrantReadWriteLock
instanceKlass java/util/concurrent/locks/ReadWriteLock
instanceKlass com/sun/jmx/mbeanserver/Repository
instanceKlass com/sun/jmx/mbeanserver/JmxMBeanServer$1
instanceKlass com/sun/jmx/mbeanserver/SecureClassLoaderRepository
instanceKlass com/sun/jmx/mbeanserver/MBeanInstantiator
instanceKlass com/sun/jmx/mbeanserver/ClassLoaderRepositorySupport$LoaderEntry
instanceKlass com/sun/jmx/mbeanserver/ClassLoaderRepositorySupport
instanceKlass com/sun/jmx/mbeanserver/ModifiableClassLoaderRepository
instanceKlass javax/management/loading/ClassLoaderRepository
instanceKlass java/util/TreeMap$PrivateEntryIterator
instanceKlass javax/management/ImmutableDescriptor
instanceKlass javax/management/Descriptor
instanceKlass jdk/internal/logger/LoggerFinderLoader
instanceKlass  @bci java/lang/System$LoggerFinder accessProvider ()Ljava/lang/System$LoggerFinder; 8 <appendix> argL0 ; # java/lang/System$LoggerFinder$$Lambda+0x0000025641069688
instanceKlass jdk/internal/logger/LazyLoggers$LazyLoggerFactories
instanceKlass jdk/internal/logger/LazyLoggers$1
instanceKlass jdk/internal/logger/LazyLoggers
instanceKlass com/sun/jmx/remote/util/ClassLogger
instanceKlass javax/management/NotificationBroadcasterSupport$1
instanceKlass javax/management/NotificationBroadcasterSupport
instanceKlass java/util/ComparableTimSort
instanceKlass java/util/Arrays$LegacyMergeSort
instanceKlass javax/management/ObjectName$Property
instanceKlass javax/management/ObjectName
instanceKlass javax/management/QueryExp
instanceKlass com/sun/jmx/mbeanserver/Util
instanceKlass javax/management/MBeanInfo
instanceKlass javax/management/MBeanFeatureInfo
instanceKlass javax/management/DescriptorRead
instanceKlass javax/management/MBeanServerDelegate
instanceKlass javax/management/NotificationEmitter
instanceKlass javax/management/NotificationBroadcaster
instanceKlass javax/management/MBeanServerDelegateMBean
instanceKlass javax/management/MBeanRegistration
instanceKlass javax/management/DynamicMBean
instanceKlass com/sun/jmx/mbeanserver/JmxMBeanServer
instanceKlass com/sun/jmx/mbeanserver/SunJmxMBeanServer
instanceKlass javax/management/MBeanServer
instanceKlass javax/management/MBeanServerConnection
instanceKlass javax/management/MBeanServerBuilder
instanceKlass com/sun/jmx/mbeanserver/GetPropertyAction
instanceKlass javax/management/MBeanServerFactory
instanceKlass  @bci java/lang/management/ManagementFactory loadNativeLib ()V 0 <appendix> argL0 ; # java/lang/management/ManagementFactory$$Lambda+0x00000256410646b8
instanceKlass java/lang/management/ManagementFactory
instanceKlass org/eclipse/jetty/util/MemoryUtils
instanceKlass org/eclipse/jetty/util/thread/QueuedThreadPool$Runner
instanceKlass  @bci org/kohsuke/stapler/jelly/CustomJellyContext$CustomXMLParser createExpression (Ljava/lang/String;)Lorg/apache/commons/jelly/expression/Expression; 69 <appendix> form vmentry <vmtarget> ; # java/lang/invoke/LambdaForm$MH+0x0000025641019800
instanceKlass  @bci java/awt/Font toString ()Ljava/lang/String; 64 <appendix> argL5 form vmentry <vmtarget> ; # java/lang/invoke/LambdaForm$MH+0x0000025641019400
# instanceKlass java/lang/invoke/LambdaForm$MH+0x0000025641019000
# instanceKlass java/lang/invoke/LambdaForm$MH+0x0000025641018c00
instanceKlass  @bci org/kohsuke/stapler/MetaClass camelize (Ljava/lang/String;)Ljava/lang/String; 13 <appendix> argL1 argL0 form vmentry <vmtarget> ; # java/lang/invoke/LambdaForm$MH+0x0000025641018800
# instanceKlass java/lang/invoke/LambdaForm$MH+0x0000025641018400
instanceKlass org/eclipse/jetty/util/thread/AutoLock
instanceKlass  @bci org/eclipse/jetty/util/thread/QueuedThreadPool <clinit> ()V 8 <appendix> argL0 ; # org/eclipse/jetty/util/thread/QueuedThreadPool$$Lambda+0x0000025641016ea0
instanceKlass  @cpi hudson/BulkChange 96 form vmentry <vmtarget> ; # java/lang/invoke/LambdaForm$DMH+0x0000025641018000
instanceKlass org/eclipse/jetty/util/thread/TryExecutor$1
instanceKlass org/slf4j/spi/DefaultLoggingEventBuilder
instanceKlass org/slf4j/spi/CallerBoundaryAware
instanceKlass org/slf4j/helpers/SubstituteLogger
instanceKlass org/slf4j/spi/LoggingEventBuilder
instanceKlass org/slf4j/helpers/AbstractLogger
instanceKlass org/slf4j/spi/LocationAwareLogger
instanceKlass org/slf4j/helpers/Reporter
instanceKlass org/slf4j/jul/JDK14LoggerFactory
instanceKlass org/slf4j/MDC
instanceKlass org/slf4j/jul/JULServiceProvider
instanceKlass java/net/URLClassLoader$3$1
instanceKlass java/net/URLClassLoader$3
instanceKlass org/slf4j/helpers/Util
instanceKlass org/slf4j/helpers/NOPMDCAdapter
instanceKlass org/slf4j/helpers/NOPLoggerFactory
instanceKlass org/slf4j/helpers/NOP_FallbackServiceProvider
instanceKlass org/slf4j/helpers/ThreadLocalMapOfStacks
instanceKlass org/slf4j/helpers/BasicMDCAdapter
instanceKlass org/slf4j/Marker
instanceKlass org/slf4j/helpers/BasicMarkerFactory
instanceKlass java/util/concurrent/LinkedBlockingQueue$Node
instanceKlass org/slf4j/Logger
instanceKlass org/slf4j/helpers/SubstituteLoggerFactory
instanceKlass org/slf4j/spi/MDCAdapter
instanceKlass org/slf4j/IMarkerFactory
instanceKlass org/slf4j/ILoggerFactory
instanceKlass org/slf4j/helpers/SubstituteServiceProvider
instanceKlass org/slf4j/spi/SLF4JServiceProvider
instanceKlass org/slf4j/event/LoggingEvent
instanceKlass org/slf4j/LoggerFactory
instanceKlass java/util/concurrent/BlockingQueue
instanceKlass java/time/temporal/TemporalAccessor
instanceKlass org/eclipse/jetty/util/VirtualThreads$Configurable
instanceKlass org/eclipse/jetty/util/thread/TryExecutor
instanceKlass org/eclipse/jetty/util/thread/ThreadPool$SizedThreadPool
instanceKlass  @bci io/jenkins/lib/support_log_formatter/SupportLogFormatter <clinit> ()V 0 <appendix> argL0 ; # io/jenkins/lib/support_log_formatter/SupportLogFormatter$$Lambda+0x000002564100d9d8
instanceKlass java/text/Format
instanceKlass java/util/logging/LogManager$CloseOnReset
instanceKlass java/util/logging/StreamHandler$1
instanceKlass java/util/logging/Handler$1
instanceKlass java/util/logging/ErrorManager
instanceKlass jdk/internal/logger/SimpleConsoleLogger$Formatting
instanceKlass sun/util/logging/PlatformLogger
instanceKlass sun/util/logging/PlatformLogger$ConfigurableBridge$LoggerConfiguration
instanceKlass  @bci java/util/logging/SimpleFormatter <init> ()V 5 <appendix> argL0 ; # java/util/logging/SimpleFormatter$$Lambda+0x000002564105f7c8
instanceKlass jdk/internal/logger/DefaultLoggerFinder$1
instanceKlass java/util/logging/Logger$SystemLoggerHelper$1
instanceKlass java/util/logging/Logger$SystemLoggerHelper
instanceKlass java/util/logging/LogManager$4
instanceKlass jdk/internal/logger/BootstrapLogger$BootstrapExecutors
instanceKlass jdk/internal/logger/BootstrapLogger$RedirectedLoggers
instanceKlass java/util/ServiceLoader$ProviderImpl
instanceKlass java/util/ServiceLoader$1
instanceKlass java/util/concurrent/CopyOnWriteArrayList$COWIterator
instanceKlass jdk/internal/foreign/MemorySessionImpl
instanceKlass java/lang/foreign/MemorySegment$Scope
instanceKlass java/util/ServiceLoader$3
instanceKlass jdk/internal/logger/BootstrapLogger$DetectBackend$1
instanceKlass jdk/internal/logger/BootstrapLogger$DetectBackend
instanceKlass jdk/internal/logger/BootstrapLogger
instanceKlass sun/util/logging/PlatformLogger$ConfigurableBridge
instanceKlass sun/util/logging/PlatformLogger$Bridge
instanceKlass java/lang/System$Logger
instanceKlass  @bci java/util/logging/Level findLevel (Ljava/lang/String;)Ljava/util/logging/Level; 13 <appendix> argL0 ; # java/util/logging/Level$$Lambda+0x800000013
instanceKlass java/util/Hashtable$Enumerator
instanceKlass java/util/Collections$3
instanceKlass java/util/logging/LogManager$LoggerContext$1
instanceKlass java/util/logging/LogManager$VisitedLoggers
instanceKlass  @bci org/springframework/web/util/ServletRequestPathUtils <clinit> ()V 5 <appendix> form vmentry <vmtarget> ; # java/lang/invoke/LambdaForm$MH+0x000002564100cc00
instanceKlass java/util/logging/LogManager$2
instanceKlass java/lang/System$LoggerFinder
instanceKlass java/util/logging/LogManager$LoggingProviderAccess
instanceKlass sun/util/logging/internal/LoggingProviderImpl$LogManagerAccess
instanceKlass java/lang/ApplicationShutdownHooks$1
instanceKlass java/lang/ApplicationShutdownHooks
instanceKlass java/util/Collections$SynchronizedMap
instanceKlass java/util/logging/LogManager$LogNode
instanceKlass java/util/logging/LogManager$LoggerContext
instanceKlass java/util/logging/LogManager$1
instanceKlass java/util/logging/LogManager
instanceKlass java/util/logging/Logger$ConfigurationData
instanceKlass java/util/logging/Logger$LoggerBundle
instanceKlass java/util/logging/Logger
instanceKlass winstone/Logger
instanceKlass java/util/stream/Streams
instanceKlass java/util/stream/Stream$Builder
instanceKlass java/util/stream/Streams$AbstractStreamBuilderImpl
instanceKlass  @bci java/util/logging/Level$KnownLevel findByValue (ILjava/util/function/Function;)Ljava/util/Optional; 32 <appendix> argL0 ; # java/util/logging/Level$KnownLevel$$Lambda+0x000002564105e210
instanceKlass java/util/ArrayList$ArrayListSpliterator
instanceKlass  @bci java/util/logging/Level parse (Ljava/lang/String;)Ljava/util/logging/Level; 36 <appendix> argL0 ; # java/util/logging/Level$$Lambda+0x000002564105dfe0
instanceKlass  @bci java/util/stream/FindOps$FindSink$OfRef <clinit> ()V 43 <appendix> argL0 ; # java/util/stream/FindOps$FindSink$OfRef$$Lambda+0x80000004d
instanceKlass  @bci java/util/stream/FindOps$FindSink$OfRef <clinit> ()V 38 <appendix> argL0 ; # java/util/stream/FindOps$FindSink$OfRef$$Lambda+0x80000004f
instanceKlass  @bci java/util/stream/FindOps$FindSink$OfRef <clinit> ()V 16 <appendix> argL0 ; # java/util/stream/FindOps$FindSink$OfRef$$Lambda+0x80000004e
instanceKlass  @bci java/util/stream/FindOps$FindSink$OfRef <clinit> ()V 11 <appendix> argL0 ; # java/util/stream/FindOps$FindSink$OfRef$$Lambda+0x800000050
instanceKlass java/util/stream/FindOps$FindOp
instanceKlass java/util/stream/TerminalOp
instanceKlass java/util/stream/FindOps$FindSink
instanceKlass java/util/stream/TerminalSink
instanceKlass java/util/stream/FindOps
instanceKlass  @bci java/util/logging/Level$KnownLevel findByName (Ljava/lang/String;Ljava/util/function/Function;)Ljava/util/Optional; 29 <appendix> argL0 ; # java/util/logging/Level$KnownLevel$$Lambda+0x800000025
instanceKlass  @bci java/util/logging/Level parse (Ljava/lang/String;)Ljava/util/logging/Level; 6 <appendix> argL0 ; # java/util/logging/Level$$Lambda+0x000002564105ddb0
instanceKlass  @bci java/util/logging/Level$KnownLevel add (Ljava/util/logging/Level;)V 49 <appendix> argL0 ; # java/util/logging/Level$KnownLevel$$Lambda+0x800000024
instanceKlass  @bci java/util/logging/Level$KnownLevel add (Ljava/util/logging/Level;)V 19 <appendix> argL0 ; # java/util/logging/Level$KnownLevel$$Lambda+0x800000023
instanceKlass java/util/logging/Level
instanceKlass org/eclipse/jetty/security/LoginService
instanceKlass winstone/cmdline/Option
instanceKlass winstone/cmdline/CmdLineParser
# instanceKlass java/lang/invoke/LambdaForm$MH+0x000002564100c800
# instanceKlass java/lang/invoke/LambdaForm$MH+0x000002564100c400
# instanceKlass java/lang/invoke/LambdaForm$MH+0x000002564100c000
instanceKlass  @cpi jenkins/util/PluginLabelUtil 152 form vmentry <vmtarget> ; # java/lang/invoke/LambdaForm$DMH+0x000002564100bc00
instanceKlass java/util/UUID$Holder
instanceKlass java/util/UUID
instanceKlass  @bci executable/Main main ([Ljava/lang/String;)V 671 <appendix> argL0 ; # executable/Main$$Lambda+0x0000025641001438
instanceKlass winstone/WinstoneSession
instanceKlass  @bci jdk/internal/reflect/MethodHandleObjectFieldAccessorImpl set (Ljava/lang/Object;Ljava/lang/Object;)V 29 <adapter> ; # java/lang/invoke/LambdaForm$MH+0x000002564100b800
# instanceKlass java/lang/invoke/LambdaForm$MH+0x000002564100b400
instanceKlass  @cpi org/eclipse/jetty/io/SelectableChannelEndPoint 312 form vmentry <vmtarget> ; # java/lang/invoke/LambdaForm$DMH+0x000002564100b000
# instanceKlass java/lang/invoke/LambdaForm$MH+0x000002564100ac00
# instanceKlass java/lang/invoke/LambdaForm$MH+0x000002564100a800
instanceKlass java/io/Reader
instanceKlass java/net/URLClassLoader$2
instanceKlass java/util/ResourceBundle$Control$2
instanceKlass sun/util/resources/Bundles
instanceKlass java/util/ResourceBundle$CacheKeyReference
instanceKlass java/util/ResourceBundle$CacheKey
instanceKlass  @bci java/util/ResourceBundle getLoader (Ljava/lang/Module;)Ljava/lang/ClassLoader; 6 <appendix> member <vmtarget> ; # java/util/ResourceBundle$$Lambda+0x000002564105b3b0
instanceKlass java/util/ResourceBundle$Control
instanceKlass java/util/stream/Sink$ChainedReference
instanceKlass java/util/stream/AbstractSpinedBuffer
instanceKlass java/util/stream/Node$Builder
instanceKlass java/util/stream/Sink
instanceKlass java/util/stream/Node$OfDouble
instanceKlass java/util/stream/Node$OfLong
instanceKlass java/util/stream/Node$OfInt
instanceKlass java/util/stream/Node$OfPrimitive
instanceKlass java/util/stream/Nodes$EmptyNode
instanceKlass java/util/stream/Node
instanceKlass java/util/stream/Nodes
instanceKlass  @bci java/util/stream/ReferencePipeline toArray ()[Ljava/lang/Object; 1 <appendix> argL0 ; # java/util/stream/ReferencePipeline$$Lambda+0x000002564105a910
instanceKlass java/util/function/IntFunction
instanceKlass java/util/ImmutableCollections$Access$1
instanceKlass jdk/internal/access/JavaUtilCollectionAccess
instanceKlass java/util/ImmutableCollections$Access
instanceKlass  @bci java/util/ResourceBundle$ResourceBundleControlProviderHolder lambda$static$0 ()Ljava/util/List; 11 <appendix> argL0 ; # java/util/ResourceBundle$ResourceBundleControlProviderHolder$$Lambda+0x000002564105a0d0
instanceKlass  @cpi jenkins/security/csp/CspBuilder 461 form vmentry <vmtarget> ; # java/lang/invoke/LambdaForm$DMH+0x000002564100a400
instanceKlass java/util/ServiceLoader$Provider
instanceKlass java/util/ServiceLoader$ProviderSpliterator
instanceKlass java/util/ServiceLoader$2
instanceKlass java/util/ServiceLoader$LazyClassPathLookupIterator
instanceKlass java/util/Spliterators$1Adapter
# instanceKlass java/lang/invoke/LambdaForm$MH+0x000002564100a000
instanceKlass sun/reflect/annotation/AnnotationParser
instanceKlass java/lang/Class$3
instanceKlass java/util/EnumMap$1
instanceKlass java/util/stream/StreamOpFlag$MaskBuilder
instanceKlass java/util/stream/Stream
instanceKlass java/util/stream/BaseStream
instanceKlass java/util/stream/PipelineHelper
instanceKlass java/util/stream/StreamSupport
instanceKlass java/util/Spliterators$ArraySpliterator
instanceKlass java/util/Spliterator$OfDouble
instanceKlass java/util/Spliterator$OfLong
instanceKlass java/util/Spliterator$OfInt
instanceKlass java/util/Spliterator$OfPrimitive
instanceKlass java/util/Spliterator
instanceKlass java/util/Spliterators$EmptySpliterator
instanceKlass java/util/Spliterators
instanceKlass java/util/ServiceLoader$ModuleServicesLookupIterator
instanceKlass java/util/ServiceLoader
instanceKlass java/util/spi/ResourceBundleControlProvider
instanceKlass  @bci java/util/ResourceBundle$ResourceBundleControlProviderHolder <clinit> ()V 0 <appendix> argL0 ; # java/util/ResourceBundle$ResourceBundleControlProviderHolder$$Lambda+0x0000025641059a40
instanceKlass java/util/ResourceBundle$ResourceBundleControlProviderHolder
instanceKlass java/util/ResourceBundle$1
instanceKlass jdk/internal/access/JavaUtilResourceBundleAccess
instanceKlass java/util/ResourceBundle
instanceKlass  @bci org/jenkins/ui/symbol/Symbol loadSymbol (Ljava/lang/String;Ljava/lang/String;)Ljava/lang/String; 14 <appendix> form vmentry <vmtarget> ; # java/lang/invoke/LambdaForm$MH+0x0000025641009c00
# instanceKlass java/lang/invoke/LambdaForm$MH+0x0000025641009800
instanceKlass  @bci org/jenkins/ui/symbol/Symbol loadSymbol (Ljava/lang/String;Ljava/lang/String;)Ljava/lang/String; 14 <appendix> argL3 form vmentry <vmtarget> ; # java/lang/invoke/LambdaForm$MH+0x0000025641009400
instanceKlass java/lang/invoke/MethodHandles$1
instanceKlass java/lang/Long$LongCache
# instanceKlass java/lang/invoke/LambdaForm$MH+0x0000025641009000
instanceKlass  @bci org/jenkins/ui/symbol/Symbol loadSymbol (Ljava/lang/String;Ljava/lang/String;)Ljava/lang/String; 14 <appendix> argL2 form vmentry <vmtarget> ; # java/lang/invoke/LambdaForm$MH+0x0000025641008c00
# instanceKlass java/lang/invoke/LambdaForm$MH+0x0000025641008800
instanceKlass  @bci org/bouncycastle/asn1/ASN1ObjectIdentifier branch (Ljava/lang/String;)Lorg/bouncycastle/asn1/ASN1ObjectIdentifier; 102 <appendix> argL1 argL0 form vmentry <vmtarget> ; # java/lang/invoke/LambdaForm$MH+0x0000025641008400
# instanceKlass java/lang/invoke/LambdaForm$MH+0x0000025641008000
instanceKlass jdk/internal/loader/URLClassPath$1
instanceKlass java/lang/CompoundEnumeration
instanceKlass jdk/internal/loader/BuiltinClassLoader$1
instanceKlass java/util/Collections$EmptyEnumeration
instanceKlass org/eclipse/jetty/util/component/AbstractLifeCycle
instanceKlass org/eclipse/jetty/util/component/Dumpable$DumpableContainer
instanceKlass org/eclipse/jetty/util/component/Dumpable
instanceKlass org/eclipse/jetty/util/component/Container
instanceKlass org/eclipse/jetty/server/Handler$Singleton
instanceKlass org/eclipse/jetty/server/Handler$Container
instanceKlass org/eclipse/jetty/server/Handler
instanceKlass org/eclipse/jetty/server/Request$Handler
instanceKlass org/eclipse/jetty/util/thread/Invocable
instanceKlass org/eclipse/jetty/util/component/Destroyable
instanceKlass org/eclipse/jetty/util/component/LifeCycle
instanceKlass org/eclipse/jetty/util/Attributes
instanceKlass winstone/WinstoneResourceBundle
instanceKlass java/util/logging/Formatter
instanceKlass org/eclipse/jetty/util/thread/ThreadPool
instanceKlass java/util/concurrent/Executor
instanceKlass java/util/logging/Handler
instanceKlass winstone/Launcher
instanceKlass  @bci java/io/FilePermissionCollection add (Ljava/security/Permission;)V 68 <appendix> argL0 ; # java/io/FilePermissionCollection$$Lambda+0x00000256410583f8
instanceKlass sun/security/util/SecurityProperties
instanceKlass sun/security/util/FilePermCompat
instanceKlass java/io/FilePermission$1
instanceKlass jdk/internal/access/JavaIOFilePermissionAccess
instanceKlass java/net/URLClassLoader$1
instanceKlass java/lang/Shutdown$Lock
instanceKlass java/lang/Shutdown
instanceKlass java/io/DeleteOnExitHook$1
instanceKlass java/io/DeleteOnExitHook
instanceKlass java/io/FileOutputStream$1
instanceKlass sun/security/provider/AbstractDrbg$NonceProvider
instanceKlass  @bci sun/security/provider/AbstractDrbg$SeederHolder <clinit> ()V 42 <appendix> member <vmtarget> ; # sun/security/provider/AbstractDrbg$SeederHolder$$Lambda+0x0000025641055f40
instanceKlass  @cpi sun/security/provider/AbstractDrbg$SeederHolder 91 form vmentry <vmtarget> ; # java/lang/invoke/LambdaForm$DMH+0x0000025641002c00
# instanceKlass java/lang/invoke/LambdaForm$DMH+0x0000025641002800
instanceKlass sun/nio/fs/BasicFileAttributesHolder
instanceKlass sun/nio/fs/WindowsDirectoryStream$WindowsDirectoryIterator
instanceKlass sun/nio/fs/WindowsDirectoryStream
instanceKlass java/nio/file/DirectoryStream
instanceKlass java/nio/file/Files$AcceptAllFilter
instanceKlass java/nio/file/DirectoryStream$Filter
instanceKlass java/net/NetworkInterface$1
instanceKlass java/net/DefaultInterface
instanceKlass java/net/Inet6Address$Inet6AddressHolder
instanceKlass java/net/InetAddress$PlatformResolver
instanceKlass java/net/spi/InetAddressResolver
instanceKlass java/net/spi/InetAddressResolver$LookupPolicy
instanceKlass java/net/Inet4AddressImpl
instanceKlass java/net/Inet6AddressImpl
instanceKlass java/net/InetAddressImpl
instanceKlass java/util/concurrent/ConcurrentSkipListMap$Node
instanceKlass java/util/concurrent/ConcurrentSkipListMap$Index
instanceKlass java/util/concurrent/ConcurrentNavigableMap
instanceKlass java/net/InetAddress$InetAddressHolder
instanceKlass java/net/InetAddress$1
instanceKlass jdk/internal/access/JavaNetInetAddressAccess
instanceKlass java/net/InetAddress
instanceKlass java/net/InterfaceAddress
instanceKlass java/net/NetworkInterface
instanceKlass java/lang/invoke/VarHandle$AccessDescriptor
instanceKlass java/lang/invoke/VarForm
instanceKlass java/lang/invoke/VarHandleGuards
instanceKlass java/lang/ClassValue$Version
instanceKlass java/lang/ClassValue$Identity
instanceKlass java/lang/ClassValue
instanceKlass java/lang/invoke/VarHandles
instanceKlass sun/security/provider/ByteArrayAccess$BE
instanceKlass sun/security/provider/ByteArrayAccess
instanceKlass java/util/Collections$UnmodifiableCollection$1
instanceKlass java/util/Collections$UnmodifiableCollection
instanceKlass java/util/Collections$SynchronizedCollection
instanceKlass java/util/Properties$EntrySet
instanceKlass sun/security/provider/SeedGenerator$1
instanceKlass sun/security/util/MessageDigestSpi2
instanceKlass sun/security/jca/GetInstance$Instance
instanceKlass sun/security/jca/GetInstance
instanceKlass java/security/MessageDigestSpi
instanceKlass sun/security/provider/SeedGenerator
instanceKlass sun/security/provider/AbstractDrbg$SeederHolder
instanceKlass java/security/DrbgParameters$NextBytes
instanceKlass  @bci sun/security/provider/AbstractDrbg <clinit> ()V 12 <appendix> argL0 ; # sun/security/provider/AbstractDrbg$$Lambda+0x0000025641051ec0
instanceKlass  @cpi sun/security/provider/AbstractDrbg 383 form vmentry <vmtarget> ; # java/lang/invoke/LambdaForm$DMH+0x0000025641002400
# instanceKlass java/lang/invoke/LambdaForm$DMH+0x0000025641002000
instanceKlass sun/security/provider/EntropySource
instanceKlass sun/security/provider/AbstractDrbg
instanceKlass java/security/DrbgParameters$Instantiation
instanceKlass java/security/DrbgParameters
instanceKlass sun/security/provider/MoreDrbgParameters
instanceKlass  @bci sun/security/provider/DRBG <init> (Ljava/security/SecureRandomParameters;)V 26 <appendix> argL0 ; # sun/security/provider/DRBG$$Lambda+0x0000025641050a00
# instanceKlass java/lang/invoke/LambdaForm$MH+0x0000025641001c00
instanceKlass jdk/internal/reflect/MethodHandleAccessorFactory$LazyStaticHolder
instanceKlass java/security/SecureRandomSpi
instanceKlass java/security/SecureRandomParameters
instanceKlass jdk/internal/event/Event
instanceKlass java/util/Collections$EmptyIterator
instanceKlass java/util/LinkedHashMap$LinkedHashIterator
instanceKlass sun/security/util/SecurityProviderConstants
instanceKlass java/security/Provider$UString
instanceKlass java/security/Provider$Service
instanceKlass sun/security/provider/NativePRNG$NonBlocking
instanceKlass sun/security/provider/NativePRNG$Blocking
instanceKlass sun/security/provider/NativePRNG
instanceKlass sun/security/provider/SunEntries$1
instanceKlass sun/security/provider/SunEntries
instanceKlass sun/security/util/SecurityConstants
instanceKlass java/util/AbstractList$Itr
instanceKlass java/security/Security$1
instanceKlass jdk/internal/access/JavaSecurityPropertiesAccess
instanceKlass java/util/concurrent/ConcurrentHashMap$MapEntry
instanceKlass java/io/FileInputStream$1
instanceKlass java/util/Properties$LineReader
instanceKlass  @bci java/security/Security <clinit> ()V 9 <appendix> argL0 ; # java/security/Security$$Lambda+0x80000000b
instanceKlass java/security/Security
instanceKlass sun/security/jca/ProviderList$2
instanceKlass jdk/internal/math/FloatingDecimal$ASCIIToBinaryBuffer
instanceKlass jdk/internal/math/FloatingDecimal$PreparedASCIIToBinaryBuffer
instanceKlass jdk/internal/math/FloatingDecimal$ASCIIToBinaryConverter
instanceKlass jdk/internal/math/FloatingDecimal$BinaryToASCIIBuffer
instanceKlass jdk/internal/math/FloatingDecimal$ExceptionalBinaryToASCIIBuffer
instanceKlass jdk/internal/math/FloatingDecimal$BinaryToASCIIConverter
instanceKlass jdk/internal/math/FloatingDecimal
instanceKlass java/security/Provider$EngineDescription
instanceKlass java/security/Provider$ServiceKey
instanceKlass sun/security/jca/ProviderConfig
instanceKlass sun/security/jca/ProviderList
instanceKlass sun/security/jca/Providers
instanceKlass java/util/Random
instanceKlass java/util/random/RandomGenerator
instanceKlass java/io/File$TempDirectory
instanceKlass  @bci executable/Main trimOffOurOptions (Ljava/util/List;)V 1 <appendix> argL0 ; # executable/Main$$Lambda+0x00000256410011f8
instanceKlass java/nio/charset/CoderResult
instanceKlass java/lang/Readable
instanceKlass  @bci org/kohsuke/stapler/jelly/ResourceBundle toStrings (Ljava/util/Locale;)[Ljava/lang/String; 30 <appendix> form vmentry <vmtarget> ; # java/lang/invoke/LambdaForm$MH+0x0000025641001800
instanceKlass sun/net/www/MessageHeader
instanceKlass sun/net/www/protocol/jar/JarFileFactory
instanceKlass sun/net/www/protocol/jar/URLJarFile$URLJarFileCloseController
instanceKlass java/net/URLConnection
instanceKlass jdk/internal/jimage/ImageLocation
instanceKlass jdk/internal/jimage/decompressor/Decompressor
instanceKlass jdk/internal/jimage/ImageStringsReader
instanceKlass jdk/internal/jimage/ImageStrings
instanceKlass jdk/internal/jimage/ImageHeader
instanceKlass jdk/internal/jimage/NativeImageBuffer$1
instanceKlass jdk/internal/jimage/NativeImageBuffer
instanceKlass jdk/internal/jimage/BasicImageReader$1
instanceKlass jdk/internal/jimage/BasicImageReader
instanceKlass jdk/internal/jimage/ImageReader
instanceKlass jdk/internal/jimage/ImageReaderFactory$1
instanceKlass java/net/URI$Parser
instanceKlass java/nio/file/FileSystems$DefaultFileSystemHolder$1
instanceKlass java/nio/file/FileSystems$DefaultFileSystemHolder
instanceKlass java/nio/file/FileSystems
instanceKlass java/nio/file/Paths
instanceKlass jdk/internal/jimage/ImageReaderFactory
instanceKlass jdk/internal/module/SystemModuleFinders$SystemImage
instanceKlass jdk/internal/module/SystemModuleFinders$SystemModuleReader
instanceKlass java/lang/module/ModuleReader
instanceKlass jdk/internal/loader/BuiltinClassLoader$5
instanceKlass jdk/internal/loader/BuiltinClassLoader$2
instanceKlass jdk/internal/module/Resources
instanceKlass java/lang/ProcessEnvironment$CheckedEntry
instanceKlass java/lang/ProcessEnvironment$CheckedEntrySet$1
instanceKlass java/lang/ProcessEnvironment$EntryComparator
instanceKlass java/lang/ProcessEnvironment$NameComparator
instanceKlass java/util/TreeMap$Entry
instanceKlass java/util/NavigableMap
instanceKlass java/util/SortedMap
instanceKlass java/lang/PublicMethods$Key
instanceKlass java/lang/PublicMethods$MethodList
instanceKlass java/util/NavigableSet
instanceKlass java/util/SortedSet
instanceKlass java/util/SequencedSet
instanceKlass jdk/internal/misc/PreviewFeatures
instanceKlass jdk/internal/misc/MainMethodFinder
instanceKlass executable/Main
instanceKlass java/security/SecureClassLoader$DebugHolder
instanceKlass java/security/Permission
instanceKlass java/security/Guard
instanceKlass java/security/PermissionCollection
instanceKlass java/security/SecureClassLoader$1
instanceKlass java/util/zip/Checksum$1
instanceKlass java/util/zip/CRC32
instanceKlass java/util/zip/Checksum
instanceKlass sun/nio/ByteBuffered
instanceKlass java/lang/Package$VersionInfo
instanceKlass java/lang/NamedPackage
instanceKlass jdk/internal/loader/Resource
instanceKlass jdk/internal/loader/FileURLMapper
instanceKlass jdk/internal/loader/URLClassPath$JarLoader$1
instanceKlass jdk/internal/loader/URLClassPath$Loader
instanceKlass jdk/internal/loader/URLClassPath$3
instanceKlass java/security/PrivilegedExceptionAction
instanceKlass sun/net/util/URLUtil
instanceKlass java/io/RandomAccessFile$1
instanceKlass  @bci java/lang/WeakPairMap computeIfAbsent (Ljava/lang/Object;Ljava/lang/Object;Ljava/util/function/BiFunction;)Ljava/lang/Object; 18 <appendix> member <vmtarget> ; # java/lang/WeakPairMap$$Lambda+0x0000025641042e88
instanceKlass  @bci sun/security/util/ManifestDigester <init> ([B)V 350 <appendix> form vmentry <vmtarget> ; # java/lang/invoke/LambdaForm$MH+0x0000025641000c00
instanceKlass java/lang/invoke/LambdaFormBuffer
instanceKlass java/lang/invoke/LambdaFormEditor$TransformKey
instanceKlass java/lang/invoke/LambdaFormEditor
instanceKlass java/lang/invoke/DelegatingMethodHandle$Holder
instanceKlass java/lang/invoke/DirectMethodHandle$2
instanceKlass java/lang/invoke/ClassSpecializer$Factory
instanceKlass java/lang/invoke/ClassSpecializer$SpeciesData
instanceKlass java/lang/invoke/ClassSpecializer$1
instanceKlass java/lang/invoke/ClassSpecializer
instanceKlass  @bci java/lang/Module implAddExportsOrOpens (Ljava/lang/String;Ljava/lang/Module;ZZ)V 145 <appendix> argL0 ; # java/lang/Module$$Lambda+0x0000025641042570
instanceKlass java/lang/WeakPairMap$Pair$Lookup
instanceKlass java/lang/WeakPairMap$Pair
instanceKlass java/lang/WeakPairMap
instanceKlass java/lang/Module$ReflectionData
instanceKlass  @bci sun/launcher/LauncherHelper addExportsOrOpens (Ljava/lang/String;Z)V 79 <appendix> form vmentry <vmtarget> ; # java/lang/invoke/LambdaForm$DMH+0x0000025641000800
instanceKlass  @bci sun/launcher/LauncherHelper addExportsOrOpens (Ljava/lang/String;Z)V 79 <appendix> member <vmtarget> ; # sun/launcher/LauncherHelper$$Lambda+0x0000025641042348
instanceKlass  @cpi sun/launcher/LauncherHelper 1431 form vmentry <vmtarget> ; # java/lang/invoke/LambdaForm$DMH+0x0000025641000400
instanceKlass java/util/ArrayList$Itr
instanceKlass java/lang/invoke/InvokerBytecodeGenerator$ClassData
instanceKlass jdk/internal/org/objectweb/asm/Frame
instanceKlass java/util/function/Consumer
instanceKlass sun/invoke/empty/Empty
instanceKlass sun/invoke/util/VerifyType
instanceKlass  @bci sun/launcher/LauncherHelper addExportsOrOpens (Ljava/lang/String;Z)V 68 <appendix> member <vmtarget> ; # sun/launcher/LauncherHelper$$Lambda+0x0000025641042100
instanceKlass java/lang/invoke/MethodHandles$Lookup$ClassDefiner
instanceKlass java/lang/invoke/MethodHandles$Lookup$ClassFile
instanceKlass jdk/internal/org/objectweb/asm/Handler
instanceKlass jdk/internal/org/objectweb/asm/AnnotationVisitor
instanceKlass jdk/internal/org/objectweb/asm/Attribute
instanceKlass jdk/internal/org/objectweb/asm/Label
instanceKlass jdk/internal/org/objectweb/asm/MethodVisitor
instanceKlass jdk/internal/org/objectweb/asm/FieldVisitor
instanceKlass java/lang/invoke/LambdaProxyClassArchive
instanceKlass jdk/internal/org/objectweb/asm/ByteVector
instanceKlass jdk/internal/org/objectweb/asm/Symbol
instanceKlass jdk/internal/org/objectweb/asm/SymbolTable
instanceKlass jdk/internal/org/objectweb/asm/ClassVisitor
instanceKlass java/lang/invoke/InfoFromMemberName
instanceKlass java/lang/invoke/MethodHandleInfo
instanceKlass jdk/internal/org/objectweb/asm/ConstantDynamic
instanceKlass sun/invoke/util/BytecodeDescriptor
instanceKlass jdk/internal/org/objectweb/asm/Handle
instanceKlass sun/security/action/GetBooleanAction
instanceKlass jdk/internal/org/objectweb/asm/Type
instanceKlass java/lang/invoke/AbstractValidatingLambdaMetafactory
instanceKlass java/lang/invoke/MethodHandleImpl$1
instanceKlass jdk/internal/access/JavaLangInvokeAccess
instanceKlass java/lang/invoke/Invokers$Holder
instanceKlass java/lang/invoke/BootstrapMethodInvoker
instanceKlass java/util/function/Predicate
instanceKlass java/lang/invoke/InvokerBytecodeGenerator$1
instanceKlass java/lang/invoke/InvokerBytecodeGenerator
instanceKlass java/lang/invoke/LambdaForm$Holder
instanceKlass java/lang/invoke/LambdaForm$Name
instanceKlass java/lang/invoke/Invokers
instanceKlass java/lang/invoke/MethodHandleImpl
instanceKlass sun/invoke/util/ValueConversions
instanceKlass java/lang/invoke/DirectMethodHandle$Holder
instanceKlass java/lang/invoke/LambdaForm$NamedFunction
instanceKlass sun/invoke/util/Wrapper$Format
instanceKlass java/lang/invoke/MethodTypeForm
instanceKlass java/lang/Void
instanceKlass java/lang/invoke/MethodType$ConcurrentWeakInternSet
instanceKlass java/lang/invoke/LambdaMetafactory
instanceKlass java/lang/reflect/Array
instanceKlass java/util/jar/Attributes$Name
instanceKlass java/util/SequencedMap
instanceKlass java/util/jar/Attributes
instanceKlass java/util/jar/JarVerifier
instanceKlass sun/security/action/GetIntegerAction
instanceKlass sun/security/util/Debug
instanceKlass sun/security/util/SignatureFileVerifier
instanceKlass java/util/zip/ZipFile$InflaterCleanupAction
instanceKlass java/util/zip/Inflater$InflaterZStreamRef
instanceKlass java/util/zip/Inflater
instanceKlass java/util/zip/ZipEntry
instanceKlass java/util/zip/ZipFile$2
instanceKlass java/nio/Bits$1
instanceKlass jdk/internal/misc/VM$BufferPool
instanceKlass java/nio/Bits
instanceKlass sun/nio/ch/DirectBuffer
instanceKlass jdk/internal/perf/PerfCounter$CoreCounters
instanceKlass jdk/internal/perf/Perf
instanceKlass jdk/internal/perf/Perf$GetPerfAction
instanceKlass jdk/internal/perf/PerfCounter
instanceKlass sun/util/locale/LocaleObjectCache
instanceKlass sun/util/locale/BaseLocale$Key
instanceKlass sun/util/locale/LocaleUtils
instanceKlass sun/util/locale/BaseLocale
instanceKlass java/util/Locale
instanceKlass java/nio/file/attribute/FileTime
instanceKlass java/util/zip/ZipUtils
instanceKlass java/util/zip/ZipFile$Source$End
instanceKlass java/io/RandomAccessFile$2
instanceKlass jdk/internal/access/JavaIORandomAccessFileAccess
instanceKlass java/io/RandomAccessFile
instanceKlass java/io/DataInput
instanceKlass java/io/DataOutput
instanceKlass sun/nio/fs/WindowsNativeDispatcher$CompletionStatus
instanceKlass sun/nio/fs/WindowsNativeDispatcher$AclInformation
instanceKlass sun/nio/fs/WindowsNativeDispatcher$Account
instanceKlass sun/nio/fs/WindowsNativeDispatcher$DiskFreeSpace
instanceKlass sun/nio/fs/WindowsNativeDispatcher$VolumeInformation
instanceKlass sun/nio/fs/WindowsNativeDispatcher$FirstStream
instanceKlass sun/nio/fs/WindowsNativeDispatcher$FirstFile
instanceKlass java/util/Enumeration
instanceKlass java/util/concurrent/ConcurrentHashMap$Traverser
instanceKlass jdk/internal/loader/NativeLibraries$3
instanceKlass jdk/internal/loader/NativeLibrary
instanceKlass java/util/ArrayDeque$DeqIterator
instanceKlass jdk/internal/loader/NativeLibraries$NativeLibraryContext$1
instanceKlass jdk/internal/loader/NativeLibraries$NativeLibraryContext
instanceKlass jdk/internal/loader/NativeLibraries$2
instanceKlass jdk/internal/loader/NativeLibraries$1
instanceKlass jdk/internal/loader/NativeLibraries$LibraryPaths
instanceKlass sun/nio/fs/WindowsNativeDispatcher
instanceKlass sun/nio/fs/NativeBuffer$Deallocator
instanceKlass sun/nio/fs/NativeBuffer
instanceKlass java/lang/ThreadLocal$ThreadLocalMap
instanceKlass java/lang/ThreadLocal
instanceKlass sun/nio/fs/NativeBuffers
instanceKlass sun/nio/fs/WindowsFileAttributes
instanceKlass java/nio/file/attribute/DosFileAttributes
instanceKlass sun/nio/fs/AbstractBasicFileAttributeView
instanceKlass sun/nio/fs/DynamicFileAttributeView
instanceKlass sun/nio/fs/WindowsFileAttributeViews
instanceKlass sun/nio/fs/Util
instanceKlass java/nio/file/attribute/BasicFileAttributeView
instanceKlass java/nio/file/attribute/FileAttributeView
instanceKlass java/nio/file/attribute/AttributeView
instanceKlass java/util/concurrent/ForkJoinPool$ManagedBlocker
instanceKlass java/util/concurrent/locks/AbstractQueuedSynchronizer$Node
instanceKlass java/nio/file/Files
instanceKlass java/nio/file/CopyOption
instanceKlass java/nio/file/attribute/BasicFileAttributes
instanceKlass sun/nio/fs/WindowsPath
instanceKlass java/nio/file/Path
instanceKlass java/nio/file/Watchable
instanceKlass java/util/zip/ZipFile$Source$Key
instanceKlass sun/nio/fs/WindowsPathParser$Result
instanceKlass sun/nio/fs/WindowsPathParser
instanceKlass java/nio/file/FileSystem
instanceKlass java/nio/file/OpenOption
instanceKlass java/nio/file/spi/FileSystemProvider
instanceKlass sun/nio/fs/DefaultFileSystemProvider
instanceKlass java/util/zip/ZipFile$Source
instanceKlass java/lang/ref/Cleaner$Cleanable
instanceKlass jdk/internal/ref/CleanerImpl
instanceKlass java/lang/ref/Cleaner$1
instanceKlass java/lang/ref/Cleaner
instanceKlass jdk/internal/ref/CleanerFactory$1
instanceKlass java/util/concurrent/ThreadFactory
instanceKlass jdk/internal/ref/CleanerFactory
instanceKlass java/util/zip/ZipCoder
instanceKlass java/util/zip/ZipFile$CleanableResource
instanceKlass java/lang/Runtime$Version
instanceKlass java/util/jar/JavaUtilJarAccessImpl
instanceKlass jdk/internal/access/JavaUtilJarAccess
instanceKlass java/util/zip/ZipFile$1
instanceKlass jdk/internal/access/JavaUtilZipFileAccess
instanceKlass java/util/zip/ZipFile
instanceKlass java/util/zip/ZipConstants
instanceKlass java/lang/StringCoding
instanceKlass sun/nio/cs/MS1252$Holder
instanceKlass sun/nio/cs/ArrayDecoder
instanceKlass java/nio/charset/CharsetDecoder
instanceKlass sun/launcher/LauncherHelper
instanceKlass jdk/internal/vm/PostVMInitHook$1
instanceKlass jdk/internal/util/EnvUtils
instanceKlass jdk/internal/vm/PostVMInitHook$2
instanceKlass jdk/internal/vm/PostVMInitHook
instanceKlass java/lang/invoke/StringConcatFactory
instanceKlass java/lang/ModuleLayer$Controller
instanceKlass java/util/concurrent/CopyOnWriteArrayList
instanceKlass jdk/internal/module/ServicesCatalog$ServiceProvider
instanceKlass jdk/internal/loader/AbstractClassLoaderValue$Memoizer
instanceKlass java/util/ImmutableCollections$ListItr
instanceKlass java/util/ListIterator
instanceKlass java/lang/ModuleLayer
instanceKlass jdk/internal/module/ModuleLoaderMap$Modules
instanceKlass jdk/internal/module/ModuleLoaderMap$Mapper
instanceKlass jdk/internal/module/ModuleLoaderMap
instanceKlass java/util/AbstractMap$1$1
instanceKlass java/lang/module/ResolvedModule
instanceKlass java/lang/module/Configuration
instanceKlass jdk/internal/loader/BuiltinClassLoader$LoadedModule
instanceKlass jdk/internal/loader/AbstractClassLoaderValue
instanceKlass jdk/internal/module/ServicesCatalog
instanceKlass java/util/Deque
instanceKlass java/util/Queue
instanceKlass sun/net/util/IPAddressUtil$MASKS
instanceKlass sun/net/util/IPAddressUtil
instanceKlass java/net/URLStreamHandler
instanceKlass sun/net/www/ParseUtil
instanceKlass java/net/URL$3
instanceKlass jdk/internal/access/JavaNetURLAccess
instanceKlass java/net/URL$DefaultFactory
instanceKlass java/net/URLStreamHandlerFactory
instanceKlass jdk/internal/loader/URLClassPath
instanceKlass java/security/Principal
instanceKlass java/security/ProtectionDomain$Key
instanceKlass java/security/ProtectionDomain$JavaSecurityAccessImpl
instanceKlass jdk/internal/access/JavaSecurityAccess
instanceKlass java/lang/ClassLoader$ParallelLoaders
instanceKlass java/security/cert/Certificate
instanceKlass jdk/internal/loader/ArchivedClassLoaders
instanceKlass java/util/concurrent/ConcurrentHashMap$CollectionView
instanceKlass jdk/internal/loader/ClassLoaderHelper
instanceKlass jdk/internal/loader/NativeLibraries
instanceKlass java/lang/Module$EnableNativeAccess
instanceKlass jdk/internal/loader/BootLoader
instanceKlass java/util/Optional
instanceKlass jdk/internal/module/SystemModuleFinders$SystemModuleFinder
instanceKlass java/lang/module/ModuleFinder
instanceKlass jdk/internal/module/SystemModuleFinders$3
instanceKlass jdk/internal/module/ModuleHashes$HashSupplier
instanceKlass jdk/internal/module/SystemModuleFinders$2
instanceKlass java/util/function/Supplier
instanceKlass java/lang/module/ModuleReference
instanceKlass jdk/internal/module/ModuleResolution
instanceKlass java/util/Collections$UnmodifiableMap
instanceKlass jdk/internal/module/ModuleHashes$Builder
instanceKlass jdk/internal/module/ModuleHashes
instanceKlass jdk/internal/module/ModuleTarget
instanceKlass java/util/ImmutableCollections$Set12$1
instanceKlass java/lang/reflect/AccessFlag$18
instanceKlass java/lang/reflect/AccessFlag$17
instanceKlass java/lang/reflect/AccessFlag$16
instanceKlass java/lang/reflect/AccessFlag$15
instanceKlass java/lang/reflect/AccessFlag$14
instanceKlass java/lang/reflect/AccessFlag$13
instanceKlass java/lang/reflect/AccessFlag$12
instanceKlass java/lang/reflect/AccessFlag$11
instanceKlass java/lang/reflect/AccessFlag$10
instanceKlass java/lang/reflect/AccessFlag$9
instanceKlass java/lang/reflect/AccessFlag$8
instanceKlass java/lang/reflect/AccessFlag$7
instanceKlass java/lang/reflect/AccessFlag$6
instanceKlass java/lang/reflect/AccessFlag$5
instanceKlass java/lang/reflect/AccessFlag$4
instanceKlass java/lang/reflect/AccessFlag$3
instanceKlass java/lang/reflect/AccessFlag$2
instanceKlass java/lang/reflect/AccessFlag$1
instanceKlass java/lang/module/ModuleDescriptor$Version
instanceKlass java/lang/module/ModuleDescriptor$Provides
instanceKlass java/lang/module/ModuleDescriptor$Opens
instanceKlass java/util/ImmutableCollections$SetN$SetNIterator
instanceKlass java/lang/module/ModuleDescriptor$Exports
instanceKlass java/lang/module/ModuleDescriptor$Requires
instanceKlass jdk/internal/module/Builder
instanceKlass jdk/internal/module/SystemModules$default
instanceKlass jdk/internal/module/SystemModules
instanceKlass jdk/internal/module/SystemModulesMap
instanceKlass java/net/URI$1
instanceKlass jdk/internal/access/JavaNetUriAccess
instanceKlass java/net/URI
instanceKlass jdk/internal/module/SystemModuleFinders
instanceKlass jdk/internal/module/ArchivedModuleGraph
instanceKlass jdk/internal/module/ArchivedBootLayer
instanceKlass jdk/internal/module/ModuleBootstrap$Counters
instanceKlass jdk/internal/module/ModulePatcher
instanceKlass java/io/FileSystem
instanceKlass java/io/DefaultFileSystem
instanceKlass java/io/File
instanceKlass java/lang/module/ModuleDescriptor$1
instanceKlass jdk/internal/access/JavaLangModuleAccess
instanceKlass sun/invoke/util/VerifyAccess
instanceKlass java/util/KeyValueHolder
instanceKlass java/util/ImmutableCollections$MapN$MapNIterator
instanceKlass java/lang/StrictMath
instanceKlass java/lang/invoke/MethodHandles$Lookup
instanceKlass java/lang/invoke/MemberName$Factory
instanceKlass java/lang/invoke/MethodHandles
instanceKlass java/lang/module/ModuleDescriptor
instanceKlass jdk/internal/module/ModuleBootstrap
instanceKlass java/lang/Character$CharacterCache
instanceKlass java/util/HexFormat
instanceKlass jdk/internal/util/ClassFileDumper
instanceKlass sun/security/action/GetPropertyAction
instanceKlass java/lang/invoke/MethodHandleStatics
instanceKlass jdk/internal/misc/Blocker
instanceKlass java/util/concurrent/locks/AbstractQueuedSynchronizer$ConditionObject
instanceKlass java/util/concurrent/locks/Condition
instanceKlass java/util/Collections
instanceKlass java/lang/Thread$ThreadIdentifiers
instanceKlass sun/io/Win32ErrorMode
instanceKlass jdk/internal/misc/OSEnvironment
instanceKlass java/lang/Integer$IntegerCache
instanceKlass jdk/internal/misc/Signal$NativeHandler
instanceKlass java/util/Hashtable$Entry
instanceKlass jdk/internal/misc/Signal
instanceKlass java/lang/Terminator$1
instanceKlass jdk/internal/misc/Signal$Handler
instanceKlass java/lang/Terminator
instanceKlass java/nio/ByteOrder
instanceKlass java/nio/Buffer$2
instanceKlass jdk/internal/access/JavaNioAccess
instanceKlass java/nio/Buffer$1
instanceKlass jdk/internal/misc/ScopedMemoryAccess
instanceKlass java/nio/charset/CodingErrorAction
instanceKlass sun/nio/cs/SingleByte
instanceKlass java/lang/StringUTF16
instanceKlass sun/nio/cs/IBM437$Holder
instanceKlass sun/nio/cs/ArrayEncoder
instanceKlass java/nio/charset/CharsetEncoder
instanceKlass java/io/Writer
instanceKlass java/io/PrintStream$1
instanceKlass jdk/internal/access/JavaIOPrintStreamAccess
instanceKlass jdk/internal/misc/InternalLock
instanceKlass java/io/OutputStream
instanceKlass java/io/Flushable
instanceKlass java/io/FileDescriptor$1
instanceKlass jdk/internal/access/JavaIOFileDescriptorAccess
instanceKlass java/io/FileDescriptor
instanceKlass jdk/internal/util/StaticProperty
instanceKlass jdk/internal/reflect/MethodHandleAccessorFactory
instanceKlass java/lang/reflect/Modifier
instanceKlass java/lang/Class$1
instanceKlass java/lang/Class$Atomic
instanceKlass java/lang/Class$ReflectionData
instanceKlass java/nio/charset/StandardCharsets
instanceKlass sun/nio/cs/HistoricallyNamedCharset
instanceKlass java/nio/charset/spi/CharsetProvider
instanceKlass java/nio/charset/Charset
instanceKlass java/util/HashMap$HashIterator
instanceKlass java/util/concurrent/locks/LockSupport
instanceKlass java/util/concurrent/ConcurrentHashMap$Node
instanceKlass java/util/concurrent/ConcurrentHashMap$CounterCell
instanceKlass java/util/concurrent/locks/ReentrantLock
instanceKlass java/util/concurrent/locks/Lock
instanceKlass java/lang/CharacterData
instanceKlass java/util/Arrays
instanceKlass jdk/internal/util/Preconditions$3
instanceKlass jdk/internal/util/Preconditions$2
instanceKlass jdk/internal/util/Preconditions$4
instanceKlass java/util/function/BiFunction
instanceKlass jdk/internal/util/Preconditions$1
instanceKlass java/util/function/Function
instanceKlass jdk/internal/util/Preconditions
instanceKlass java/lang/Runtime
instanceKlass java/lang/VersionProps
instanceKlass java/lang/StringConcatHelper
instanceKlass java/util/HashMap$Node
instanceKlass java/util/Map$Entry
instanceKlass jdk/internal/util/ArraysSupport
instanceKlass jdk/internal/util/SystemProps$Raw
instanceKlass jdk/internal/util/SystemProps
instanceKlass java/lang/System$2
instanceKlass jdk/internal/access/JavaLangAccess
instanceKlass java/lang/ref/NativeReferenceQueue$Lock
instanceKlass java/lang/ref/ReferenceQueue
instanceKlass java/lang/ref/Reference$1
instanceKlass jdk/internal/access/JavaLangRefAccess
instanceKlass jdk/internal/reflect/ReflectionFactory
instanceKlass java/lang/Math
instanceKlass java/lang/StringLatin1
instanceKlass jdk/internal/reflect/Reflection
instanceKlass jdk/internal/reflect/ReflectionFactory$GetReflectionFactoryAction
instanceKlass java/security/PrivilegedAction
instanceKlass jdk/internal/access/SharedSecrets
instanceKlass java/lang/reflect/ReflectAccess
instanceKlass jdk/internal/access/JavaLangReflectAccess
instanceKlass java/util/ImmutableCollections
instanceKlass java/util/Objects
instanceKlass java/util/Set
instanceKlass jdk/internal/misc/CDS
instanceKlass java/lang/Module$ArchivedData
instanceKlass jdk/internal/misc/VM
instanceKlass java/lang/String$CaseInsensitiveComparator
instanceKlass java/util/Comparator
instanceKlass java/io/ObjectStreamField
instanceKlass jdk/internal/vm/FillerObject
instanceKlass jdk/internal/vm/vector/VectorSupport$VectorPayload
instanceKlass jdk/internal/vm/vector/VectorSupport
instanceKlass java/lang/reflect/RecordComponent
instanceKlass java/util/Iterator
instanceKlass java/lang/Number
instanceKlass java/lang/Character
instanceKlass java/lang/Boolean
instanceKlass java/util/concurrent/locks/AbstractOwnableSynchronizer
instanceKlass java/lang/LiveStackFrame
instanceKlass java/lang/StackFrameInfo
instanceKlass java/lang/StackWalker$StackFrame
instanceKlass java/lang/StackStreamFactory$AbstractStackWalker
instanceKlass java/lang/StackWalker
instanceKlass java/nio/Buffer
instanceKlass java/lang/StackTraceElement
instanceKlass java/util/RandomAccess
instanceKlass java/util/List
instanceKlass java/util/SequencedCollection
instanceKlass java/util/AbstractCollection
instanceKlass java/util/Collection
instanceKlass java/lang/Iterable
instanceKlass java/util/concurrent/ConcurrentMap
instanceKlass java/util/AbstractMap
instanceKlass java/security/CodeSource
instanceKlass jdk/internal/loader/ClassLoaders
instanceKlass java/util/jar/Manifest
instanceKlass java/lang/Enum
instanceKlass java/net/URL
instanceKlass java/io/InputStream
instanceKlass java/io/Closeable
instanceKlass java/lang/AutoCloseable
instanceKlass jdk/internal/module/Modules
instanceKlass jdk/internal/misc/Unsafe
instanceKlass jdk/internal/misc/UnsafeConstants
instanceKlass java/lang/AbstractStringBuilder
instanceKlass java/lang/Appendable
instanceKlass java/lang/AssertionStatusDirectives
instanceKlass jdk/internal/foreign/abi/ABIDescriptor
instanceKlass jdk/internal/foreign/abi/NativeEntryPoint
instanceKlass java/lang/invoke/CallSite
instanceKlass java/lang/invoke/MethodType
instanceKlass java/lang/invoke/TypeDescriptor$OfMethod
instanceKlass java/lang/invoke/LambdaForm
instanceKlass java/lang/invoke/MethodHandleNatives
instanceKlass java/lang/invoke/ResolvedMethodName
instanceKlass java/lang/invoke/MemberName
instanceKlass java/lang/invoke/VarHandle
instanceKlass java/lang/invoke/MethodHandle
instanceKlass jdk/internal/reflect/CallerSensitive
instanceKlass java/lang/annotation/Annotation
instanceKlass jdk/internal/reflect/FieldAccessor
instanceKlass jdk/internal/reflect/ConstantPool
instanceKlass jdk/internal/reflect/ConstructorAccessor
instanceKlass jdk/internal/reflect/MethodAccessor
instanceKlass jdk/internal/reflect/MagicAccessorImpl
instanceKlass jdk/internal/vm/StackChunk
instanceKlass jdk/internal/vm/Continuation
instanceKlass jdk/internal/vm/ContinuationScope
instanceKlass java/lang/reflect/Parameter
instanceKlass java/lang/reflect/Member
instanceKlass java/lang/reflect/AccessibleObject
instanceKlass java/lang/Module
instanceKlass java/util/Map
instanceKlass java/util/Dictionary
instanceKlass java/lang/ThreadGroup
instanceKlass java/lang/Thread$UncaughtExceptionHandler
instanceKlass java/lang/Thread$Constants
instanceKlass java/lang/Thread$FieldHolder
instanceKlass java/lang/Thread
instanceKlass java/lang/Runnable
instanceKlass java/lang/ref/Reference
instanceKlass java/lang/Record
instanceKlass java/security/AccessController
instanceKlass java/security/AccessControlContext
instanceKlass java/security/ProtectionDomain
instanceKlass java/lang/SecurityManager
instanceKlass java/lang/Throwable
instanceKlass java/lang/System
instanceKlass java/lang/ClassLoader
instanceKlass java/lang/Cloneable
instanceKlass java/lang/Class
instanceKlass java/lang/invoke/TypeDescriptor$OfField
instanceKlass java/lang/invoke/TypeDescriptor
instanceKlass java/lang/reflect/Type
instanceKlass java/lang/reflect/GenericDeclaration
instanceKlass java/lang/reflect/AnnotatedElement
instanceKlass java/lang/String
instanceKlass java/lang/constant/ConstantDesc
instanceKlass java/lang/constant/Constable
instanceKlass java/lang/CharSequence
instanceKlass java/lang/Comparable
instanceKlass java/io/Serializable
ciInstanceKlass java/lang/Object 1 1 124 7 1 10 12 1 1 10 7 12 1 1 1 10 7 12 1 1 1 10 12 1 1 8 1 10 12 1 1 10 7 12 1 1 1 10 12 1 10 12 1 1 10 7 12 1 1 1 10 12 1 10 12 1 7 1 10 7 12 1 1 1 10 12 1 1 10 12 1 100 1 8 1 10 12 1 3 8 1 7 1 5 0 1 1 1 1 1 1 1 1 1 1 1 1 1 1 1 1 7 1 1 1 1 1 1 1 1 1 1 7 1 1 1 1 1 1 1 1 1 1 3 1 1
ciMethod java/lang/Object equals (Ljava/lang/Object;)Z 768 0 42801 0 88
ciMethod java/lang/Object hashCode ()I 256 0 128 0 -1
ciMethod java/lang/Object clone ()Ljava/lang/Object; 256 0 128 0 -1
ciInstanceKlass java/io/Serializable 1 1 7 100 1 100 1 1 1
ciInstanceKlass java/lang/System 1 1 834 10 7 12 1 1 1 9 7 12 1 1 1 10 12 1 10 12 1 1 10 12 1 1 10 12 1 9 12 1 1 10 7 12 1 1 1 11 100 12 1 1 1 10 100 12 1 1 1 10 12 1 1 10 12 1 1 100 1 8 1 10 12 1 10 7 12 1 1 1 10 7 12 1 1 1 18 12 1 1 10 7 12 1 1 1 7 1 10 12 1 1 10 7 12 1 1 1 10 12 1 10 7 12 1 1 1 9 100 12 1 1 1 10 7 12 1 1 1 11 7 12 1 1 1 10 12 1 1 10 7 12 1 1 1 7 1 10 10 12 1 1 8 1 10 12 1 8 1 10 12 1 9 12 1 1 8 1 10 7 12 1 1 1 10 12 1 1 100 1 8 1 10 9 12 1 1 8 1 10 12 1 1 10 100 12 1 1 1 8 1 10 12 1 7 1 10 12 1 8 1 10 12 1 10 12 1 1 100 1 10 12 10 12 1 9 12 1 1 9 12 1 1 10 7 12 1 1 1 10 7 12 1 1 1 10 12 1 1 10 12 1 10 12 1 10 7 12 1 1 1 10 12 1 100 1 100 1 8 1 10 12 1 10 12 1 1 7 1 10 12 1 100 1 8 1 10 10 12 1 100 1 8 1 10 8 1 10 7 12 1 1 8 1 10 12 100 1 8 1 10 10 12 1 1 10 7 12 1 1 1 100 1 18 12 1 100 1 9 100 12 1 1 1 10 12 1 100 1 10 12 1 1 10 12 1 1 10 7 12 1 1 1 10 12 1 1 10 12 1 10 12 1 10 12 1 1 10 12 1 7 1 10 12 1 9 7 12 1 1 1 10 7 12 1 1 1 10 12 1 10 12 1 10 7 12 1 1 1 7 1 8 1 10 9 12 1 9 12 1 10 12 1 10 7 12 1 1 10 12 1 10 12 1 1 8 1 10 12 1 1 8 1 11 12 1 10 12 11 12 1 1 11 7 12 1 1 1 11 7 12 1 1 11 12 1 1 7 1 11 12 1 10 12 1 8 1 10 12 1 1 8 1 8 1 8 1 8 1 11 12 1 10 12 1 10 12 1 10 12 1 8 1 10 12 1 1 8 1 9 12 1 8 1 10 7 12 1 1 8 1 7 1 9 7 12 1 1 1 10 12 1 7 1 9 12 10 9 12 7 1 10 12 9 12 1 1 8 1 10 12 1 1 8 1 10 7 12 1 1 10 12 1 10 12 1 1 11 7 12 1 1 10 12 10 7 12 1 1 1 9 12 1 1 7 1 8 1 10 12 1 1 10 7 12 1 1 1 7 1 10 12 1 1 10 12 1 8 1 8 1 10 8 1 8 1 8 1 8 1 10 10 7 12 1 1 10 12 1 10 12 1 1 10 12 1 1 10 12 1 10 100 12 1 1 1 10 7 1 8 1 10 10 10 12 1 1 10 12 1 1 8 1 10 12 1 8 1 8 1 10 12 1 10 7 12 1 1 1 10 12 1 1 7 1 10 10 12 1 10 12 1 9 12 1 1 3 1 3 1 1 1 1 1 1 1 1 1 1 1 1 100 1 1 100 1 1 1 1 1 1 1 1 1 1 1 100 1 7 1 1 1 1 1 1 1 1 1 1 1 1 1 1 1 1 1 1 1 1 1 1 1 1 1 1 1 1 1 1 1 1 1 1 1 1 1 1 1 1 1 1 1 1 1 1 1 1 1 1 1 1 1 1 1 1 1 1 100 1 1 1 1 1 1 1 1 1 1 1 1 1 1 1 1 1 1 1 1 1 1 1 1 1 1 1 1 1 1 1 1 1 100 1 1 16 15 10 12 1 1 16 15 10 12 16 1 15 10 100 12 1 1 1 1 1 1 1 1 1 100 1 100 1 1
staticfield java/lang/System in Ljava/io/InputStream; java/io/BufferedInputStream
staticfield java/lang/System out Ljava/io/PrintStream; java/io/PrintStream
staticfield java/lang/System err Ljava/io/PrintStream; java/io/PrintStream
ciInstanceKlass jdk/internal/access/SharedSecrets 1 1 468 10 7 12 1 1 1 9 7 12 1 1 1 8 1 10 7 12 1 1 1 7 1 9 12 1 1 8 1 9 12 1 1 100 1 10 12 1 1 9 12 1 1 100 1 9 12 1 1 9 12 1 1 8 1 9 12 1 1 7 1 9 12 1 1 9 12 1 1 9 12 1 1 7 1 9 12 1 1 7 1 9 12 1 1 100 1 9 12 1 1 100 1 9 12 1 1 7 1 9 12 1 1 100 1 9 12 1 1 100 1 9 12 1 1 100 1 9 12 1 1 9 12 1 1 100 1 100 1 9 12 1 1 7 1 9 12 1 1 100 1 9 12 1 1 100 1 9 12 1 1 9 12 1 1 9 12 1 1 9 12 1 1 100 1 9 12 1 1 100 1 9 12 1 1 9 12 1 1 100 1 9 12 1 1 100 1 9 12 1 1 100 1 9 12 1 1 100 1 9 12 1 1 100 1 9 12 1 1 100 1 9 12 1 1 8 1 10 7 12 1 1 1 10 7 12 1 1 1 100 1 1 1 1 1 1 1 1 1 1 1 1 1 100 1 1 1 1 1 100 1 1 1 1 1 100 1 1 100 1 1 1 1 1 1 1 1 1 1 1 1 1 100 1 1 1 1 1 1 100 1 1 1 1 1 1 1 1 1 1 1 1 1 1 1 100 1 1 1 1 1 100 1 1 1 1 1 1 100 1 1 1 1 1 1 100 1 1 1 1 1 100 1 1 1 1 1 1 100 1 1 1 1 1 100 1 1 1 1 1 100 1 1 1 1 1 1 100 1 1 1 1 1 1 100 1 1 1 1 1 1 100 1 1 1 1 1 1 100 1 1 1 100 1 1 1 1 1 1 1 1 1 1 1 1 1 1 1 1 1 1 1 100 1 1 1 1 1 100 1 1 1 1 1 100 1 1 1 1 1 100 1 1 1 1 1 1 1 1 100 1 1 1 1 1 1 100 1 1 1 1 1 100 1 1 1 1 1 1 100 1 1 1 1 1 1 100 1 1 1 1 1 1 100 1 1 1 1 1 1 1 1 1 1 100 1 1 1
ciInstanceKlass java/lang/SecurityManager 1 0 576 10 7 12 1 1 1 9 7 12 1 1 1 10 7 12 1 1 1 100 1 8 1 10 12 1 10 12 1 1 10 7 12 1 1 1 10 7 1 10 100 1 10 9 100 12 1 1 1 10 7 12 1 1 1 10 12 1 1 10 7 12 1 1 100 1 8 1 10 9 12 1 1 9 12 1 8 1 9 12 1 7 1 10 8 1 10 12 1 1 10 12 1 10 12 1 1 100 1 10 10 12 1 1 100 1 8 1 10 12 1 8 1 8 1 8 1 8 1 8 1 8 1 10 12 1 8 1 8 1 8 1 8 1 8 1 10 7 12 1 1 1 10 12 1 1 8 1 100 1 8 1 10 8 1 8 1 8 1 8 1 8 1 10 100 12 1 1 8 1 100 1 8 1 8 1 10 8 1 10 12 1 100 1 8 1 10 10 12 1 1 10 12 1 10 12 1 10 12 1 10 100 12 1 1 1 10 12 1 10 100 12 1 1 11 100 12 1 1 1 18 12 1 1 11 100 12 1 1 1 18 12 1 1 11 12 1 1 18 18 11 12 1 18 12 1 11 12 1 1 9 12 1 1 9 12 1 9 12 1 9 12 1 100 1 10 100 12 1 1 10 12 1 10 12 1 18 12 1 18 10 100 12 1 1 1 18 12 1 10 12 1 18 18 8 1 10 12 1 9 12 1 1 11 7 12 1 1 1 8 1 100 1 10 12 1 10 12 1 1 10 12 1 1 9 12 1 1 10 12 1 10 12 1 1 8 1 100 1 10 9 12 1 8 1 10 12 1 8 1 100 1 10 10 100 12 1 1 10 100 1 9 7 12 1 1 1 11 12 1 1 10 12 1 11 12 1 10 12 1 7 1 10 10 12 1 1 10 12 1 1 1 1 1 1 1 1 1 1 1 7 1 1 1 1 1 1 1 1 1 1 1 1 1 1 1 1 1 1 1 1 1 1 1 1 1 1 1 1 1 1 1 1 1 1 1 1 1 1 1 1 1 1 1 1 1 1 1 1 1 1 1 1 1 1 1 1 3 1 1 1 1 1 1 1 1 1 1 100 1 1 1 1 1 1 1 1 1 1 1 1 1 1 1 1 1 1 1 1 1 1 1 1 1 1 1 1 1 1 1 1 1 1 1 1 1 1 16 15 10 7 12 1 1 1 16 1 16 15 10 12 16 1 15 10 12 16 15 11 7 1 16 1 16 1 15 10 12 16 15 10 12 16 15 10 12 1 16 1 15 11 12 1 15 10 12 16 15 10 16 1 15 10 100 12 1 1 1 1 1 1 100 1 100 1 1
ciInstanceKlass java/security/AccessController 1 1 295 10 7 12 1 1 1 10 7 12 1 1 1 10 7 12 1 1 1 10 12 1 1 10 12 1 1 10 7 12 1 1 1 10 12 1 1 10 12 1 10 12 1 1 10 12 1 100 1 8 1 10 12 1 10 12 1 10 12 1 1 10 12 1 7 1 7 1 10 12 1 1 10 12 1 10 12 1 10 12 1 1 10 7 12 1 1 1 10 12 1 1 9 100 12 1 1 1 10 7 12 1 1 1 10 12 1 10 12 1 9 100 12 1 1 1 10 12 1 10 12 1 1 9 12 1 1 10 100 1 10 11 7 12 1 1 1 10 7 12 1 1 11 7 1 7 1 10 12 1 10 12 1 10 12 1 8 1 10 12 1 1 8 1 10 100 12 1 1 1 8 1 7 1 10 10 12 1 1 10 12 1 10 7 12 1 1 1 10 12 1 8 1 10 7 12 1 1 8 1 8 1 10 12 1 8 1 10 12 1 10 12 1 1 10 12 1 1 1 1 1 1 1 1 1 1 1 1 1 1 1 1 1 1 1 1 1 1 1 1 1 1 1 1 100 1 1 1 1 1 1 1 1 1 1 1 1 1 1 1 1 1 1 1 1 1 1 1 1 1 1 1 1 1 1 1 1 1 1 100 1 100 1 1 1 1 1 1 1 1 1 3 1 1 1
staticfield java/security/AccessController $assertionsDisabled Z 1
ciInstanceKlass java/security/ProtectionDomain 1 1 348 10 7 12 1 1 1 9 7 12 1 1 1 7 1 10 9 12 1 1 9 12 1 1 9 12 1 1 10 7 12 1 1 7 1 9 12 1 9 12 1 1 7 1 9 12 1 1 9 12 1 10 100 12 1 1 10 100 12 1 1 1 10 12 1 1 10 12 1 9 12 1 9 100 12 1 1 10 12 1 1 10 100 1 10 12 1 1 8 1 7 1 8 1 10 12 1 10 11 10 7 12 1 1 1 10 12 1 1 8 1 11 8 1 10 12 1 8 1 8 1 10 12 1 1 10 12 1 10 12 1 1 10 12 1 8 1 10 12 1 8 1 8 1 10 7 12 1 1 1 9 100 12 1 1 1 10 12 1 1 9 100 12 1 1 1 10 7 12 1 1 1 100 1 18 12 1 1 10 7 12 1 1 1 10 7 1 10 12 1 10 12 1 1 11 100 12 1 1 11 12 1 100 1 11 7 12 1 1 1 10 12 1 10 11 12 1 1 11 12 1 1 10 12 1 10 7 12 1 1 10 100 12 1 1 11 12 1 10 12 10 12 1 8 1 8 1 10 7 12 1 1 1 7 1 10 10 7 12 1 1 1 1 1 1 1 1 1 1 7 1 1 7 1 1 1 1 1 1 1 1 1 1 1 1 1 1 1 1 1 1 1 1 1 1 1 1 1 1 1 1 1 1 1 1 1 1 1 1 1 1 1 1 1 1 1 1 7 1 1 1 1 1 1 100 1 1 16 15 10 12 16 15 10 100 12 1 1 1 1 1 1 1 100 1 100 1 1
staticfield java/security/ProtectionDomain filePermCompatInPD Z 0
ciInstanceKlass java/security/CodeSource 1 1 398 10 7 12 1 1 1 9 7 12 1 1 1 9 12 1 1 9 12 1 1 9 12 1 1 10 7 12 1 1 1 9 12 1 1 10 7 12 1 1 10 7 10 7 12 1 1 1 10 100 12 1 1 1 10 12 1 1 7 1 10 10 7 12 1 1 1 10 7 12 1 1 1 10 12 1 1 7 1 10 12 1 1 10 12 1 1 10 12 1 1 10 12 1 10 10 10 12 1 1 10 7 12 1 1 1 10 12 1 10 12 1 10 12 1 8 1 10 12 1 10 12 1 10 12 1 1 10 12 1 8 1 10 12 1 1 10 7 1 10 10 12 1 1 8 1 10 12 1 10 12 1 10 12 1 8 1 8 1 9 12 1 1 100 1 8 1 10 12 1 10 12 1 1 8 1 10 12 1 8 1 8 1 8 1 10 100 12 1 1 10 12 1 1 10 12 1 10 12 1 1 10 12 1 1 10 12 1 1 100 1 100 1 10 12 1 10 12 10 12 1 1 10 100 12 1 1 10 12 1 7 1 10 12 10 100 12 1 1 1 10 8 1 10 12 1 10 12 1 10 12 1 1 100 1 10 12 1 1 100 1 7 1 8 1 8 1 10 10 12 1 1 10 100 12 1 1 1 7 1 10 12 10 12 1 1 11 7 12 1 1 10 10 12 1 11 10 12 1 8 1 100 1 10 12 1 10 12 1 1 10 12 1 11 12 1 1 7 1 1 1 1 5 0 1 1 1 1 1 1 1 1 1 1 1 1 1 1 1 1 1 1 1 1 1 1 1 1 1 1 1 1 1 1 1 1 1 1 1 1 1 1 1 1 1 1 1 1 1 1 1 1 1 1 1 1 1 1 1 1 1 1 1 1 1 1 1 1 1 1 100 1 1 1 1 1 1 1
ciInstanceKlass java/lang/Boolean 1 1 152 10 7 12 1 1 1 9 7 12 1 1 1 10 12 1 1 10 12 1 8 1 10 7 12 1 1 9 12 1 1 9 12 1 10 12 1 1 10 12 1 1 10 12 1 1 10 7 12 1 1 1 100 1 100 1 10 12 1 1 9 100 12 1 1 9 12 10 100 12 1 1 1 10 12 1 1 8 1 10 7 12 1 1 1 9 12 1 1 7 1 7 1 7 1 1 1 1 1 1 5 0 1 1 1 1 1 1 1 1 1 1 3 1 1 1 1 1 1 1 1 1 1 1 1 1 1 1 1 1 1 7 1 1 1 1 1 1 1 1 1 1 100 1 1 1 1 1 1 1 1 1
staticfield java/lang/Boolean TRUE Ljava/lang/Boolean; java/lang/Boolean
staticfield java/lang/Boolean FALSE Ljava/lang/Boolean; java/lang/Boolean
staticfield java/lang/Boolean TYPE Ljava/lang/Class; java/lang/Class
ciInstanceKlass java/lang/Comparable 1 0 12 100 1 100 1 1 1 1 1 1 1 1
ciInstanceKlass java/lang/constant/Constable 1 0 11 100 1 100 1 1 1 1 1 1 1
ciInstanceKlass java/util/Map 1 1 263 11 7 12 1 1 1 11 12 1 1 10 7 12 1 1 11 12 1 1 11 7 12 1 1 1 11 100 12 1 1 1 11 12 1 1 7 1 11 12 1 11 12 1 100 1 100 1 10 12 1 1 11 100 12 1 1 1 11 100 12 1 1 1 11 12 1 11 12 1 10 12 1 1 11 12 1 11 7 12 1 9 7 12 1 1 1 7 1 10 12 7 1 7 1 10 12 1 7 1 10 7 1 11 12 1 11 12 1 1 11 12 1 1 7 1 11 12 1 1 1 1 1 1 1 1 1 1 1 1 1 1 1 1 1 1 1 1 1 1 1 1 1 1 1 1 1 1 1 1 1 1 1 1 1 1 1 1 1 1 1 1 1 1 1 1 1 1 1 1 1 1 1 1 1 1 1 1 1 1 1 1 1 1 1 1 1 1 1 1 1 1 1 1 1 1 1 1 1 1 1 1 1 1 1 1 1 1 1 1 1 1 1 1 1 1 1 1 1 1 1 1 1 1 1 1 1 1 1 1 1 1 1 1 1 1 1 1 1 1 1 1 1 1 100 1 1 1 1 1 1 1 1 1 1 1 1 1 1 1 1 1 1
ciInstanceKlass java/lang/Class 1 1 1687 10 7 12 1 1 1 9 7 12 1 1 1 9 12 1 1 10 12 1 1 8 1 10 12 1 8 1 8 1 10 12 1 1 10 7 12 1 1 1 10 12 1 7 1 10 10 12 1 10 12 1 1 10 12 1 1 10 12 1 1 10 7 12 1 1 10 12 1 10 12 1 10 12 1 8 1 10 12 1 8 1 10 12 1 8 1 8 1 10 12 1 1 10 7 12 1 1 1 18 12 1 1 11 7 12 1 1 1 8 1 8 1 8 1 10 7 12 1 1 1 11 12 1 1 8 1 10 12 1 10 11 100 12 1 1 1 11 7 12 1 1 1 11 8 1 18 8 1 10 12 1 10 7 12 1 1 10 12 1 1 10 7 12 1 1 1 10 12 1 1 10 12 1 1 10 7 12 1 1 1 10 12 9 100 12 1 1 1 10 7 12 1 1 1 10 12 1 10 7 12 1 1 1 10 12 1 1 18 12 1 1 10 7 12 1 1 1 10 7 12 1 10 12 1 1 10 7 1 7 1 10 12 1 1 9 12 1 1 7 1 8 1 10 12 1 10 12 1 1 10 12 1 1 10 7 12 1 1 1 7 1 10 12 1 7 1 7 1 10 10 12 1 1 10 12 1 1 7 1 10 7 12 1 1 1 10 12 1 1 10 12 1 1 9 12 1 1 10 12 1 10 12 1 1 9 12 1 1 9 12 1 1 10 12 1 1 10 7 1 10 12 1 10 12 1 10 12 1 1 10 9 12 1 10 12 1 8 1 10 12 1 1 10 12 1 1 10 12 1 10 12 1 1 10 12 1 1 10 12 1 1 9 7 12 1 1 1 10 7 12 1 1 10 12 10 12 1 10 12 1 10 12 1 10 12 1 9 100 12 1 1 1 9 12 1 10 12 1 10 100 12 1 1 1 10 12 1 1 10 7 12 1 1 10 12 1 10 12 1 1 10 100 12 1 1 1 10 12 1 10 12 1 1 10 12 1 10 12 1 10 12 1 1 10 7 1 10 10 10 12 1 1 10 12 1 1 10 12 10 10 12 1 1 7 1 8 1 10 10 12 1 1 10 12 1 100 1 11 12 1 10 100 12 1 1 10 12 1 10 12 1 10 100 12 1 1 10 10 12 1 1 8 1 10 12 1 10 12 1 1 8 1 10 12 1 9 12 1 10 12 1 10 12 1 10 12 1 10 12 7 1 9 12 1 10 12 1 9 12 1 10 12 1 10 12 1 10 12 1 10 10 12 1 10 12 1 10 7 12 1 1 10 12 1 10 12 1 10 12 1 1 10 12 1 10 12 1 10 12 1 100 1 10 12 1 10 12 1 1 10 12 1 1 10 12 1 1 10 12 1 1 10 12 1 1 10 12 1 1 7 1 10 10 12 1 1 10 12 1 1 10 12 1 1 10 10 12 1 10 12 1 1 10 12 1 1 10 12 1 1 10 12 1 1 7 1 10 10 12 11 7 12 1 1 10 12 1 10 12 1 10 7 12 1 1 1 10 12 1 1 10 10 12 1 1 7 1 10 10 12 1 1 10 7 12 1 1 1 100 1 7 1 10 12 1 1 10 12 1 10 10 12 1 1 10 12 1 10 12 1 10 12 1 10 100 12 1 1 1 11 7 12 1 1 10 12 1 10 12 1 9 12 1 10 12 1 1 10 12 1 9 7 12 1 1 1 9 12 1 10 100 12 1 1 1 10 12 1 10 12 1 10 100 12 1 1 1 10 12 1 10 12 10 12 1 1 100 1 10 8 1 10 12 1 11 11 12 1 1 11 7 12 1 1 11 12 1 8 1 10 12 1 10 12 1 1 9 12 1 9 12 1 1 10 7 12 1 1 9 12 1 10 12 1 1 10 10 12 1 10 7 12 1 1 1 10 7 12 1 1 10 7 12 1 1 9 12 1 1 10 12 1 9 12 1 10 12 1 10 12 1 1 9 12 1 1 9 12 1 10 12 1 10 12 1 1 9 12 1 7 1 10 10 12 1 1 7 1 10 12 1 1 7 11 7 1 9 12 1 1 9 12 1 7 1 10 12 1 9 12 1 1 9 12 1 10 12 1 10 12 1 1 9 12 1 7 1 10 10 12 1 1 10 10 12 1 10 12 10 10 12 1 9 12 1 10 12 1 1 10 7 12 1 1 1 10 12 1 1 10 12 1 8 10 7 8 1 18 8 1 8 1 10 12 1 9 12 1 9 12 1 1 10 12 1 7 1 7 1 10 12 1 9 12 1 1 7 1 10 10 12 1 10 7 1 9 12 1 8 1 10 12 1 7 1 10 12 1 10 12 1 1 100 1 7 1 9 12 1 100 1 8 1 10 10 7 12 1 1 1 10 12 11 7 12 1 1 1 10 12 1 10 12 1 1 10 8 1 8 1 10 12 1 1 9 7 12 1 1 11 12 7 1 11 7 12 1 1 9 12 1 10 100 12 1 1 1 10 7 12 1 1 10 12 1 1 9 12 1 9 10 12 1 1 10 12 1 1 10 12 1 1 10 12 1 1 10 12 1 1 11 12 1 7 1 11 12 1 10 7 12 1 1 1 10 12 1 11 12 1 10 7 12 1 1 1 10 12 1 10 7 12 1 1 1 11 12 1 11 12 1 1 10 12 1 10 12 1 1 9 12 1 1 9 7 12 1 1 10 12 1 10 7 12 1 1 1 10 12 1 1 10 12 1 10 12 1 10 12 1 10 7 12 1 1 1 10 12 1 8 1 10 12 1 10 12 1 10 12 1 100 1 10 12 10 100 12 1 1 1 11 100 12 1 1 1 10 12 1 1 10 12 1 18 12 1 1 11 12 1 1 18 11 12 1 18 12 1 11 12 1 10 12 1 1 10 12 1 10 12 1 10 12 1 10 12 1 10 12 10 12 1 8 1 10 12 1 7 1 9 12 1 1 7 1 7 1 7 1 7 1 1 1 3 1 3 1 3 1 1 1 1 1 1 1 5 0 1 1 1 1 1 1 1 1 1 1 1 1 1 1 1 1 1 1 1 1 1 1 1 1 100 1 1 1 1 1 1 1 100 1 1 1 1 1 7 1 1 1 1 1 1 1 1 1 1 1 1 1 1 1 1 1 1 1 1 1 1 1 1 1 1 1 1 1 1 1 1 1 1 1 1 1 1 1 1 1 1 100 1 1 1 1 1 1 1 1 1 1 1 1 1 1 1 1 1 1 1 1 1 1 1 1 1 1 1 1 1 1 1 100 1 1 1 1 1 1 1 1 1 1 1 1 1 1 1 1 1 1 1 1 3 1 1 1 1 1 1 1 1 1 1 1 1 1 1 1 1 1 1 1 1 1 1 1 1 1 1 1 1 1 1 1 1 1 1 1 7 1 7 1 1 1 1 1 1 1 7 1 1 1 1 1 1 1 1 1 1 1 1 1 1 1 1 1 1 1 1 1 1 1 1 1 1 1 1 1 1 1 1 1 1 1 1 1 1 1 1 1 1 1 1 1 1 1 1 1 1 1 1 1 1 1 1 1 1 1 1 1 1 1 1 1 1 1 1 1 1 1 1 1 1 1 1 1 1 1 1 1 1 1 1 1 1 1 1 1 1 1 1 1 1 1 1 1 1 1 1 1 1 1 1 1 1 1 1 1 1 1 1 1 1 1 1 1 1 1 1 1 1 1 1 16 15 10 12 16 15 11 12 16 1 16 15 16 15 10 12 16 16 15 10 12 16 15 16 1 15 10 12 16 15 10 7 12 1 1 1 1 1 1 1 1 1 1 1 1 1 7 1 1 100 1 100 1 1 100 1 100 1 1 100 1 100 1 1
staticfield java/lang/Class EMPTY_CLASS_ARRAY [Ljava/lang/Class; 0 [Ljava/lang/Class;
staticfield java/lang/Class serialPersistentFields [Ljava/io/ObjectStreamField; 0 [Ljava/io/ObjectStreamField;
ciInstanceKlass java/lang/reflect/AnnotatedElement 1 1 164 11 7 12 1 1 1 11 12 1 1 7 1 10 100 12 1 1 1 10 12 1 1 10 12 1 1 10 12 1 10 100 12 1 1 1 11 12 1 1 11 7 12 1 1 10 7 12 1 1 1 10 12 1 10 100 12 1 1 1 18 12 1 1 11 100 12 1 1 18 12 1 18 12 1 1 10 100 12 1 1 1 11 100 12 1 1 1 7 1 10 100 12 1 1 1 1 1 1 1 1 1 1 1 1 1 1 1 1 1 1 1 1 1 1 1 1 1 100 1 1 1 1 1 1 1 1 1 1 1 16 15 16 1 16 1 15 11 12 16 16 1 15 10 100 12 1 1 1 16 1 15 10 100 12 1 1 1 1 100 1 100 1 1
ciInstanceKlass java/lang/invoke/TypeDescriptor 1 0 17 100 1 100 1 1 1 1 1 1 100 1 100 1 1 1 1
ciInstanceKlass java/lang/reflect/GenericDeclaration 1 0 30 7 1 7 1 7 1 1 1 1 1 1 1 1 100 1 8 1 1 12 10 1 1 1 8 1 1 1 8 1
ciInstanceKlass java/lang/reflect/Type 1 1 17 11 7 12 1 1 1 100 1 1 1 1 1 1 1 1 1
ciInstanceKlass java/lang/invoke/TypeDescriptor$OfField 1 0 21 100 1 100 1 100 1 1 1 1 1 1 1 1 1 1 1 1 1 1 1
ciInstanceKlass java/lang/StringBuilder 1 1 422 10 7 12 1 1 1 10 12 1 10 12 1 10 12 1 1 10 7 12 1 1 1 10 7 12 1 1 1 10 12 1 10 12 1 10 12 1 10 12 1 10 12 1 10 12 1 10 12 1 10 12 1 10 12 1 10 12 1 10 12 1 10 12 1 10 12 1 10 12 1 1 10 12 1 10 12 1 1 10 12 1 1 10 12 1 10 12 1 10 12 1 10 12 1 10 12 1 10 12 1 10 12 1 10 12 10 12 1 10 12 1 10 12 1 10 12 1 1 10 12 1 10 12 1 10 12 10 12 1 1 10 12 1 10 12 1 10 12 1 10 100 12 1 1 1 9 12 1 1 10 12 1 10 12 1 1 10 12 1 1 9 12 1 1 10 100 12 1 1 1 10 100 1 10 12 1 1 10 100 12 1 1 10 12 1 10 12 1 1 100 1 100 1 8 1 10 10 12 1 1 10 12 1 10 12 1 10 12 1 1 10 12 1 10 12 1 10 12 1 10 12 1 10 12 1 10 12 10 12 1 10 12 1 10 12 1 10 12 1 10 12 1 10 12 1 10 12 1 10 12 1 10 12 1 1 10 12 1 1 10 12 1 10 12 1 10 12 1 10 12 10 12 10 12 1 10 12 1 10 12 1 10 12 10 12 1 10 12 1 10 12 1 10 12 1 10 12 1 10 12 1 10 12 1 10 12 1 10 12 1 1 10 12 1 10 12 1 1 10 12 1 10 12 1 1 10 12 1 10 12 1 1 10 12 1 10 12 1 10 12 1 10 10 12 1 10 12 1 7 1 7 1 7 1 7 1 1 1 1 5 0 1 1 1 1 1 1 1 1 1 1 1 1 1 1 1 1 1 1 1 1 1 1 1 1 1 1 1 1 1 1 1 1 1 1 1 1 1 1 1 1 1 1 1 1 100 1 1 1 7 1 1 1 1 1 1 1 1 1 1 1
instanceKlass java/lang/StringBuilder
instanceKlass java/lang/StringBuffer
ciInstanceKlass java/lang/AbstractStringBuilder 1 1 607 7 1 10 7 12 1 1 1 9 7 12 1 1 1 9 12 1 9 12 1 1 9 12 1 1 10 7 12 1 1 1 10 12 1 1 7 1 3 3 10 12 1 10 12 1 1 11 7 1 100 1 7 1 10 8 1 10 12 1 10 12 1 10 12 1 1 10 12 1 10 12 1 9 12 1 10 12 1 9 12 1 1 10 12 1 1 10 7 12 1 1 1 10 10 12 1 10 12 1 10 12 1 1 10 12 1 1 10 7 12 1 1 1 10 7 12 1 1 1 7 1 8 1 10 10 12 1 1 100 1 10 12 10 12 1 1 10 10 12 1 1 10 12 1 1 10 12 1 1 10 12 1 1 10 10 7 12 1 1 1 10 12 1 100 1 10 10 7 12 1 1 1 9 12 1 1 9 12 1 10 12 1 1 10 10 12 1 1 10 12 10 12 1 10 12 1 1 10 12 1 1 10 12 1 1 10 12 1 10 12 1 1 10 12 1 1 10 12 1 10 12 1 1 8 1 10 12 1 1 10 12 1 10 12 1 10 12 1 10 12 1 10 12 1 10 12 1 10 7 12 1 1 10 12 1 10 12 1 10 100 12 1 1 1 7 1 100 1 10 12 1 10 100 12 1 1 10 12 1 10 12 1 1 10 12 1 10 12 1 1 10 12 1 10 12 1 1 10 12 1 1 10 10 7 12 1 1 1 10 12 1 10 12 1 10 12 1 1 10 12 1 10 12 1 10 12 1 10 12 1 10 12 1 10 12 1 10 12 1 10 12 1 1 10 12 1 10 12 1 10 12 10 12 1 1 18 12 1 1 100 1 10 100 12 1 1 1 18 10 12 1 1 10 12 1 1 10 12 1 10 12 1 1 11 12 1 1 10 12 1 10 12 1 10 12 10 10 10 12 1 10 5 0 10 10 12 1 1 100 1 8 1 10 10 12 1 1 10 100 12 1 1 1 10 12 1 10 12 1 1 100 1 10 12 100 1 10 100 1 10 7 1 1 1 1 1 1 1 1 1 1 1 100 1 1 1 1 1 1 1 1 1 1 1 1 1 1 1 1 1 1 1 1 1 1 1 1 1 1 1 1 1 1 1 1 1 1 1 1 1 1 1 1 1 1 1 1 1 1 1 1 1 1 1 1 1 1 1 1 1 1 1 1 1 1 1 1 1 1 1 1 1 1 1 1 1 1 1 1 1 1 1 1 1 1 1 1 1 1 1 1 1 1 1 1 1 1 1 1 1 1 1 1 100 1 1 1 1 1 1 1 1 1 1 1 1 1 1 1 1 1 100 1 1 1 1 1 1 7 1 1 16 1 15 10 12 16 15 10 12 15 10 100 12 1 1 1 1 1 1 1 100 1 100 1 1
staticfield java/lang/AbstractStringBuilder EMPTYVALUE [B 0
ciInstanceKlass java/lang/Appendable 1 0 14 100 1 100 1 1 1 1 7 1 1 1 1 1
ciInstanceKlass java/lang/CharSequence 1 1 131 11 7 12 1 1 1 18 12 1 1 100 1 10 100 12 1 1 1 18 10 100 12 1 1 1 11 12 1 1 11 7 1 11 12 1 1 10 100 12 1 1 1 11 12 1 1 100 1 10 12 1 1 10 100 12 1 1 1 100 1 10 10 12 1 1 7 1 1 1 1 1 1 1 1 1 1 1 1 1 1 1 1 1 1 1 1 1 1 1 1 1 1 1 1 1 1 1 1 1 16 1 15 11 12 16 15 11 12 15 10 100 12 1 1 1 1 1 100 1 100 1 1 100 1 1 100 1 100 1 1
instanceKlass org/apache/commons/io/output/NullPrintStream
ciInstanceKlass java/io/PrintStream 1 1 413 100 1 10 12 1 1 8 1 10 7 12 1 1 1 10 7 12 1 1 1 100 1 100 1 100 1 10 10 7 12 1 1 9 12 1 1 9 12 1 9 12 1 10 12 1 1 10 12 1 9 12 1 7 1 10 12 1 9 12 1 1 7 1 10 12 1 9 12 1 1 10 7 12 1 1 1 10 7 12 1 1 1 9 12 1 1 10 12 1 10 12 1 8 1 7 1 10 12 1 10 12 1 100 1 10 10 12 1 8 10 12 1 9 12 1 1 100 1 8 1 10 10 12 1 10 12 1 10 12 1 10 12 1 10 12 1 10 12 1 10 12 1 10 10 10 12 1 1 10 12 1 1 100 1 10 7 12 1 1 1 10 12 1 10 12 1 10 12 1 10 12 10 10 12 1 10 12 10 12 1 10 10 12 1 10 12 1 10 12 10 12 10 7 12 1 1 1 10 12 10 12 1 10 12 1 1 10 10 12 1 10 12 1 10 12 1 10 12 1 10 12 1 10 10 12 1 10 10 12 1 10 12 1 1 10 12 1 10 12 10 12 1 10 12 1 10 12 1 10 12 10 12 10 12 10 12 1 1 10 12 1 10 12 1 1 9 12 1 1 10 100 12 1 1 1 9 100 12 1 1 1 10 100 12 1 1 1 10 12 1 10 12 1 10 12 1 10 12 1 8 1 11 7 12 1 1 1 10 12 1 1 10 12 1 10 12 1 7 1 10 12 10 7 12 1 1 1 7 1 7 1 1 1 1 1 1 1 1 1 1 1 1 1 1 1 1 100 1 1 1 1 1 1 1 1 100 1 1 1 1 1 1 1 7 1 1 1 1 1 1 1 1 1 1 1 1 100 1 1 1 100 1 1 1 1 1 1 1 1 1 1 1 1 1 1 1 1 100 1 1 1 1 1 1 1 1 1 1 1 1 1 1
ciInstanceKlass java/lang/AutoCloseable 1 0 12 100 1 100 1 1 1 1 7 1 1 1
ciInstanceKlass java/io/Closeable 1 0 14 100 1 100 1 100 1 1 1 1 7 1 1 1
instanceKlass org/jenkinsci/plugins/workflow/steps/MissingContextVariableException
instanceKlass org/jenkinsci/plugins/tokenmacro/MacroEvaluationException
instanceKlass org/apache/commons/jexl/parser/ParseException
instanceKlass org/apache/commons/jexl/JexlException
instanceKlass javax/security/auth/DestroyFailedException
instanceKlass org/dom4j/DocumentException
instanceKlass org/eclipse/jetty/util/SharedBlockingCallback$BlockerFailedException
instanceKlass org/eclipse/jetty/server/Request$Handler$AbortException
instanceKlass org/eclipse/jetty/io/QuietException$Exception
instanceKlass java/awt/AWTException
instanceKlass java/beans/PropertyVetoException
instanceKlass java/sql/SQLException
instanceKlass javax/script/ScriptException
instanceKlass sun/security/ec/ECOperations$IntermediateValueException
instanceKlass hudson/remoting/Channel$CallSiteStackTrace
instanceKlass com/google/common/collect/RegularImmutableMap$BucketOverflowException
instanceKlass com/google/inject/internal/ErrorsException
instanceKlass com/google/inject/internal/InternalProvisionException
instanceKlass hudson/security/AccountCreationFailedException
instanceKlass hudson/diagnosis/OldDataMonitor$ReportException
instanceKlass hudson/util/CyclicGraphDetector$CycleDetectedException
instanceKlass org/kohsuke/args4j/CmdLineException
instanceKlass org/jvnet/hudson/reactor/ReactorException
instanceKlass hudson/remoting/ClassFilter$ClassFilterException
instanceKlass jenkins/RestartRequiredException
instanceKlass javax/xml/transform/TransformerException
instanceKlass java/beans/IntrospectionException
instanceKlass javax/xml/datatype/DatatypeConfigurationException
instanceKlass javax/xml/stream/XMLStreamException
instanceKlass hudson/model/Descriptor$FormException
instanceKlass hudson/lifecycle/RestartNotSupportedException
instanceKlass java/util/concurrent/TimeoutException
instanceKlass jenkins/ExtensionRefreshException
instanceKlass org/apache/commons/jelly/JellyException
instanceKlass javax/servlet/ServletException
instanceKlass sun/security/pkcs11/wrapper/PKCS11Exception
instanceKlass java/text/ParseException
instanceKlass hudson/util/ErrorObject
instanceKlass java/util/zip/DataFormatException
instanceKlass org/eclipse/jetty/util/IteratingCallback$AbortingException
instanceKlass org/eclipse/jetty/util/IteratingCallback$ClosedException
instanceKlass javax/xml/parsers/ParserConfigurationException
instanceKlass org/xml/sax/SAXException
instanceKlass java/security/PrivilegedActionException
instanceKlass java/lang/instrument/IllegalClassFormatException
instanceKlass java/util/concurrent/ExecutionException
instanceKlass java/lang/CloneNotSupportedException
instanceKlass java/security/GeneralSecurityException
instanceKlass org/eclipse/jetty/session/UnreadableSessionDataException
instanceKlass jakarta/servlet/ServletException
instanceKlass sun/nio/fs/WindowsException
instanceKlass org/eclipse/jetty/http2/hpack/HpackException
instanceKlass java/net/URISyntaxException
instanceKlass javax/management/JMException
instanceKlass java/lang/InterruptedException
instanceKlass java/io/IOException
instanceKlass java/lang/ReflectiveOperationException
instanceKlass java/lang/RuntimeException
ciInstanceKlass java/lang/Exception 1 1 40 10 7 12 1 1 1 10 12 1 10 12 1 10 12 1 10 12 1 100 1 1 1 1 5 0 1 1 1 1 1 1 1 1 1 1 1 1 1 1
instanceKlass hudson/model/UpdateCenter$DownloadJob$InstallationStatus
instanceKlass org/eclipse/jetty/util/ConstantThrowable
instanceKlass java/lang/Exception
instanceKlass java/lang/Error
ciInstanceKlass java/lang/Throwable 1 1 404 10 7 12 1 1 1 9 7 12 1 1 1 9 12 1 1 9 12 1 9 12 1 1 9 12 1 10 12 1 1 9 12 1 1 10 12 1 1 10 12 1 100 1 7 1 10 8 1 10 12 1 1 8 1 10 7 12 1 1 10 10 12 1 100 1 8 1 10 10 12 1 1 10 7 12 1 1 10 12 1 8 1 9 7 12 1 1 1 10 12 1 1 100 1 10 12 10 12 1 10 100 12 1 1 1 100 1 10 12 10 12 1 10 12 1 100 1 10 10 7 12 1 1 1 11 100 12 1 1 1 10 12 1 1 10 12 1 1 8 1 10 12 1 10 12 1 1 8 1 8 1 10 12 1 1 10 12 1 8 1 8 1 9 12 1 1 10 12 1 1 100 1 10 11 12 1 8 1 8 1 10 7 12 1 1 8 1 10 12 1 8 1 100 1 10 12 1 9 12 1 1 10 12 1 10 7 12 1 9 12 1 1 10 12 1 1 100 1 8 1 10 12 1 10 100 12 1 1 10 12 1 1 7 1 10 100 12 1 1 1 10 12 1 11 7 12 1 1 1 11 7 12 1 1 11 12 1 8 1 10 12 1 1 8 1 10 10 9 100 12 1 1 1 8 1 10 12 1 1 11 10 100 1 8 1 10 11 12 1 1 8 1 9 12 1 10 100 12 1 1 11 9 12 1 1 11 12 1 1 100 10 12 1 10 12 1 1 7 1 1 1 1 5 0 1 1 1 1 1 1 1 1 1 1 1 1 1 7 1 1 1 1 1 1 1 1 1 1 1 1 1 1 1 1 1 1 1 1 1 1 1 1 1 1 1 1 1 1 1 1 1 1 1 1 1 1 1 1 1 1 1 1 100 1 7 1 1 1 1 1 1 1 1 1 1 1 1 1 1 1 1 1 1
staticfield java/lang/Throwable UNASSIGNED_STACK [Ljava/lang/StackTraceElement; 0 [Ljava/lang/StackTraceElement;
staticfield java/lang/Throwable SUPPRESSED_SENTINEL Ljava/util/List; java/util/Collections$EmptyList
staticfield java/lang/Throwable EMPTY_THROWABLE_ARRAY [Ljava/lang/Throwable; 0 [Ljava/lang/Throwable;
staticfield java/lang/Throwable $assertionsDisabled Z 1
ciMethod java/lang/Throwable toString ()Ljava/lang/String; 0 0 341 0 -1
ciMethod java/lang/Throwable printStackTrace (Ljava/io/PrintStream;)V 0 0 1 0 -1
ciMethod java/lang/Throwable fillInStackTrace ()Ljava/lang/Throwable; 768 0 6739 0 -1
ciMethod java/lang/Throwable getMessage ()Ljava/lang/String; 262 0 131 0 -1
instanceKlass java/security/Provider
ciInstanceKlass java/util/Properties 1 1 690 10 7 12 1 1 1 100 1 10 7 12 1 1 7 1 10 12 1 9 12 1 1 9 12 1 1 9 12 1 1 10 7 12 1 1 1 10 12 1 1 8 1 10 7 12 1 1 1 7 1 10 12 1 10 12 1 1 8 1 10 12 1 7 1 10 12 10 12 1 1 9 12 1 1 10 12 1 1 7 1 10 12 1 10 12 1 10 12 1 1 100 1 8 1 10 12 1 10 12 1 10 12 1 1 10 12 1 7 1 3 10 10 100 12 1 1 1 10 12 1 10 12 1 1 8 1 10 12 1 10 12 1 1 8 1 10 100 12 1 1 10 12 1 1 10 12 1 10 12 1 1 100 1 10 12 1 10 12 1 1 100 1 9 100 12 1 1 1 10 12 1 10 12 1 1 10 12 1 1 10 12 1 1 100 1 9 12 1 1 7 1 7 1 10 12 1 7 1 11 7 12 1 1 1 11 12 1 1 11 7 12 1 1 1 11 7 12 1 1 1 11 12 1 1 11 12 1 11 12 1 10 12 1 1 8 1 10 12 1 10 100 12 1 1 10 12 1 100 1 10 10 12 1 10 12 1 100 1 10 10 12 1 1 10 7 12 1 1 9 100 12 1 1 10 12 1 1 10 100 12 1 1 1 100 1 100 1 100 1 10 8 1 8 1 10 12 1 10 12 1 10 12 1 1 10 10 12 1 1 10 12 1 1 7 1 10 10 12 1 11 7 12 1 1 10 7 12 1 1 1 8 1 10 100 12 1 1 11 11 7 1 8 1 10 100 1 11 10 12 1 10 10 12 1 10 12 1 1 10 12 1 1 10 12 1 1 10 12 1 10 12 1 10 10 12 1 10 12 1 10 12 1 10 10 12 1 1 10 12 1 1 10 10 12 1 10 12 1 10 12 1 10 12 1 10 12 1 1 10 12 1 1 10 12 1 10 12 1 10 12 1 1 10 12 10 12 1 1 10 12 1 1 10 12 1 10 12 1 1 10 12 1 1 10 12 10 11 12 1 4 11 10 12 1 1 10 100 12 1 1 11 12 1 10 12 1 1 10 100 12 1 1 10 12 1 100 1 8 1 10 12 1 10 10 100 12 1 1 1 100 1 6 0 10 12 1 1 11 100 12 1 1 1 10 12 1 10 12 1 1 1 1 1 5 0 1 1 1 1 1 1 1 1 1 1 1 1 1 1 1 1 1 1 1 1 1 1 1 1 1 1 1 1 1 1 1 1 1 1 1 1 1 1 1 100 1 1 1 1 1 1 1 1 1 1 1 1 1 1 1 1 1 1 1 1 100 1 1 1 1 1 1 1 1 1 1 1 1 7 1 7 1 1 1 1 1 100 1 1 1 1 1 1 1 1 1 1 1 1 1 1 1 1 1 1 1 1 1 1 1 1 1 1 1 1 1 1 1 1 1 1 1 1 1 1 1 1 1 1 1 1 1 1 1 1 1 1 1 1 1 1 1 1 1 1 1 1 1 1 1 1 1 1 1 1 1 1 1 1 1 1 1 1 1 7 1 1 1 1 1 1 1 1 1 1 1 100 1 1
staticfield java/util/Properties UNSAFE Ljdk/internal/misc/Unsafe; jdk/internal/misc/Unsafe
instanceKlass java/util/Hashtable
ciInstanceKlass java/util/Dictionary 1 1 36 10 7 12 1 1 1 100 1 1 1 1 1 1 1 1 1 1 1 1 1 1 1 1 1 1 1 1 1 1 1 1 1 1 1 1
instanceKlass org/apache/tools/ant/Project$AntRefTable
instanceKlass java/util/Properties
ciInstanceKlass java/util/Hashtable 1 1 516 7 1 10 7 12 1 1 1 9 7 12 1 1 1 100 1 7 1 10 8 1 10 12 1 1 10 12 1 10 12 1 1 10 12 1 10 7 12 1 1 1 8 1 10 12 1 9 12 1 1 7 1 9 12 1 1 4 10 7 12 1 1 1 9 12 1 4 10 12 1 11 7 12 1 1 1 10 12 1 1 10 12 1 1 9 12 1 10 12 1 1 100 1 10 9 12 1 1 10 7 12 1 1 1 9 12 1 1 10 12 1 10 12 1 3 9 12 1 9 12 1 3 10 12 1 10 12 1 10 12 1 1 11 12 1 1 11 7 12 1 1 1 11 7 12 1 1 1 11 12 1 7 1 11 12 1 11 12 1 10 12 1 1 10 12 1 1 10 12 1 9 12 1 1 9 12 9 12 1 1 10 100 1 7 1 10 12 1 10 8 1 10 10 12 1 8 1 10 8 1 10 7 12 1 1 1 7 1 10 12 1 10 12 1 7 1 10 12 1 10 12 1 1 7 1 10 7 1 10 10 12 1 1 11 12 1 1 11 12 1 7 1 10 10 10 100 12 1 1 11 100 12 1 1 1 100 1 10 11 100 12 1 1 11 100 12 1 10 12 1 10 12 1 1 10 100 12 1 1 10 12 1 1 10 12 1 1 10 12 1 1 10 100 12 1 1 1 8 10 100 12 1 1 100 1 8 1 10 4 4 10 12 1 1 10 12 1 8 1 4 10 12 10 100 12 1 1 1 100 1 11 100 12 1 1 1 10 100 12 1 1 1 10 12 1 10 12 1 1 10 7 1 7 1 1 1 1 1 1 5 0 1 1 1 1 1 3 1 3 1 3 1 1 1 1 1 1 1 1 1 1 1 1 1 1 1 1 1 1 1 1 1 1 1 1 1 100 1 1 1 1 1 1 1 1 1 1 1 1 1 1 1 1 1 1 1 1 1 1 1 1 1 1 1 1 1 7 1 1 1 1 1 1 1 1 1 1 1 1 1 1 7 1 1 1 1 1 1 1 1 1 1 1 1 1 1 1 1 1 1 1 1 1 1 1 1 1 1 1 1 1 1 1 1 1 1 1 1 1 1 1 1 1 1 1 1 100 1 1 1 7 1 1 1 1 1 7 1 1 1 1 1 1 1 1 1 1 1 1 1 1 1 1 1 1
ciInstanceKlass java/lang/String 1 1 1452 10 7 12 1 1 1 8 1 9 7 12 1 1 1 9 12 1 1 9 12 1 1 9 12 1 1 10 12 1 10 12 1 1 10 12 1 1 9 12 1 10 7 12 1 1 1 10 12 1 1 10 12 1 10 7 12 1 1 1 10 12 1 1 10 12 1 1 10 12 1 10 12 1 1 10 12 1 10 7 12 1 1 1 7 1 9 7 12 1 1 1 10 7 12 1 1 1 10 12 1 1 10 12 1 1 10 7 12 1 1 1 10 12 1 1 9 7 12 1 1 10 12 9 7 12 1 1 10 12 1 1 3 10 12 1 1 7 1 11 12 1 1 11 12 1 11 12 1 1 10 7 12 1 1 1 10 12 1 1 9 100 12 1 1 1 10 12 1 1 10 12 1 11 12 1 1 10 12 1 10 12 10 12 1 1 10 7 12 1 1 1 10 7 12 1 1 1 10 12 1 1 100 1 7 1 10 12 1 10 12 1 10 12 1 1 10 12 1 1 100 1 10 12 1 1 100 1 10 12 1 1 10 12 1 1 10 12 1 10 10 12 1 10 12 1 100 1 100 1 7 1 10 12 1 10 12 1 1 10 12 1 1 10 12 1 10 12 1 1 10 12 1 1 10 100 12 1 1 100 1 11 10 7 12 1 1 11 12 1 11 12 1 10 12 1 1 10 12 1 10 12 10 12 1 1 10 10 7 12 1 1 1 10 7 12 1 1 10 12 1 1 10 7 12 1 1 10 12 1 10 12 1 1 10 12 1 1 10 12 1 10 12 1 10 12 1 1 100 1 10 12 1 1 10 12 10 12 1 10 12 1 10 12 1 1 10 7 12 1 1 1 10 12 1 10 12 1 1 10 12 1 10 12 1 3 3 10 12 1 1 10 12 1 10 12 1 1 10 12 1 1 10 12 1 1 10 12 1 10 12 1 1 10 12 1 1 10 12 1 10 12 1 10 12 1 10 12 1 1 10 12 1 10 12 1 10 12 1 10 12 1 10 12 1 10 12 1 10 7 1 10 8 1 10 12 1 1 10 12 1 8 1 10 12 1 1 10 12 10 12 1 8 1 10 10 12 1 1 10 12 1 1 10 12 1 1 10 7 1 10 10 12 1 10 12 1 10 12 1 10 10 12 1 10 12 1 10 12 1 10 12 1 10 12 1 10 12 1 10 12 1 1 10 12 1 1 10 12 1 1 10 10 12 1 1 10 10 12 1 100 1 10 10 12 1 1 10 12 1 1 10 7 1 10 12 1 10 12 1 10 7 12 1 1 1 10 12 1 10 12 1 1 10 12 1 11 7 1 11 12 10 12 1 10 12 1 1 10 12 1 1 10 10 12 1 10 12 1 9 12 1 1 11 7 12 1 1 1 10 12 10 10 12 1 10 12 1 1 10 10 12 1 10 12 1 10 12 1 1 10 12 1 1 10 10 12 1 1 10 12 1 10 10 12 1 10 12 10 10 12 10 10 12 1 10 12 1 10 10 12 10 7 12 1 1 1 10 12 10 10 12 10 12 1 10 12 10 12 10 10 12 1 10 12 1 1 10 12 1 1 10 10 12 1 10 7 12 1 1 1 10 12 1 1 10 10 7 12 1 1 1 11 10 12 1 10 12 1 1 10 12 1 1 10 7 12 1 1 1 10 12 1 10 12 1 10 12 1 10 12 1 10 12 1 10 12 1 100 1 7 1 8 1 10 10 10 12 1 10 12 1 1 8 1 10 12 1 3 3 10 12 1 10 12 1 1 10 12 7 1 10 10 12 1 1 10 12 1 10 12 1 10 12 1 1 10 12 1 1 11 7 12 1 1 1 7 1 10 12 1 10 12 1 1 8 1 10 12 1 1 10 12 1 11 7 12 1 1 1 11 7 12 1 1 11 12 1 10 12 1 10 12 1 1 10 10 7 12 1 1 1 10 12 1 10 12 1 10 10 12 10 12 1 1 10 10 12 1 10 10 12 1 10 10 12 1 10 10 12 1 10 12 1 1 10 10 12 1 8 1 10 12 1 1 18 12 1 1 11 100 12 1 1 1 7 1 3 18 12 1 18 12 1 8 1 10 100 12 1 1 1 11 12 1 1 10 12 10 10 12 1 10 11 12 1 1 10 12 1 1 11 12 1 18 3 11 10 12 1 11 11 10 12 1 10 12 1 1 8 1 10 12 1 10 12 1 10 12 1 1 10 10 12 1 11 100 12 1 7 1 100 1 10 7 1 10 10 7 12 1 1 1 100 1 10 7 1 10 10 12 1 10 10 12 1 8 1 10 10 12 1 8 1 8 1 10 12 1 10 12 1 10 10 12 10 7 12 1 1 10 7 12 1 1 10 7 12 1 1 8 1 10 12 1 10 12 1 10 9 12 1 10 12 9 7 12 1 1 1 10 12 1 10 12 1 10 12 1 10 12 10 12 1 10 12 1 8 1 10 100 12 1 1 1 10 12 10 12 1 1 10 12 10 10 12 10 12 7 1 9 12 1 1 7 1 10 7 1 7 1 7 1 7 1 1 1 1 1 1 5 0 1 1 1 1 1 3 1 3 1 1 1 1 1 1 1 1 1 1 1 1 1 1 1 100 1 1 1 1 1 1 1 1 1 1 1 1 1 1 1 1 1 1 1 1 1 1 1 1 1 1 1 1 1 1 1 100 1 1 1 1 1 1 1 1 1 1 1 1 7 1 1 1 1 1 1 1 1 1 1 1 1 1 1 1 1 1 1 1 1 1 1 1 1 1 1 1 1 1 1 1 1 1 1 1 1 1 1 1 1 1 1 1 1 1 1 1 1 1 1 1 1 1 1 1 1 1 1 1 1 1 1 1 1 1 1 1 1 1 1 1 1 1 1 1 1 1 1 1 1 1 1 1 1 1 1 1 1 1 1 1 1 1 1 1 1 1 1 1 1 1 1 1 1 1 1 1 1 1 1 1 1 1 1 1 1 1 1 1 1 1 1 1 1 1 1 1 1 1 1 1 1 1 1 1 1 1 1 1 1 1 1 1 1 1 1 1 1 1 1 1 1 1 1 1 1 1 1 1 1 1 1 1 1 1 1 1 1 1 1 1 1 1 1 100 1 1 1 1 1 1 1 1 1 1 1 1 1 1 1 1 1 1 1 1 1 1 1 100 1 1 1 1 1 1 1 1 1 1 1 1 1 1 1 7 1 1 1 1 1 1 1 1 1 1 1 1 1 1 1 16 15 10 12 16 15 10 12 15 10 12 15 10 12 15 10 100 12 1 1 1 1 1 1 1 100 1 100 1 1 1
staticfield java/lang/String COMPACT_STRINGS Z 1
staticfield java/lang/String serialPersistentFields [Ljava/io/ObjectStreamField; 0 [Ljava/io/ObjectStreamField;
staticfield java/lang/String CASE_INSENSITIVE_ORDER Ljava/util/Comparator; java/lang/String$CaseInsensitiveComparator
ciMethod java/lang/String equals (Ljava/lang/Object;)Z 564 0 10522 0 -1
ciInstanceKlass java/lang/constant/ConstantDesc 1 0 37 100 1 100 1 1 1 1 7 1 1 1 1 100 1 100 1 100 1 100 1 100 1 100 1 100 1 100 1 100 1 1 100 1 100 1 1
ciInstanceKlass jdk/internal/misc/VM 1 1 320 10 7 12 1 1 1 9 7 12 1 1 1 9 12 1 1 7 1 7 1 10 8 1 10 12 1 1 10 12 1 10 12 1 1 10 12 1 10 12 1 10 12 1 9 12 1 1 8 1 10 12 1 9 12 1 1 9 12 1 9 12 1 3 10 7 12 1 1 1 9 12 1 1 100 1 8 1 10 11 7 12 1 1 1 7 1 10 100 12 1 1 1 10 12 1 8 1 8 1 10 12 1 1 8 1 10 12 1 1 10 7 12 1 1 1 10 12 1 1 10 7 12 1 1 1 5 0 8 1 8 1 8 1 10 12 1 1 10 12 1 1 10 7 12 1 1 1 10 12 1 9 12 1 100 1 10 12 1 10 7 12 1 1 9 12 1 9 12 1 9 7 12 1 1 1 9 12 1 9 12 1 9 12 1 9 12 1 9 12 1 10 12 1 10 12 1 10 12 1 10 12 1 10 12 1 9 7 12 1 1 1 5 0 10 1 1 3 1 3 1 3 1 3 1 3 1 1 1 1 1 1 1 1 1 3 1 3 1 3 1 1 1 1 1 1 1 7 1 1 1 100 1 1 1 1 1 1 1 1 1 1 1 1 1 1 1 1 1 1 1 1 1 1 1 1 1 1 1 1 1 1 1 1 1 1 1 1 1 1 1 1 1 1 1 1 1 1 1 1 1 1 1 1 1 1 1 1 1 1 1 1 100 1 1 7 1 1 1 1
staticfield jdk/internal/misc/VM lock Ljava/lang/Object; java/lang/Object
ciInstanceKlass java/lang/InternalError 0 0 34 10 100 12 1 1 1 10 12 1 10 12 1 10 12 1 100 1 1 1 1 5 0 1 1 1 1 1 1 1 1 1 1 1
instanceKlass org/apache/commons/jexl/parser/Parser$LookaheadSuccess
instanceKlass org/apache/commons/jexl/parser/TokenMgrError
instanceKlass org/kohsuke/args4j/IllegalAnnotationError
instanceKlass net/java/sezpoz/IndexError
instanceKlass com/google/common/util/concurrent/ExecutionError
instanceKlass java/util/ServiceConfigurationError
instanceKlass java/lang/AssertionError
instanceKlass java/lang/VirtualMachineError
instanceKlass java/lang/LinkageError
ciInstanceKlass java/lang/Error 1 1 40 10 7 12 1 1 1 10 12 1 10 12 1 10 12 1 10 12 1 100 1 1 1 1 5 0 1 1 1 1 1 1 1 1 1 1 1 1 1 1
instanceKlass java/lang/StackOverflowError
instanceKlass java/lang/OutOfMemoryError
instanceKlass java/lang/InternalError
ciInstanceKlass java/lang/VirtualMachineError 1 1 34 10 100 12 1 1 1 10 12 1 10 12 1 10 12 1 100 1 1 1 1 5 0 1 1 1 1 1 1 1 1 1 1 1
ciInstanceKlass java/util/Iterator 1 1 53 100 1 8 1 10 12 1 1 10 7 12 1 1 1 11 7 12 1 1 1 11 12 1 1 11 7 12 1 1 1 7 1 1 1 1 1 1 1 1 1 1 1 1 1 1 1 1 1 1 1 1 1
ciInstanceKlass java/util/Map$Entry 1 1 178 18 12 1 1 7 1 7 1 18 10 100 12 1 1 1 18 12 1 18 100 1 11 7 12 1 1 1 11 12 1 11 7 12 1 1 1 10 100 12 1 1 1 10 7 12 1 1 1 8 1 10 12 1 1 8 1 8 1 8 1 10 12 1 10 12 1 8 10 7 1 10 12 1 8 10 12 1 8 1 10 12 1 8 10 12 1 8 1 10 12 1 1 8 1 100 1 8 1 10 12 1 1 11 12 7 1 11 12 1 1 1 1 1 1 1 1 1 1 1 1 1 1 1 1 1 1 1 1 1 1 1 1 1 1 1 1 1 1 1 1 1 1 1 1 1 1 1 16 15 11 12 16 3 3 15 11 12 15 11 12 15 11 12 15 10 7 12 1 1 1 1 1 100 1 100 1 1
instanceKlass java/util/jar/JarVerifier$VerifierStream
instanceKlass org/apache/tools/zip/ZipFile$BoundedInputStream
instanceKlass org/apache/tools/ant/util/ReaderInputStream
instanceKlass org/eclipse/jetty/io/content/ContentSourceInputStream
instanceKlass org/apache/tools/ant/util/FileUtils$1
instanceKlass sun/net/www/http/ChunkedInputStream
instanceKlass sun/nio/ch/NioSocketImpl$1
instanceKlass java/net/Socket$SocketInputStream
instanceKlass sun/security/ssl/SSLSocketImpl$AppInputStream
instanceKlass java/io/ObjectInputStream$PeekInputStream
instanceKlass java/io/ObjectInputStream$BlockDataInputStream
instanceKlass hudson/FilePath$1
instanceKlass hudson/remoting/RemoteInputStream
instanceKlass jakarta/servlet/ServletInputStream
instanceKlass java/io/ObjectInputStream
instanceKlass com/sun/org/apache/xerces/internal/impl/XMLEntityManager$RewindableInputStream
instanceKlass jdk/nio/zipfs/ZipFileSystem$EntryInputStream
instanceKlass sun/nio/ch/ChannelInputStream
instanceKlass java/util/zip/ZipFile$ZipFileInputStream
instanceKlass java/io/FilterInputStream
instanceKlass java/io/FileInputStream
instanceKlass java/io/ByteArrayInputStream
ciInstanceKlass java/io/InputStream 1 1 195 7 1 10 7 12 1 1 1 100 1 10 10 7 12 1 1 1 10 7 12 1 1 1 10 12 1 7 1 3 10 12 1 1 100 1 8 1 10 12 1 10 7 12 1 1 1 3 7 1 8 1 10 10 7 12 1 1 1 7 1 10 11 7 12 1 1 1 10 12 1 1 11 12 1 1 11 7 12 1 1 1 11 12 1 1 7 1 10 7 12 1 1 1 5 0 10 12 1 10 12 1 1 100 1 10 8 1 10 8 1 8 1 10 12 1 1 10 7 12 1 1 1 7 1 5 0 10 12 1 100 1 7 1 1 1 1 3 1 3 1 1 1 1 1 1 1 1 1 1 1 1 1 1 1 1 1 1 1 1 1 1 1 1 1 1 1 1 1 1 1 1 1 1 1 1 1 1 1 1 1 1 1 1 1 1 1 1 1 1 1 1 1 1 1
instanceKlass org/apache/tools/ant/types/resources/ZipResource$1
instanceKlass sun/net/www/protocol/http/HttpURLConnection$HttpInputStream
instanceKlass sun/net/www/MeteredStream
instanceKlass org/apache/tools/tar/TarInputStream
instanceKlass org/apache/commons/io/input/ProxyInputStream
instanceKlass java/security/DigestInputStream
instanceKlass org/kohsuke/stapler/TruncatedInputStream
instanceKlass java/io/DataInputStream
instanceKlass sun/net/www/protocol/jar/JarURLConnection$JarURLInputStream
instanceKlass java/util/jar/Manifest$FastInputStream
instanceKlass java/util/zip/InflaterInputStream
instanceKlass java/io/BufferedInputStream
ciInstanceKlass java/io/FilterInputStream 1 1 62 10 7 12 1 1 1 9 7 12 1 1 1 10 12 1 1 10 12 1 10 10 12 1 1 10 12 1 10 12 1 10 12 1 1 10 12 1 10 12 1 1 1 1 1 1 1 1 1 100 1 1 1 1 1 1 1 1 1 1 1 1
ciInstanceKlass jdk/internal/misc/Unsafe 1 1 1287 10 7 12 1 1 1 9 7 12 1 1 1 9 12 1 1 10 12 1 1 10 7 12 1 1 1 10 12 1 1 10 12 1 1 10 12 1 1 10 12 1 1 10 12 1 1 10 12 1 1 10 12 1 1 10 12 1 1 10 12 1 1 10 12 1 1 10 12 1 1 10 12 1 1 10 12 1 1 10 12 1 10 12 1 100 1 10 10 12 1 1 10 12 1 1 5 0 10 12 1 1 10 12 1 1 10 7 12 1 1 1 10 12 1 1 10 12 1 10 12 1 10 12 1 1 10 12 1 1 10 12 1 10 12 1 7 1 7 1 10 8 1 10 12 1 1 10 12 1 8 1 10 12 1 1 10 12 1 10 12 1 10 12 1 1 10 12 1 10 12 1 1 10 12 1 1 10 12 1 10 12 1 10 12 1 10 12 1 1 10 12 1 10 12 1 10 12 1 1 10 12 1 5 0 5 0 5 0 10 12 1 10 12 1 10 12 1 10 12 1 10 12 1 10 12 1 10 12 1 10 12 1 10 12 1 1 10 12 1 10 12 1 7 1 8 1 10 100 1 10 10 12 1 1 10 12 1 1 10 12 1 10 12 1 1 10 12 1 1 10 12 1 10 12 1 1 10 12 1 9 7 12 1 1 9 12 1 100 1 10 10 12 1 1 8 1 10 8 1 8 1 10 12 1 1 9 7 12 1 1 1 9 7 1 9 7 1 9 7 1 9 9 7 1 9 7 1 9 7 1 10 12 1 1 10 12 1 1 10 12 1 1 10 12 1 1 5 0 5 0 9 12 1 1 10 12 1 10 12 1 10 12 1 1 10 12 1 1 10 12 1 8 1 3 10 12 1 1 10 12 1 1 10 12 1 10 12 1 1 10 12 1 1 10 12 1 10 12 1 10 12 1 10 12 1 10 12 1 10 12 1 1 10 12 1 1 10 12 1 10 12 1 10 12 1 10 12 1 10 12 1 10 12 1 1 10 12 1 1 10 12 1 10 12 1 10 12 1 10 12 1 10 12 1 10 12 1 1 10 12 1 1 10 12 1 1 10 12 1 1 10 12 1 10 12 1 10 12 1 10 12 1 10 12 1 10 12 1 10 12 1 1 10 12 1 1 10 12 1 10 12 1 10 12 1 10 12 1 10 12 1 10 12 1 10 12 1 1 10 12 1 1 10 12 1 10 12 1 10 12 1 10 12 1 10 12 1 10 12 1 10 12 1 10 12 1 1 10 12 1 10 12 1 10 12 1 10 12 1 10 12 1 1 10 12 1 10 12 1 10 12 1 10 12 1 10 12 1 10 12 1 10 12 1 10 12 1 1 10 12 1 10 12 1 10 12 1 10 12 1 10 12 1 10 12 1 1 10 12 1 10 12 1 10 12 1 1 10 12 1 10 12 1 10 12 1 10 12 1 10 12 1 10 12 1 10 12 1 10 12 1 10 12 1 10 12 1 10 12 1 10 12 1 10 12 1 10 12 1 10 12 1 10 12 1 10 12 1 10 12 1 10 12 1 10 12 1 10 12 1 10 12 1 10 12 1 100 1 10 100 1 10 9 12 1 5 0 10 12 1 1 5 0 10 12 1 5 0 10 12 1 10 12 1 10 12 1 1 10 12 1 1 10 12 1 10 12 1 10 12 1 10 12 1 1 10 12 1 10 12 1 10 12 1 10 12 1 10 12 1 1 10 12 1 10 12 1 10 12 1 10 12 1 1 10 12 1 10 12 1 10 12 1 1 10 12 1 10 12 1 10 12 1 10 12 1 1 10 12 1 10 10 12 1 1 10 12 1 10 12 1 1 10 12 1 10 12 5 0 5 0 5 0 10 12 1 1 10 12 1 10 12 1 10 12 10 100 12 1 1 8 1 100 1 11 12 1 1 8 1 11 12 1 1 10 100 12 1 1 10 12 1 10 12 1 10 12 1 10 12 1 10 12 1 1 10 12 1 10 12 1 10 12 1 10 12 1 10 12 1 10 12 1 10 7 1 10 12 1 9 12 1 7 1 9 12 1 7 1 9 12 1 7 1 9 12 1 7 1 9 12 1 7 1 9 12 1 7 1 9 12 1 7 1 9 12 1 7 1 9 12 1 10 12 1 9 12 1 9 12 1 9 12 1 9 12 1 9 12 1 9 12 1 9 12 1 9 12 1 9 12 1 9 12 1 1 1 3 1 1 1 1 1 1 1 1 1 1 1 1 1 1 1 1 1 1 1 1 1 1 1 1 1 1 1 1 1 1 1 1 1 1 1 1 1 1 1 1 1 1 1 1 1 1 1 1 1 1 1 1 1 1 1 1 1 1 1 1 1 1 1 1 1 1 1 1 1 1 1 1 1 1 1 1 1 1 1 1 1 1 1 1 1 1 1 1 1 100 1 1 1 1 1 1 1 1 1 1 1 1 1 1 1 1 1 1 1 1 1 1 1 1 1 1 1 1 1 1 1 1 1 1 1 1 1 1 1 1 1 1 1 1 1 1 1 1 1 1 1 1 1 1 1 1 1 1 1 1 1 1 1 1 1 1 1 1 1 1 1 1 1 1 1 1 1 1 1 1 1 1 1 1 1 1 1 1 1 1 1 1 1 1 1 1 1 1 1 1 1 1 1 1 1 1 1 1 1 1 1 1 1 1 1 1 1 1 1 1 1 1 1 1 1 1 1 1 1 1 1 1 1 1 1 1 1 1 1 1 1 1 1 1 1 1 1 1 1 1 1 1 1 1 1 1 1 1 1 1 1 1 1 1 1 1 1 1 1 1 1 1 1 1 1 1 1 1 1 1 1 1 1 1 1 1 1 1 1 1 1 1 1 1 1 1 1 1 1 1 1 1 1 1 1 1 3 1 1 1 1 1 1 1 1 1 1 1 1 1 1 1 1 1 1 1 1 1
staticfield jdk/internal/misc/Unsafe theUnsafe Ljdk/internal/misc/Unsafe; jdk/internal/misc/Unsafe
staticfield jdk/internal/misc/Unsafe ARRAY_BOOLEAN_BASE_OFFSET I 16
staticfield jdk/internal/misc/Unsafe ARRAY_BYTE_BASE_OFFSET I 16
staticfield jdk/internal/misc/Unsafe ARRAY_SHORT_BASE_OFFSET I 16
staticfield jdk/internal/misc/Unsafe ARRAY_CHAR_BASE_OFFSET I 16
staticfield jdk/internal/misc/Unsafe ARRAY_INT_BASE_OFFSET I 16
staticfield jdk/internal/misc/Unsafe ARRAY_LONG_BASE_OFFSET I 16
staticfield jdk/internal/misc/Unsafe ARRAY_FLOAT_BASE_OFFSET I 16
staticfield jdk/internal/misc/Unsafe ARRAY_DOUBLE_BASE_OFFSET I 16
staticfield jdk/internal/misc/Unsafe ARRAY_OBJECT_BASE_OFFSET I 16
staticfield jdk/internal/misc/Unsafe ARRAY_BOOLEAN_INDEX_SCALE I 1
staticfield jdk/internal/misc/Unsafe ARRAY_BYTE_INDEX_SCALE I 1
staticfield jdk/internal/misc/Unsafe ARRAY_SHORT_INDEX_SCALE I 2
staticfield jdk/internal/misc/Unsafe ARRAY_CHAR_INDEX_SCALE I 2
staticfield jdk/internal/misc/Unsafe ARRAY_INT_INDEX_SCALE I 4
staticfield jdk/internal/misc/Unsafe ARRAY_LONG_INDEX_SCALE I 8
staticfield jdk/internal/misc/Unsafe ARRAY_FLOAT_INDEX_SCALE I 4
staticfield jdk/internal/misc/Unsafe ARRAY_DOUBLE_INDEX_SCALE I 8
staticfield jdk/internal/misc/Unsafe ARRAY_OBJECT_INDEX_SCALE I 4
staticfield jdk/internal/misc/Unsafe ADDRESS_SIZE I 8
instanceKlass org/apache/tools/ant/AntClassLoader
instanceKlass hudson/util/DelegatingClassLoader
instanceKlass com/thoughtworks/xstream/core/util/ClassLoaderReference
instanceKlass com/thoughtworks/xstream/core/util/CompositeClassLoader
instanceKlass jdk/internal/reflect/DelegatingClassLoader
instanceKlass java/security/SecureClassLoader
ciInstanceKlass java/lang/ClassLoader 1 1 1108 9 7 12 1 1 1 10 7 12 1 1 1 9 12 1 1 10 7 12 1 1 1 7 1 10 12 1 1 10 12 1 1 9 12 1 1 10 12 1 1 100 1 10 12 1 10 12 1 1 10 7 12 1 1 1 100 1 8 1 10 12 1 10 7 12 1 1 1 10 7 12 1 10 7 1 10 7 1 7 1 7 1 10 12 1 10 12 1 9 12 1 1 10 10 7 12 1 1 1 9 12 1 1 9 12 1 9 12 1 1 9 12 1 9 12 1 1 9 12 1 1 7 1 10 12 1 9 12 1 1 10 12 1 1 10 7 12 1 1 1 9 12 1 9 12 1 1 9 12 1 10 12 1 1 9 12 10 12 1 1 7 1 10 8 1 10 12 1 1 10 12 1 10 7 1 7 1 10 12 1 1 10 7 12 1 1 1 8 1 10 12 1 10 12 1 10 12 1 1 10 12 1 1 10 12 1 1 10 12 1 1 10 12 1 1 10 12 1 7 1 10 12 1 10 7 12 1 1 1 10 12 1 1 10 12 1 10 12 1 10 12 1 10 12 1 10 12 1 1 10 10 12 1 10 12 1 10 100 12 1 1 10 12 1 1 10 12 1 1 10 12 1 100 1 10 12 1 7 1 10 12 1 10 7 12 1 1 1 10 10 12 1 1 10 12 1 1 7 1 8 1 10 8 1 10 12 1 10 12 1 100 1 8 1 10 12 1 1 10 12 1 1 10 10 12 1 1 10 12 1 1 10 12 1 1 10 7 1 10 12 1 1 10 12 1 1 10 12 1 1 10 12 1 1 10 12 1 1 10 12 1 1 10 12 1 10 7 12 1 1 1 10 12 1 10 12 1 10 12 1 1 10 12 1 10 12 1 10 12 1 10 12 1 1 10 12 1 10 12 1 1 8 1 9 12 1 10 12 1 1 8 1 8 1 10 7 12 1 1 100 1 10 10 12 10 12 1 10 12 1 10 12 1 10 12 1 1 10 7 12 1 1 10 12 1 10 7 1 7 1 10 12 1 1 10 12 1 10 7 1 10 12 1 100 1 18 12 1 10 100 12 1 1 1 10 7 12 1 1 1 10 7 12 1 1 10 12 1 10 12 1 100 1 10 12 1 8 1 10 10 12 1 1 10 12 1 10 12 1 1 7 1 10 12 1 10 12 1 1 10 7 12 1 1 10 12 1 8 1 100 1 10 10 12 1 9 12 1 10 7 12 1 1 10 12 1 7 1 8 1 10 12 1 10 8 1 8 1 10 12 1 1 10 12 1 1 10 12 1 1 10 7 12 1 1 7 1 100 1 10 12 1 1 7 1 7 1 10 7 12 1 1 10 12 1 10 12 1 1 10 12 1 10 12 1 1 10 12 1 1 9 100 12 1 1 1 10 12 1 1 10 12 1 10 12 1 10 12 1 1 10 12 1 8 1 7 1 18 12 1 1 10 12 1 1 10 12 1 10 12 1 10 12 1 8 1 10 12 1 10 12 1 18 12 1 11 100 12 1 1 1 100 1 10 12 1 1 10 12 1 10 11 12 1 1 10 18 10 12 1 1 11 7 12 1 18 12 1 11 12 1 1 10 12 10 12 1 1 10 12 1 1 100 1 8 1 10 10 12 1 8 1 8 1 10 100 12 1 1 10 12 1 100 1 10 10 12 1 8 1 8 1 8 1 10 12 1 10 12 1 1 10 12 1 10 7 12 1 1 1 11 7 12 1 1 100 1 10 11 10 12 1 10 12 1 10 12 1 1 9 7 12 1 1 9 12 1 1 9 12 9 12 1 9 12 1 9 12 1 8 10 12 1 1 10 7 12 1 1 1 10 12 1 1 10 12 1 1 10 12 1 10 10 12 1 11 12 1 1 10 100 12 1 1 1 100 1 10 12 1 10 12 1 10 12 1 1 1 1 1 1 1 1 1 1 1 1 1 1 1 1 1 1 1 1 1 1 1 1 1 1 1 1 100 1 1 1 1 1 1 1 1 1 1 1 1 1 1 1 1 1 1 1 1 1 100 1 1 1 1 1 1 1 1 1 1 7 1 1 1 1 1 1 1 1 1 1 1 1 1 1 1 1 1 1 1 1 1 1 1 1 1 1 1 1 1 1 1 1 1 1 1 1 1 1 1 1 1 100 1 1 1 1 1 1 1 1 1 1 1 1 1 1 1 1 1 1 1 7 1 1 1 1 1 1 1 1 1 1 1 1 1 1 1 1 1 1 1 1 1 1 1 1 1 1 1 1 1 1 1 1 1 1 1 1 1 1 1 1 1 1 1 1 1 1 1 1 1 1 100 1 1 1 1 1 1 1 1 1 1 1 1 1 1 1 1 1 1 1 1 1 1 1 1 1 1 1 1 1 1 1 1 1 1 1 1 1 1 1 1 1 1 1 1 1 1 16 1 15 10 12 16 1 16 15 10 12 16 1 16 1 15 10 12 16 15 10 12 16 15 10 12 16 15 10 100 12 1 1 1 1 1 100 1 100 1 1
staticfield java/lang/ClassLoader nocerts [Ljava/security/cert/Certificate; 0 [Ljava/security/cert/Certificate;
staticfield java/lang/ClassLoader $assertionsDisabled Z 1
ciInstanceKlass java/lang/reflect/Constructor 1 1 439 10 100 12 1 1 1 10 100 12 1 1 9 7 12 1 1 1 10 12 1 1 10 12 1 1 10 100 12 1 1 9 12 1 1 10 7 12 1 1 1 9 12 1 1 9 12 1 1 9 12 1 9 12 1 1 9 12 1 9 12 1 1 9 12 1 1 9 12 1 100 1 8 1 10 12 1 10 12 1 9 12 1 1 10 7 12 1 1 10 7 12 1 1 1 10 12 1 1 10 12 1 1 10 12 1 7 1 100 1 8 1 10 10 12 1 10 12 1 10 12 1 1 10 12 1 1 9 100 12 1 1 1 10 7 12 1 1 10 12 1 1 10 12 1 10 12 1 1 10 7 12 1 1 1 10 100 12 1 1 10 12 1 1 10 12 1 10 7 12 1 1 1 8 1 10 10 12 1 100 1 8 1 10 12 1 10 12 1 1 10 12 1 1 10 12 1 10 12 1 10 12 1 1 10 12 1 1 9 12 1 1 10 12 1 1 10 12 1 1 10 12 1 1 11 7 12 1 1 1 10 12 1 1 10 12 1 10 12 1 10 12 1 8 1 9 12 1 1 10 7 12 1 1 1 10 7 12 1 1 10 12 1 1 10 12 1 1 10 12 1 1 10 12 1 1 10 12 1 9 7 12 1 1 10 12 1 10 12 1 10 12 1 100 1 8 1 10 10 12 1 1 10 12 1 10 10 12 1 1 10 12 1 1 10 100 12 1 1 1 11 100 12 1 1 1 10 12 1 1 9 100 12 1 1 1 10 100 12 1 1 1 10 12 1 1 1 1 1 1 1 1 1 1 1 1 1 1 1 1 1 1 1 1 1 1 1 1 1 1 1 1 1 1 1 1 1 1 1 1 1 1 1 1 1 1 1 1 1 1 1 1 1 1 1 1 100 1 100 1 100 1 100 1 1 1 1 1 1 1 1 1 1 1 1 1 1 1 1 1 1 1 1 1 1 1 1 1 1 1 1 1 1 1 1 1 100 1 1
instanceKlass java/lang/reflect/Executable
instanceKlass java/lang/reflect/Field
ciInstanceKlass java/lang/reflect/AccessibleObject 1 1 400 10 7 12 1 1 1 9 100 12 1 1 1 10 7 12 1 1 1 10 7 12 1 1 10 7 12 1 1 1 10 7 12 1 1 1 10 12 1 1 10 12 1 1 9 12 1 1 7 1 10 7 12 1 1 1 11 12 1 7 1 10 12 1 7 1 100 1 10 12 1 10 12 1 1 10 12 1 1 10 12 1 1 10 12 1 1 7 1 10 7 12 1 1 1 10 12 1 1 11 10 7 12 1 1 1 10 12 1 1 10 12 1 10 12 1 10 12 1 1 10 12 1 8 1 7 1 7 1 10 10 12 1 1 8 1 10 12 1 10 12 1 8 1 8 1 8 1 8 1 8 1 8 1 8 1 8 1 8 1 100 1 10 12 1 10 12 1 9 12 1 1 10 12 1 1 10 12 1 10 7 1 100 1 8 1 10 8 1 10 12 1 8 1 10 12 1 10 12 1 1 10 100 1 8 1 10 11 7 12 1 1 1 10 12 1 1 10 12 1 1 10 12 1 1 9 12 1 1 100 1 10 12 1 7 1 10 12 1 10 12 1 1 10 100 1 10 12 1 10 12 10 12 1 10 12 1 10 12 1 1 10 12 1 9 12 1 10 100 12 1 1 8 1 10 100 12 1 1 1 8 1 10 7 12 1 1 1 9 12 1 7 1 10 7 1 10 10 7 12 1 1 1 7 1 10 10 7 12 1 1 1 7 1 9 12 1 1 1 1 1 1 1 1 1 1 1 1 1 1 1 1 1 1 1 1 1 1 1 1 1 1 1 1 1 1 1 1 1 1 1 1 1 1 1 1 1 1 1 1 1 1 1 1 1 1 1 1 1 1 1 1 1 1 1 1 1 1 1 1 1 1 1 1 1 1 1 1 1 1 1 1 1 1 1 1 1 1 1 1
staticfield java/lang/reflect/AccessibleObject reflectionFactory Ljdk/internal/reflect/ReflectionFactory; jdk/internal/reflect/ReflectionFactory
instanceKlass java/lang/reflect/Constructor
instanceKlass java/lang/reflect/Method
ciInstanceKlass java/lang/reflect/Executable 1 1 581 10 7 12 1 1 1 10 7 12 1 1 1 10 7 12 1 1 1 11 7 12 1 1 1 10 7 12 1 1 1 10 12 1 1 10 7 12 1 1 1 10 7 12 1 1 1 10 12 1 8 1 10 10 12 1 1 10 12 1 1 10 7 12 1 1 1 18 12 1 1 11 7 12 1 1 1 8 1 8 1 8 1 10 7 12 1 1 1 11 12 1 1 7 1 8 1 8 1 10 12 1 7 1 8 1 10 12 1 8 1 11 100 12 1 1 1 7 1 11 7 12 1 1 1 11 12 1 8 1 18 8 1 10 12 1 10 12 1 1 18 8 1 10 12 1 7 1 10 12 1 10 12 1 11 12 1 10 12 1 1 8 1 8 1 10 12 1 1 10 12 1 1 10 10 12 1 9 100 12 1 1 1 10 100 12 1 1 1 10 12 1 10 12 1 1 10 7 12 1 1 10 12 1 10 12 1 10 12 1 10 7 12 1 1 7 1 10 100 12 1 1 1 10 12 1 1 10 7 12 1 1 10 12 1 10 12 1 1 9 7 12 1 1 1 10 7 10 12 1 8 1 10 12 1 10 12 1 3 100 1 8 1 10 12 1 10 12 1 10 10 12 1 10 12 1 1 8 1 8 1 8 1 9 12 1 1 9 12 1 10 12 1 100 1 8 1 10 12 1 10 12 1 10 12 1 1 10 12 1 1 10 12 1 10 12 10 12 1 7 1 10 12 1 10 12 1 1 100 1 10 7 12 1 1 1 7 1 10 7 12 1 1 1 10 12 1 1 11 7 12 1 1 10 12 1 10 100 12 1 1 1 10 12 1 1 9 12 1 10 12 1 1 10 12 1 10 12 1 1 9 7 12 1 1 1 10 7 12 1 1 1 10 12 1 10 12 1 1 9 12 1 10 10 10 10 100 12 1 1 1 10 12 1 9 12 1 10 12 1 1 9 12 1 7 1 7 1 1 1 1 1 1 1 1 1 1 1 1 1 1 1 1 1 1 1 1 1 1 1 1 1 1 1 1 1 1 1 1 1 1 1 1 100 1 1 1 1 1 1 1 1 1 1 1 1 1 1 1 1 1 1 1 100 1 1 1 1 1 1 1 1 1 1 1 1 1 1 1 1 1 1 1 1 1 1 1 1 1 1 1 1 1 1 1 1 1 1 1 1 1 1 1 1 1 1 1 7 1 1 1 1 1 1 1 1 1 1 1 1 1 1 1 1 1 1 1 1 1 1 7 1 1 16 15 16 1 16 1 15 10 12 16 15 10 7 12 1 1 1 1 1 1 100 1 1 100 1 100 1 1
ciMethod java/lang/reflect/AccessibleObject isAnnotationPresent (Ljava/lang/Class;)Z 780 0 46766 0 120
ciInstanceKlass java/lang/reflect/Member 1 1 37 100 1 10 12 1 1 100 1 100 1 1 1 1 3 1 3 1 1 1 1 1 1 1 1 1 1 1 1 1 1 1 1 1 1 1 1
instanceKlass com/sun/jna/internal/Cleaner$CleanerThread
instanceKlass hudson/TcpSlaveAgentListener
instanceKlass hudson/remoting/PingThread
instanceKlass hudson/node_monitors/AbstractNodeMonitorDescriptor$Record
instanceKlass hudson/model/Executor
instanceKlass java/util/TimerThread
instanceKlass hudson/WebAppMain$3
instanceKlass java/util/logging/LogManager$Cleaner
instanceKlass winstone/ShutdownHook
instanceKlass jdk/internal/misc/InnocuousThread
instanceKlass java/util/concurrent/ForkJoinWorkerThread
instanceKlass java/lang/ref/Finalizer$FinalizerThread
instanceKlass java/lang/ref/Reference$ReferenceHandler
instanceKlass java/lang/BaseVirtualThread
ciInstanceKlass java/lang/Thread 1 1 870 10 7 12 1 1 1 9 12 1 1 10 7 12 1 1 10 12 1 10 100 12 1 1 100 1 8 1 10 12 1 1 9 12 1 9 12 1 1 9 12 1 1 7 1 10 12 1 1 10 12 1 10 7 12 1 1 1 10 12 9 12 1 1 10 12 1 7 1 10 12 1 100 1 8 1 10 9 7 12 1 1 1 10 12 1 1 10 12 1 1 10 12 1 1 10 12 1 10 12 1 1 3 8 1 7 1 5 0 10 7 12 1 1 1 9 12 1 10 12 1 1 10 7 12 1 1 1 10 7 12 1 1 1 10 12 1 1 10 12 1 1 9 12 1 1 10 7 1 8 1 10 7 1 10 12 1 9 12 1 1 10 7 12 1 1 1 10 10 12 1 1 9 100 12 1 1 1 10 12 1 1 10 12 1 1 10 7 12 1 1 10 12 1 10 12 1 10 7 12 1 1 9 12 1 10 7 12 1 1 1 10 12 1 1 9 12 1 1 9 12 1 1 10 7 12 1 1 1 9 12 1 1 10 7 12 1 1 10 7 12 1 1 1 10 12 1 10 12 1 10 7 12 1 1 9 12 1 8 1 9 7 12 1 1 9 12 1 1 5 0 100 1 10 7 1 10 100 1 10 7 1 10 8 1 10 12 1 1 10 7 12 1 10 12 1 10 12 1 100 1 8 1 10 10 12 1 10 12 1 1 10 100 12 1 1 1 10 100 12 1 1 1 10 12 1 7 1 9 12 1 1 100 1 10 10 12 1 9 12 1 1 10 12 1 1 10 12 1 1 10 12 1 10 12 1 9 12 1 1 10 10 12 1 1 10 12 1 1 11 7 12 1 1 10 7 12 1 1 9 12 1 9 12 1 1 9 12 1 1 10 100 12 1 1 10 12 1 1 9 7 12 1 1 1 10 7 12 1 1 10 12 1 10 12 1 100 1 10 10 12 9 12 1 1 10 12 1 11 100 12 1 1 10 12 1 10 12 1 10 12 1 9 12 1 10 10 12 1 10 12 1 1 9 12 1 9 12 10 12 1 8 1 10 12 1 10 12 1 10 12 1 10 12 1 10 12 1 1 10 12 1 10 12 1 1 10 12 1 10 12 1 10 12 1 10 12 1 10 12 1 1 9 7 12 1 1 1 8 1 10 9 12 1 10 12 1 7 1 8 1 10 10 12 1 8 1 10 12 1 1 9 12 10 12 8 1 10 10 12 1 10 12 1 8 1 10 12 1 10 8 1 10 100 12 1 1 10 12 1 1 100 1 8 1 10 9 12 1 9 12 1 1 10 12 1 1 10 10 12 1 10 12 1 100 10 7 12 1 1 1 9 12 1 10 12 1 1 10 12 1 1 10 100 12 1 1 1 11 7 12 1 1 1 9 100 12 1 1 1 10 100 12 1 1 1 7 1 10 12 1 100 1 10 12 1 10 12 1 1 10 12 1 1 8 1 9 12 1 10 12 1 10 12 1 1 11 7 12 1 1 1 10 12 1 1 1 1 3 1 3 1 3 1 3 1 1 1 1 1 1 1 1 1 1 1 1 1 1 1 1 1 1 1 1 1 7 1 1 1 1 1 1 1 1 1 1 1 1 1 1 1 1 1 1 1 1 1 1 7 1 1 1 1 1 1 1 1 1 1 1 1 1 1 1 1 7 1 7 1 1 1 1 1 1 1 1 1 1 1 1 1 1 1 1 1 1 1 1 1 1 1 1 1 1 1 1 1 1 1 1 1 1 1 1 1 1 1 1 1 1 1 1 1 1 1 1 1 1 1 1 1 1 1 1 1 1 1 1 1 1 1 1 1 1 1 1 1 1 1 1 1 1 1 1 100 100 1 1 1 1 1 1 1 1 1 1 1 1 1 1 1 1 1 1 1 1 1 1 1 1 1 1 100 1 100 1 100 1 100 1 100 1 1 100 1 1 1 1 1 1 1 1 1 1 1 1 1 1 1
staticfield java/lang/Thread NEW_THREAD_BINDINGS Ljava/lang/Object; java/lang/Class
staticfield java/lang/Thread EMPTY_STACK_TRACE [Ljava/lang/StackTraceElement; 0 [Ljava/lang/StackTraceElement;
ciInstanceKlass java/lang/Runnable 1 0 11 100 1 100 1 1 1 1 1 1 1
ciInstanceKlass java/lang/System$2 1 1 643 10 7 12 1 1 1 10 7 12 1 1 1 10 12 1 1 10 12 1 1 10 12 1 1 10 12 1 1 10 12 1 1 10 12 1 10 12 1 1 10 12 1 1 7 1 10 7 12 1 1 1 10 7 12 1 1 1 10 12 1 10 12 1 10 7 12 1 1 1 10 12 1 1 10 12 1 1 10 12 1 1 10 12 1 1 10 7 12 1 1 1 10 7 12 1 1 1 10 12 1 7 1 10 12 1 10 12 1 10 12 1 1 10 12 1 10 12 1 1 10 12 1 10 12 1 10 12 1 10 12 1 10 12 1 10 12 1 1 10 12 1 1 10 12 1 10 12 1 1 10 12 1 10 12 1 1 10 7 12 1 1 1 10 12 1 10 12 1 1 10 12 1 10 7 12 1 1 1 10 7 12 1 1 1 10 7 12 1 1 1 10 12 1 1 10 12 1 1 10 12 1 1 10 7 12 1 1 1 10 12 1 1 10 12 1 1 9 7 12 1 1 1 10 7 12 1 1 1 10 12 1 1 10 7 12 1 1 1 10 12 1 1 10 12 1 1 10 12 1 1 10 7 12 1 1 10 12 1 1 10 12 1 1 10 12 1 1 10 12 1 1 10 12 1 1 10 12 1 1 10 12 1 1 10 12 1 1 10 12 1 1 10 12 1 1 10 12 1 1 10 12 1 7 1 10 12 1 1 11 100 12 1 1 10 7 12 1 1 10 12 1 1 10 12 1 10 12 1 1 10 12 1 10 12 1 1 10 12 1 10 12 1 1 10 12 1 1 10 12 1 1 7 1 10 12 1 100 1 10 10 12 1 1 10 12 1 10 7 12 1 1 1 10 12 1 1 8 1 7 1 7 1 1 1 1 1 1 1 1 1 1 1 1 1 1 1 1 1 1 1 1 1 1 1 1 1 1 1 1 1 1 1 1 1 1 1 1 1 1 1 1 1 1 1 1 1 1 1 1 1 1 1 1 1 1 1 1 1 1 1 1 1 1 1 1 1 1 1 1 1 1 1 1 1 1 1 1 1 1 1 1 1 1 1 1 1 1 1 1 1 1 1 1 1 1 1 1 1 1 1 1 1 1 1 1 1 1 1 1 1 1 1 1 1 1 1 1 1 1 1 1 1 1 1 1 1 1 1 1 1 1 1 1 1 1 100 1 1 1 1 1 1 1 1 1 1 1 1 1 1 1 1 1 1 1 1 1 1 1 1 1 1 1 1 1 1 1 1 1 1 1 1 1 1 1 1 1 1 1 1 1 1 1 1 1 1 1 1 1 1 1 1 1 1 1 1 1 1 1 1 1 1 1 1 1 1 1 7 1 1 1 1 1 1 1 1 1 1 1 1 1 1 1 1 1 1 1 1 1 1 1 1 1 1 1 1 1 1 1 1 1 1 1 1 1 1 1 12 1 1 1 100 1 1 100 1 100 1 1 100 1 1
ciInstanceKlass jdk/internal/access/JavaLangAccess 1 0 213 100 1 100 1 1 1 1 1 1 1 1 1 1 1 1 1 1 1 1 1 1 1 1 1 1 1 1 1 1 1 1 1 1 1 1 1 1 1 100 1 1 1 1 1 1 1 1 1 1 1 1 1 1 1 1 1 1 1 1 1 1 1 1 1 1 1 1 1 1 1 1 1 1 1 1 1 1 1 1 1 1 1 1 1 1 1 1 1 1 1 1 1 1 1 1 1 1 1 1 1 100 1 1 1 1 1 1 1 1 1 1 1 1 1 1 1 1 1 1 1 1 1 1 1 1 1 1 1 1 1 1 1 1 1 1 1 1 1 1 1 1 1 1 1 1 1 1 1 1 1 1 1 1 1 1 1 1 1 1 1 1 1 1 100 1 1 1 1 1 1 1 1 1 1 1 1 1 1 1 1 1 1 1 1 1 1 1 1 1 1 1 1 1 1 1 1 1 1 1 1 1 1 100 1 100 1 1 100 1 100 1 1
ciInstanceKlass java/net/URL 1 1 771 10 7 12 1 1 1 10 12 1 10 7 12 1 1 9 12 1 1 9 12 1 10 7 12 1 1 1 10 12 1 1 10 12 1 1 9 12 1 1 10 7 12 1 1 1 8 1 10 12 1 1 7 1 10 10 12 1 1 8 1 10 12 1 1 9 12 1 7 1 8 1 10 12 1 10 12 1 8 1 9 12 1 10 12 1 1 9 12 1 10 12 1 10 12 1 9 12 1 9 12 1 8 1 9 12 1 10 12 1 1 8 1 9 12 1 1 10 12 1 1 10 7 12 1 1 1 8 1 10 12 1 7 1 10 12 1 10 12 1 10 12 1 10 12 1 1 10 12 1 1 8 1 10 12 1 1 10 12 1 8 1 9 12 1 8 1 10 12 1 10 7 12 1 1 1 7 1 10 12 1 10 12 1 1 10 7 12 1 1 1 100 1 8 1 10 10 12 1 8 1 10 12 1 1 10 12 1 10 12 1 10 12 1 10 12 1 10 12 1 10 12 1 8 1 10 12 1 8 1 10 10 100 1 10 10 12 1 8 1 10 7 12 1 1 1 10 12 1 9 100 12 1 1 1 10 7 12 1 1 1 9 12 1 1 10 12 1 10 100 12 1 1 1 100 1 100 1 10 12 1 10 12 1 10 12 1 10 12 1 10 12 1 10 12 10 10 12 1 10 12 1 10 12 1 1 8 1 9 100 12 1 1 1 10 100 12 1 1 1 10 12 1 1 9 100 12 1 1 1 10 12 1 1 100 1 10 12 1 10 12 1 10 10 12 1 1 10 12 1 1 10 12 1 10 12 1 10 12 1 10 7 12 1 1 1 10 12 1 1 10 12 1 9 12 1 1 9 12 1 1 7 1 8 1 10 10 12 1 9 12 1 1 10 7 12 1 1 8 1 10 7 12 1 1 8 1 10 12 1 1 10 12 1 8 1 8 1 10 7 12 1 1 1 7 1 10 7 12 1 1 1 10 12 1 10 12 1 7 1 10 9 7 12 1 1 1 10 7 12 1 1 10 12 1 1 10 12 1 8 1 7 1 10 10 7 12 1 1 1 10 12 1 8 9 100 12 1 1 1 10 12 1 1 10 12 1 10 12 1 1 10 7 12 1 1 11 7 12 1 1 10 12 1 10 12 1 9 12 1 10 12 1 1 10 100 12 1 1 10 100 12 1 1 1 8 10 100 12 1 1 100 1 10 8 8 10 12 1 8 8 8 100 1 10 12 1 9 12 1 1 10 12 1 10 12 1 1 10 12 1 10 12 10 12 1 1 10 12 1 1 10 10 10 12 1 10 12 1 10 12 1 10 12 1 10 12 1 10 10 12 1 100 1 8 1 10 10 10 12 1 1 10 12 1 10 12 1 1 8 1 7 1 10 10 7 1 10 12 1 9 7 12 1 1 1 9 12 1 1 7 1 10 10 7 12 1 1 1 7 1 1 1 1 1 5 0 1 1 1 1 1 1 1 1 1 1 1 1 1 1 1 1 1 1 1 1 1 1 1 1 1 1 1 1 1 1 1 1 1 1 1 1 1 1 1 1 1 1 1 1 1 1 1 1 7 1 1 1 1 1 1 1 1 1 1 1 1 1 1 1 1 1 1 1 1 1 1 1 1 1 1 1 1 1 1 1 1 1 1 1 1 1 100 1 1 1 1 1 1 1 1 1 1 1 1 1 1 1 1 1 100 1 1 1 1 1 1 1 1 1 1 1 1 1 1 1 1 1 1 1
staticfield java/net/URL defaultFactory Ljava/net/URLStreamHandlerFactory; java/net/URL$DefaultFactory
staticfield java/net/URL streamHandlerLock Ljava/lang/Object; java/lang/Object
staticfield java/net/URL serialPersistentFields [Ljava/io/ObjectStreamField; 7 [Ljava/io/ObjectStreamField;
ciMethod java/lang/System arraycopy (Ljava/lang/Object;ILjava/lang/Object;II)V 256 0 128 0 -1
ciMethod java/lang/System getSecurityManager ()Ljava/lang/SecurityManager; 542 0 138009 0 80
ciMethod java/lang/System allowSecurityManager ()Z 542 0 138014 0 0
ciInstanceKlass java/lang/Module 1 1 1070 10 7 12 1 1 1 9 7 12 1 1 1 10 7 12 1 1 1 9 12 1 9 12 1 1 9 12 1 1 10 12 1 1 10 12 1 10 12 1 1 10 7 12 1 1 1 7 1 10 7 12 1 1 1 10 12 1 1 11 7 12 1 1 1 10 12 1 1 10 7 12 1 1 1 10 12 1 1 10 7 12 1 1 1 9 100 12 1 1 1 10 7 12 1 1 1 10 12 1 8 1 10 7 12 1 1 1 10 7 12 1 1 1 10 7 12 1 1 1 10 12 1 10 12 1 9 12 1 1 10 100 12 1 1 100 1 7 1 10 8 1 10 12 1 1 10 12 1 10 12 10 12 1 10 7 12 1 1 8 1 8 1 10 8 1 8 1 9 12 1 1 8 1 10 100 12 1 1 1 10 12 1 9 12 1 1 11 12 1 9 7 12 1 1 10 7 12 1 1 1 10 7 12 1 1 1 10 12 1 1 8 1 10 12 1 1 10 12 1 10 12 1 1 9 7 12 1 1 1 10 12 1 1 10 12 1 1 9 12 1 10 12 1 10 12 1 9 12 1 1 11 7 12 1 1 10 12 1 1 9 12 1 9 12 1 10 12 1 10 12 1 100 1 8 1 10 10 12 1 1 10 12 1 8 1 10 12 1 1 8 1 8 1 10 12 1 1 10 12 1 10 12 1 1 18 12 1 1 10 12 1 1 11 12 1 9 12 1 11 12 10 100 12 1 1 100 1 8 1 10 11 12 1 1 10 7 12 1 1 1 10 12 1 10 12 1 1 11 12 1 1 11 7 12 1 1 11 12 1 1 9 12 1 11 12 1 10 12 1 1 10 12 1 1 9 12 1 10 12 10 7 12 1 1 10 7 1 18 12 1 1 11 100 12 1 1 1 18 12 1 11 12 1 1 10 100 12 1 1 1 11 12 1 1 10 7 12 1 1 7 1 11 12 1 7 1 7 1 10 12 1 10 7 12 1 1 1 10 11 7 12 1 8 1 10 10 12 1 1 10 7 12 1 1 10 12 1 10 12 1 7 1 10 12 1 10 11 12 1 1 10 12 10 12 1 1 9 12 1 1 100 1 10 10 12 1 1 11 7 1 10 12 1 1 11 12 1 10 10 12 1 11 10 12 1 1 10 12 1 1 10 12 1 1 10 7 12 1 1 10 12 1 10 12 1 1 10 10 12 1 1 10 12 1 18 12 1 11 12 1 18 12 1 10 12 1 10 12 1 10 12 7 1 10 12 1 10 12 1 10 12 1 9 12 1 7 1 10 10 10 10 12 1 10 12 1 10 12 1 10 12 1 1 10 12 1 1 10 12 1 9 12 1 18 12 1 1 10 7 12 1 1 1 100 1 8 1 10 12 1 1 10 12 1 1 10 7 12 1 1 7 1 10 12 1 1 7 1 8 1 10 12 1 1 100 1 11 12 1 1 10 100 12 1 1 1 18 12 1 1 11 100 12 1 1 1 100 1 10 12 1 10 12 1 1 7 1 7 1 10 12 8 1 10 12 1 1 10 12 1 1 10 7 12 1 1 10 12 1 1 10 12 1 10 12 10 12 1 1 7 1 10 10 12 1 1 10 7 12 1 1 1 100 1 10 12 1 1 10 7 12 1 1 8 1 18 12 1 1 100 1 100 1 9 12 1 1 9 12 1 9 12 1 11 100 12 1 1 1 100 1 11 12 1 1 100 1 10 12 1 8 1 10 12 1 10 12 10 12 1 8 1 10 10 100 12 1 1 7 1 10 10 12 1 10 7 12 1 1 9 12 1 9 12 1 9 12 1 9 12 1 10 12 11 12 1 10 12 1 7 1 1 1 1 1 1 1 1 1 1 1 1 1 1 1 1 1 1 1 100 1 1 1 1 1 1 1 1 1 1 1 1 1 1 1 1 1 1 1 1 1 1 1 1 1 1 1 1 1 1 1 1 1 1 1 1 1 1 1 1 1 1 1 1 1 1 1 1 1 1 1 1 1 1 1 1 1 1 1 1 1 1 1 1 1 1 1 1 1 1 1 1 1 1 1 1 1 1 1 1 1 1 1 1 1 1 1 1 1 1 1 1 1 1 1 100 100 1 1 1 1 1 1 1 1 1 1 1 1 1 1 1 1 1 1 1 1 1 1 1 1 1 1 1 100 1 100 1 1 1 1 1 1 1 1 1 1 1 1 1 1 1 1 1 1 1 1 100 1 1 1 1 1 1 1 1 1 1 1 1 1 1 1 1 1 1 1 1 1 1 1 16 15 10 12 16 16 15 10 12 16 16 15 10 16 1 15 10 12 16 1 15 10 12 16 1 16 15 10 12 16 16 1 15 10 12 16 15 10 7 12 1 1 1 15 10 100 12 1 1 1 1 1 1 1 1 1 1 1 100 1 100 1 1 100 1 100 1 1
staticfield java/lang/Module ALL_UNNAMED_MODULE Ljava/lang/Module; java/lang/Module
staticfield java/lang/Module ALL_UNNAMED_MODULE_SET Ljava/util/Set; java/util/ImmutableCollections$Set12
staticfield java/lang/Module EVERYONE_MODULE Ljava/lang/Module; java/lang/Module
staticfield java/lang/Module EVERYONE_SET Ljava/util/Set; java/util/ImmutableCollections$Set12
staticfield java/lang/Module $assertionsDisabled Z 1
ciMethod java/lang/reflect/AnnotatedElement isAnnotationPresent (Ljava/lang/Class;)Z 778 0 47369 0 0
ciInstanceKlass java/lang/Math 1 1 460 7 1 10 7 12 1 1 1 10 7 12 1 1 1 10 12 1 10 12 1 10 12 1 10 12 1 10 12 1 6 0 6 0 10 12 1 10 12 1 10 12 1 10 12 1 10 12 1 10 12 1 1 10 12 1 10 12 1 10 12 1 10 12 1 10 12 1 10 7 12 1 1 1 100 1 3 3 3 10 7 12 1 1 1 100 1 5 0 5 0 5 0 5 0 5 0 9 100 12 1 1 1 10 100 12 1 1 1 100 1 8 1 10 12 1 8 1 10 12 1 1 10 12 1 1 7 1 5 0 5 0 7 1 3 5 0 3 5 0 10 12 1 10 12 1 10 12 1 10 12 1 10 12 1 8 1 10 12 1 8 1 10 12 1 1 10 12 1 1 9 12 1 1 9 12 1 100 1 7 1 10 10 12 1 1 8 1 10 12 1 10 12 1 1 10 10 12 1 10 12 1 10 12 1 10 12 1 1 8 1 8 1 10 12 1 1 10 12 1 10 12 10 12 10 12 1 10 12 1 10 12 1 10 12 1 10 12 6 0 10 12 1 9 12 1 1 100 1 10 10 12 1 100 1 10 12 1 10 12 1 1 10 12 1 10 12 1 10 12 10 12 1 1 10 12 1 1 10 12 1 1 10 12 6 0 10 12 1 1 10 12 10 12 1 4 10 12 1 10 12 1 10 12 10 12 1 10 12 1 10 12 1 10 12 1 10 12 1 10 12 1 5 0 6 0 4 6 0 4 6 0 4 10 12 1 9 12 1 1 10 12 9 12 1 10 7 12 1 1 1 4 6 0 1 1 6 0 1 6 0 1 6 0 1 1 1 1 1 1 1 1 1 1 1 1 1 1 1 1 1 1 1 1 1 1 1 1 1 1 1 1 1 1 1 1 1 1 1 1 1 1 1 1 1 1 1 1 1 1 1 1 1 1 1 1 1 1 1 1 1 1 1 1 1 1 1 1 1 1 1 1 1 1 1 1 1 1 1 1 1 1 1 1 1 1 1 1 1 1 1 1 1 1 1 1 1 1 1 1
staticfield java/lang/Math negativeZeroFloatBits J -2147483648
staticfield java/lang/Math negativeZeroDoubleBits J -9223372036854775808
staticfield java/lang/Math $assertionsDisabled Z 1
ciInstanceKlass java/lang/Character 1 1 604 7 1 7 1 100 1 9 12 1 1 8 1 9 12 1 1 7 1 9 12 1 1 10 7 12 1 1 1 10 100 12 1 1 1 10 100 12 1 1 1 10 7 12 1 1 1 9 7 12 1 1 1 10 12 1 10 12 1 1 10 12 1 1 10 7 12 1 1 10 12 1 1 3 3 3 3 3 10 12 1 1 10 12 1 3 11 7 12 1 1 1 11 12 1 1 10 12 1 1 10 12 1 1 100 1 10 10 12 1 3 10 12 1 1 10 12 1 10 12 1 1 100 1 8 1 10 12 1 1 10 12 1 10 12 1 10 12 1 10 100 12 1 1 1 10 12 1 10 12 1 10 12 1 1 10 12 1 10 7 12 1 1 10 10 12 1 10 10 12 1 10 12 1 1 10 12 1 10 10 12 1 10 12 1 10 12 1 10 12 1 10 12 1 10 12 1 10 12 1 10 12 10 10 12 10 10 12 1 10 10 12 1 10 10 12 1 10 10 12 1 10 12 1 10 12 1 10 12 1 10 12 1 10 12 1 10 12 1 10 10 12 1 10 10 12 1 10 10 12 1 1 10 10 12 1 10 5 0 10 12 1 10 12 1 10 10 12 1 10 10 12 1 1 10 10 12 1 10 10 12 1 9 12 1 1 100 1 10 10 12 1 10 12 1 1 3 10 100 12 1 1 1 10 12 1 10 100 12 1 1 7 1 10 10 12 1 1 10 12 1 1 10 12 1 1 8 1 10 12 1 9 100 12 1 1 1 10 12 1 10 10 12 1 10 12 1 1 10 12 1 10 10 12 1 1 10 10 12 1 1 7 1 8 1 10 12 1 1 10 7 12 1 1 1 8 1 10 12 1 1 9 12 1 1 7 1 7 1 7 1 1 1 1 3 1 3 1 3 1 3 1 1 1 1 1 3 1 1 3 1 3 1 3 1 3 1 3 1 3 1 3 1 3 1 3 1 3 1 3 1 3 1 3 1 3 1 3 1 3 1 3 1 3 1 3 1 3 1 3 1 3 1 3 1 3 1 3 1 3 1 3 1 3 1 1 1 1 1 1 1 1 1 1 1 1 1 1 1 1 1 1 1 3 1 1 1 1 1 1 1 3 1 1 3 1 1 1 1 1 3 1 1 5 0 1 1 1 1 1 1 1 1 1 1 1 1 1 1 1 1 1 1 1 1 1 1 1 1 1 1 1 1 1 1 1 1 1 1 1 1 1 1 1 1 1 1 1 1 1 1 1 1 1 1 1 1 1 1 1 1 1 1 1 1 1 1 1 1 1 1 1 1 1 1 1 1 1 1 1 1 1 1 1 1 1 1 1 1 1 1 1 1 1 1 100 1 100 1 1 1 1 1 1
staticfield java/lang/Character TYPE Ljava/lang/Class; java/lang/Class
staticfield java/lang/Character $assertionsDisabled Z 1
ciInstanceKlass java/lang/OutOfMemoryError 1 1 26 10 100 12 1 1 1 10 12 1 100 1 1 1 1 5 0 1 1 1 1 1 1 1 1 1
ciInstanceKlass java/lang/Integer 1 1 453 7 1 7 1 7 1 7 1 10 12 1 1 9 12 1 1 9 12 1 1 10 7 12 1 1 1 10 12 1 1 10 100 12 1 1 1 10 10 12 1 1 10 7 12 1 1 1 10 12 1 10 12 1 1 10 7 12 1 1 1 10 12 1 1 10 12 1 1 10 12 1 10 12 1 10 12 1 1 10 10 12 1 9 12 1 1 9 12 1 7 1 8 1 10 12 1 7 1 10 12 1 8 1 10 12 1 1 10 12 1 8 1 10 12 1 8 1 10 12 1 1 3 10 12 1 1 3 10 12 1 1 10 12 1 1 10 7 12 1 1 1 11 7 1 10 12 1 1 11 10 12 1 1 8 1 10 12 1 1 8 1 7 1 10 12 1 1 10 12 1 1 5 0 8 1 10 12 1 10 12 1 10 12 1 10 12 1 1 7 1 9 12 1 1 9 12 1 1 10 12 1 10 7 1 9 12 1 10 12 1 10 12 1 10 12 1 1 10 7 12 1 1 1 100 1 100 1 10 12 1 1 10 12 1 1 8 1 8 1 10 12 1 1 8 1 8 1 8 1 8 1 8 1 8 1 10 12 1 10 12 1 5 0 3 3 3 3 10 12 1 10 12 1 3 10 12 1 10 100 12 1 1 1 10 12 1 1 10 12 1 1 8 1 10 7 12 1 1 1 9 12 1 1 7 1 7 1 7 1 1 1 1 3 1 1 1 3 1 3 1 1 5 0 1 1 1 1 1 1 1 1 1 100 1 1 1 1 1 1 1 1 1 1 1 1 1 1 1 1 1 1 1 1 1 1 1 1 1 1 1 1 1 1 1 1 1 1 1 1 1 1 1 1 3 1 1 1 1 1 1 1 1 1 1 1 1 1 1 1 1 7 1 1 1 1 1 1 1 1 1 1 1 1 1 1 1 1 1 1 1 1 1 1 1 1 1 1 1 1 1 1 1 1 1 1 1 1 1 1 1 1 1 1 1 1 1 1 7 1 1 1 1 1 1 1 1 1 100 1 100 1 1
staticfield java/lang/Integer TYPE Ljava/lang/Class; java/lang/Class
staticfield java/lang/Integer digits [C 36
staticfield java/lang/Integer DigitTens [B 100
staticfield java/lang/Integer DigitOnes [B 100
instanceKlass com/sun/jna/IntegerType
instanceKlass java/math/BigInteger
instanceKlass java/math/BigDecimal
instanceKlass java/util/concurrent/atomic/Striped64
instanceKlass java/util/concurrent/atomic/AtomicLong
instanceKlass java/util/concurrent/atomic/AtomicInteger
instanceKlass java/lang/Long
instanceKlass java/lang/Integer
instanceKlass java/lang/Short
instanceKlass java/lang/Byte
instanceKlass java/lang/Double
instanceKlass java/lang/Float
ciInstanceKlass java/lang/Number 1 1 37 10 7 12 1 1 1 10 100 12 1 1 1 100 1 1 1 1 5 0 1 1 1 1 1 1 1 1 1 1 1 1 1 1 1 1 1
ciInstanceKlass java/lang/Thread$FieldHolder 1 1 48 10 7 12 1 1 1 9 7 12 1 1 1 9 12 1 1 9 12 1 1 9 12 1 1 9 12 1 1 1 1 1 1 1 1 1 1 100 1 100 1 1 1 1 100 1 1 1
ciInstanceKlass java/lang/Thread$Constants 0 0 59 7 1 10 7 12 1 1 1 100 1 10 10 7 12 1 1 1 7 1 8 1 10 12 1 9 7 12 1 1 1 7 1 7 1 10 12 1 10 12 1 9 12 1 1 1 1 1 1 1 1 1 1 1 1 1 1 1 1
ciInstanceKlass java/lang/ThreadGroup 1 1 411 10 7 12 1 1 1 9 7 12 1 1 1 8 1 9 12 1 1 7 1 9 12 1 1 9 12 1 1 10 7 12 1 1 1 10 12 1 1 10 12 1 10 12 1 10 12 1 10 12 1 1 10 12 1 1 10 12 1 10 12 1 1 10 12 1 10 12 1 10 100 12 1 1 1 10 12 1 1 18 12 1 1 11 7 12 1 1 1 10 7 12 1 1 1 10 7 12 1 10 12 1 1 10 12 1 1 10 12 1 1 10 100 12 1 1 1 10 12 1 11 12 1 1 11 7 12 1 1 11 12 1 1 10 12 1 1 10 12 1 10 12 1 11 12 1 11 12 1 1 100 1 10 10 12 1 100 1 10 18 12 1 1 11 7 12 1 1 1 11 12 1 1 9 12 1 1 10 12 1 1 8 1 10 7 12 1 1 1 10 100 12 1 1 1 10 12 1 1 11 12 10 12 1 1 10 12 1 1 11 7 1 9 12 1 7 1 10 8 1 10 12 1 1 10 12 1 1 8 1 10 12 1 10 7 12 1 1 1 10 12 1 1 10 7 1 8 1 10 8 1 10 12 1 10 12 1 8 1 9 12 1 1 9 12 1 10 100 12 1 1 1 100 9 12 1 1 7 1 9 12 1 10 12 10 12 1 1 100 10 12 9 12 1 10 12 1 100 1 10 11 12 1 1 7 1 10 10 12 1 10 12 1 1 1 1 1 1 1 1 1 1 1 1 1 1 1 1 1 1 3 1 1 1 1 1 1 1 1 1 1 1 1 100 1 1 1 1 1 1 1 1 1 1 1 1 1 1 1 1 1 1 1 1 1 1 1 1 1 1 1 1 1 1 1 1 1 1 1 1 1 1 1 1 1 1 1 16 15 10 12 16 16 15 10 12 16 15 10 100 12 1 1 1 1 1 100 1 100 1 1
staticfield java/lang/ThreadGroup $assertionsDisabled Z 1
ciInstanceKlass java/lang/Thread$UncaughtExceptionHandler 1 0 16 100 1 100 1 1 1 1 1 1 1 1 100 1 1 1
ciInstanceKlass java/security/AccessControlContext 1 1 374 9 7 12 1 1 1 9 12 1 1 10 100 12 1 1 1 8 1 10 100 12 1 1 1 10 7 12 1 1 1 9 12 1 9 12 1 1 9 12 1 1 10 7 12 1 1 7 1 10 12 1 11 7 12 1 1 1 11 12 1 11 12 1 11 12 1 1 7 1 11 12 1 1 10 12 1 10 7 12 1 1 1 9 100 12 1 1 1 10 7 12 1 1 1 11 100 12 1 1 1 10 7 1 100 1 8 1 10 12 1 10 12 1 1 7 1 10 7 12 1 1 1 9 12 1 9 12 1 9 12 1 9 12 1 1 9 12 1 1 9 12 1 9 12 1 10 7 12 1 1 1 9 12 1 10 12 1 1 10 12 1 1 8 1 10 12 1 1 10 12 1 1 10 7 12 1 1 1 7 1 10 10 12 1 1 10 7 12 1 1 1 10 8 1 10 7 12 1 1 8 1 10 7 12 1 1 8 1 8 1 10 12 1 8 1 10 12 1 8 1 10 12 1 10 12 1 10 12 1 1 8 1 8 1 100 1 10 12 1 10 12 1 1 100 1 10 12 1 8 1 10 12 1 10 12 1 10 8 1 10 12 1 1 10 12 1 1 10 12 1 1 10 12 1 1 10 12 1 10 12 1 11 10 12 1 10 12 1 1 10 10 10 12 1 1 1 1 1 1 1 1 1 1 1 1 1 1 1 1 1 1 1 1 1 1 1 1 100 1 1 1 1 1 1 1 1 1 1 1 1 1 1 1 1 1 1 1 1 1 1 1 1 1 1 1 1 1 1 1 1 1 1 1 1 1 1 1 1 1 1 1 1 1 1 1 1 1 1 1 1 3 1 1
instanceKlass java/lang/ThreadBuilders$BoundVirtualThread
instanceKlass java/lang/VirtualThread
ciInstanceKlass java/lang/BaseVirtualThread 0 0 36 10 100 12 1 1 1 100 1 1 1 1 1 1 1 1 1 1 1 1 1 1 1 1 1 1 1 1 100 1 100 1 1 100 1 1
ciInstanceKlass java/lang/VirtualThread 0 0 907 9 7 12 1 1 1 10 7 12 1 1 1 10 100 12 1 1 1 10 7 12 1 1 1 9 12 1 1 9 12 1 1 100 1 10 12 1 9 12 1 1 18 12 1 1 9 12 1 1 10 12 1 1 100 1 10 12 1 10 12 1 1 10 12 1 1 10 12 1 1 10 12 1 10 7 12 1 10 12 1 10 12 1 10 12 1 10 12 1 11 100 12 1 1 1 100 1 10 12 1 1 10 100 12 1 1 1 10 100 12 1 1 1 10 12 1 100 1 10 10 12 1 10 12 1 1 9 12 1 1 10 12 1 1 9 12 1 1 10 12 1 9 12 1 1 9 12 1 100 1 10 10 12 1 10 100 12 1 1 10 9 10 10 12 1 1 10 12 1 1 10 100 12 1 1 10 100 1 10 9 10 10 12 1 7 1 10 12 1 1 10 12 1 10 12 1 10 12 1 1 9 12 1 10 12 1 10 12 1 9 12 1 1 10 12 1 10 12 1 9 12 1 1 10 12 1 10 12 1 10 12 1 11 100 12 1 1 10 12 1 1 10 12 1 1 10 12 1 1 9 12 1 10 100 1 10 12 1 1 10 12 1 1 10 12 1 10 12 1 10 12 1 10 12 9 12 1 1 10 100 12 1 1 10 12 1 10 12 1 1 10 100 12 1 1 10 12 1 100 1 8 1 10 12 1 10 12 1 1 10 12 1 10 12 1 10 100 12 1 1 10 12 1 10 12 1 1 10 12 1 10 12 1 1 10 7 12 1 1 10 12 1 1 10 12 1 1 100 1 10 10 12 1 7 1 9 12 1 1 10 7 12 1 1 10 9 12 1 1 18 9 100 12 1 1 1 11 100 12 1 1 1 11 100 1 11 12 10 12 1 10 12 1 1 10 12 1 100 1 10 10 12 1 10 12 1 1 10 12 1 1 10 12 1 10 12 1 10 12 1 9 12 1 1 11 100 12 1 1 10 12 9 100 12 1 1 1 9 12 1 10 12 1 1 9 12 1 9 12 1 9 12 1 7 1 10 10 12 1 1 10 12 1 10 12 7 1 7 1 10 8 1 10 12 1 1 10 12 1 10 12 1 10 10 12 1 8 1 10 10 12 1 10 12 1 10 7 12 1 1 8 1 8 1 10 9 100 12 1 1 1 10 12 1 1 10 12 1 10 10 10 12 9 12 1 10 12 1 1 9 12 1 10 12 1 1 9 12 1 10 12 1 1 18 12 1 1 18 12 1 10 7 12 1 1 1 8 1 10 100 12 1 1 1 10 7 12 1 1 1 18 12 1 10 100 12 1 1 1 100 1 10 12 1 8 1 10 12 1 8 1 10 12 1 1 8 1 8 1 10 100 12 1 1 8 1 10 12 1 8 1 8 1 10 100 12 1 1 1 10 12 1 10 12 1 1 10 12 1 18 12 1 1 18 12 1 1 5 0 9 12 1 10 12 1 18 12 1 100 1 10 12 10 7 12 1 1 10 12 1 1 7 1 8 1 10 10 12 1 10 12 1 1 10 12 1 9 12 1 8 10 12 1 1 8 8 9 12 1 8 10 12 1 1 3 1 3 1 3 1 3 1 3 1 3 1 3 1 3 1 3 1 3 1 3 1 3 3 1 3 1 1 1 1 1 1 1 1 1 1 1 1 1 1 7 1 1 1 1 1 1 1 1 1 1 1 1 1 1 7 1 1 1 1 1 1 1 1 1 1 1 7 1 1 1 1 1 1 1 1 1 1 1 1 1 1 1 1 1 1 1 1 1 1 1 1 1 1 1 1 1 1 1 1 1 1 1 1 1 1 1 100 1 1 1 1 1 1 1 1 1 1 1 1 1 1 1 1 1 1 1 1 1 1 1 1 1 1 1 1 1 1 1 1 1 1 1 100 1 1 1 1 1 1 1 1 1 1 1 1 1 1 100 1 1 16 15 10 12 15 16 15 10 12 16 15 10 12 16 16 15 10 12 16 15 10 12 16 15 10 12 16 15 10 12 16 1 15 10 100 12 1 1 1 1 1 1 1 7 1 1 100 1 100 1 1
ciInstanceKlass java/lang/ThreadBuilders$BoundVirtualThread 0 0 132 10 7 12 1 1 1 9 7 12 1 1 1 10 7 12 1 1 1 9 12 1 1 10 12 1 1 10 12 1 1 9 12 1 1 10 7 12 1 1 1 10 12 1 1 7 1 8 1 10 12 1 10 12 1 1 10 12 1 1 10 12 1 1 10 7 12 1 1 1 8 1 10 12 1 8 1 10 12 1 1 10 100 12 1 1 9 100 12 1 1 1 10 12 1 1 10 10 12 1 1 1 1 1 1 1 1 1 1 1 1 1 1 1 1 1 1 1 1 1 1 1 1 1 1 1 1 100 1 1 1 1
ciInstanceKlass jdk/internal/vm/ContinuationScope 0 0 50 10 100 12 1 1 1 10 100 12 1 1 1 100 1 9 100 12 1 1 1 10 12 1 1 10 100 12 1 1 1 10 12 1 1 10 12 1 1 1 1 1 1 1 1 1 1 1 1 1
ciInstanceKlass jdk/internal/vm/StackChunk 0 0 32 10 100 12 1 1 1 9 100 12 1 1 1 9 12 1 1 9 12 1 1 1 1 1 1 1 1 1 1 1 1 1
ciInstanceKlass java/lang/Float 1 1 279 7 1 7 1 10 100 12 1 1 1 10 100 12 1 1 1 4 7 1 10 12 1 1 10 12 1 1 8 1 8 1 10 7 12 1 1 1 10 12 1 1 10 12 1 1 10 7 1 4 10 7 12 1 1 9 12 1 1 10 12 1 1 10 12 1 10 10 12 1 1 10 12 1 10 12 1 3 3 100 1 4 4 4 3 10 12 1 1 9 12 1 1 100 1 10 3 3 4 4 10 12 1 3 3 3 10 12 1 1 10 12 1 1 10 12 1 10 100 12 1 1 1 10 12 1 1 10 12 1 1 10 7 12 1 1 1 8 1 10 12 1 1 9 12 1 1 7 1 7 1 7 1 1 1 1 4 1 4 1 1 1 4 1 1 3 1 3 1 3 1 3 1 3 1 1 1 1 5 0 1 1 1 1 1 1 1 1 1 1 7 1 1 1 1 1 1 1 1 1 1 1 1 1 3 1 1 1 1 1 1 1 1 1 1 1 1 1 1 1 1 1 1 1 1 1 1 1 1 1 1 1 1 1 1 1 1 1 1 1 1 1 1 1 1 1 1 1 1 1 1 1 1 1 1 1 1 1 1 1 1 1 1 1 1 1 7 1 1 1 1 1 1 1 100 1 100 1 1
staticfield java/lang/Float TYPE Ljava/lang/Class; java/lang/Class
staticfield java/lang/Float $assertionsDisabled Z 1
ciInstanceKlass java/lang/Double 1 1 290 7 1 7 1 10 7 12 1 1 1 10 12 1 1 10 7 1 10 12 1 1 10 100 12 1 1 1 6 0 8 1 10 12 1 1 8 1 10 12 1 1 8 1 6 0 10 12 1 1 100 1 5 0 5 0 8 1 8 1 10 7 12 1 1 1 10 7 12 1 1 1 8 1 10 12 1 1 8 1 8 1 8 1 10 12 1 1 10 12 1 10 12 1 1 10 12 1 10 12 1 10 12 1 1 10 12 1 10 7 1 6 0 10 7 12 1 1 9 12 1 1 10 12 1 10 12 1 10 12 1 10 12 1 10 12 1 5 0 10 12 1 1 10 12 1 10 12 1 10 100 12 1 1 1 10 12 1 1 10 12 1 1 8 1 10 7 12 1 1 1 9 12 1 1 7 1 7 1 7 1 1 1 6 0 1 6 0 1 6 0 1 1 1 6 0 1 1 3 1 3 1 3 1 3 1 3 1 1 1 1 5 0 1 1 1 1 1 1 1 1 1 1 1 1 1 1 1 1 7 1 1 1 1 1 1 1 1 1 1 1 1 3 1 1 1 1 1 1 1 1 1 1 1 1 1 1 1 1 1 1 1 1 1 1 1 1 1 1 1 1 1 1 1 1 1 1 7 1 1 1 1 1 1 1 100 1 100 1 1
staticfield java/lang/Double TYPE Ljava/lang/Class; java/lang/Class
ciInstanceKlass java/lang/Byte 1 1 213 7 1 100 1 10 7 12 1 1 1 9 12 1 1 8 1 9 12 1 1 7 1 10 12 1 1 10 12 1 1 10 100 12 1 1 1 10 100 12 1 1 1 9 7 12 1 1 1 10 12 1 1 7 1 7 1 10 12 1 1 8 1 10 12 1 1 8 1 10 12 1 10 12 1 10 12 1 10 12 1 1 10 12 1 10 12 1 10 12 1 1 10 8 1 8 1 10 7 1 9 12 1 1 10 12 1 1 10 12 1 1 10 12 1 1 10 12 1 5 0 10 12 1 1 8 1 10 7 12 1 1 1 9 12 1 1 7 1 7 1 1 1 3 1 3 1 1 1 1 3 1 3 1 1 5 0 1 1 1 1 1 1 1 1 1 1 1 1 1 1 1 1 1 1 1 1 1 1 1 1 1 1 1 1 1 1 1 1 1 1 1 1 1 1 1 1 1 1 1 1 1 1 1 1 1 1 1 1 1 1 1 1
staticfield java/lang/Byte TYPE Ljava/lang/Class; java/lang/Class
ciMethod java/lang/Byte toUnsignedInt (B)I 1020 0 340976 0 80
ciInstanceKlass java/lang/Short 1 1 222 7 1 7 1 100 1 10 7 12 1 1 1 10 12 1 1 7 1 7 1 10 12 1 1 8 1 10 12 1 1 8 1 10 12 1 10 12 1 10 12 1 10 12 1 1 10 12 1 1 10 12 1 9 12 1 1 8 1 9 12 1 1 7 1 10 12 1 1 10 12 1 10 100 12 1 1 1 10 100 12 1 1 1 9 7 12 1 1 1 10 12 1 10 12 1 1 10 8 1 8 1 10 7 1 9 12 1 1 10 12 1 1 10 12 1 1 10 12 1 1 10 12 1 3 3 5 0 10 12 1 1 8 1 10 7 12 1 1 1 9 12 1 1 7 1 7 1 1 1 3 1 3 1 1 1 1 3 1 3 1 1 5 0 1 1 1 1 1 1 1 1 1 1 1 1 1 1 1 1 1 1 1 1 1 1 1 1 1 1 1 3 1 1 1 1 1 1 1 1 1 1 1 1 1 1 1 1 1 1 1 1 1 1 1 1 1 1 1 1 1 1
staticfield java/lang/Short TYPE Ljava/lang/Class; java/lang/Class
ciInstanceKlass java/lang/Long 1 1 524 7 1 7 1 7 1 7 1 10 12 1 1 9 12 1 1 9 7 12 1 1 1 10 7 12 1 1 1 10 12 1 1 10 100 12 1 1 1 10 10 12 10 12 1 10 12 1 10 12 1 5 0 5 0 7 1 10 12 1 1 10 12 1 1 10 12 1 10 12 1 10 12 1 10 12 1 1 10 100 12 1 1 10 12 1 10 12 1 1 10 12 1 1 10 12 1 1 10 12 1 1 10 7 12 1 1 1 10 12 1 1 10 12 1 10 12 1 10 12 1 10 12 1 1 10 10 12 1 5 0 5 0 9 12 1 1 9 12 1 5 0 7 1 8 1 10 12 1 8 1 10 12 1 8 1 8 1 10 12 1 1 5 0 10 12 1 1 5 0 10 12 1 1 10 12 1 1 10 100 12 1 1 1 11 7 1 10 12 1 1 11 10 12 1 1 8 1 10 12 1 1 8 1 7 1 10 12 1 1 10 12 1 8 1 8 1 11 12 1 1 10 12 1 10 12 1 10 12 1 5 0 5 0 9 7 12 1 1 1 10 12 1 10 12 1 1 8 1 8 1 10 12 1 1 8 1 8 1 8 1 8 1 8 1 8 1 10 12 1 10 7 1 9 12 1 1 10 12 1 10 12 1 1 10 12 1 1 10 7 12 1 1 1 100 1 100 1 10 12 1 1 10 12 1 1 5 0 10 12 1 10 12 1 5 0 5 0 5 0 10 12 1 1 10 12 1 5 0 5 0 10 12 1 10 12 1 10 100 12 1 1 1 10 12 1 1 10 12 1 1 8 1 10 7 12 1 1 1 9 12 1 1 7 1 7 1 7 1 1 1 1 5 0 1 1 1 1 3 1 3 1 5 0 1 1 1 1 1 1 1 1 1 100 1 1 1 1 1 1 1 1 1 1 1 1 1 1 1 1 1 1 1 1 1 1 1 1 1 1 1 1 1 1 1 1 1 1 1 1 1 1 1 1 1 1 1 1 1 1 1 1 1 1 1 1 1 1 1 3 1 1 1 1 1 1 1 1 1 1 1 1 1 1 1 7 1 1 1 1 1 1 1 1 1 1 1 1 1 1 1 1 1 1 1 1 1 1 1 1 1 1 1 1 1 1 1 1 1 1 1 1 1 1 1 1 1 1 1 7 1 1 1 1 1 1 1 1 1 100 1 100 1 1
staticfield java/lang/Long TYPE Ljava/lang/Class; java/lang/Class
ciInstanceKlass jdk/internal/vm/vector/VectorSupport 0 0 573 100 1 10 100 12 1 1 1 9 12 1 1 10 12 1 1 100 1 10 12 1 11 100 12 1 1 1 11 100 12 1 1 1 11 100 12 1 1 11 100 12 1 1 11 100 12 1 1 1 11 100 12 1 1 11 100 12 1 1 11 100 12 1 1 11 100 12 1 1 11 100 12 1 1 11 100 12 1 1 11 100 12 1 1 1 11 100 12 1 1 11 100 12 1 1 1 11 100 12 1 1 1 11 100 12 1 1 11 100 12 1 1 1 11 100 12 1 1 100 1 10 12 1 1 11 100 12 1 1 11 100 12 1 1 11 100 12 1 1 11 100 12 1 1 11 100 12 1 1 11 100 12 1 1 9 12 1 1 10 100 12 1 1 11 100 12 1 1 10 12 1 1 10 100 12 1 1 1 10 12 1 10 12 1 1 10 12 1 1 1 1 1 3 1 3 1 3 1 3 1 3 1 3 1 3 1 3 1 3 1 3 1 3 1 3 1 3 1 3 1 3 1 3 1 3 1 3 1 3 1 3 1 3 1 3 1 3 1 3 1 3 1 3 1 3 1 3 1 3 1 3 1 3 1 3 1 3 1 3 1 3 1 3 1 3 1 3 1 3 1 3 1 3 1 3 1 3 1 3 1 3 1 3 1 3 1 3 1 3 1 3 1 3 1 3 1 3 1 1 1 1 1 1 1 1 1 1 1 1 1 1 1 1 1 1 1 1 1 1 1 1 1 1 1 1 1 1 1 1 1 1 1 1 1 1 1 1 1 1 1 1 1 1 1 1 1 1 1 1 1 1 1 1 1 1 1 1 1 1 1 1 1 1 1 1 1 1 1 1 1 1 1 1 1 1 1 1 1 1 1 1 1 1 1 1 1 1 1 1 1 1 1 1 1 1 1 1 1 1 1 1 1 1 1 1 1 1 1 1 1 1 1 1 1 1 1 1 1 1 1 1 1 1 1 1 1 1 1 1 1 1 1 1 1 1 1 1 1 1 1 1 1 1 1 1 1 1 1 1 1 1 1 1 1 1 1 1 1 1 1 1 1 1 1 1 1 1 1 1 1 1 1 1 1 1 1 1 1 1 1 1 1 1 1 1 1 1 1 1 1 1 1 1 1 1 1 1 1 1 1 1 1 1 1 1 1 1 1 1 1 1 1 1 1 1 1 1 1 1 1 1 1 1 1 1 1 1 1 1 1 1 1 100 1 100 1 100 1 100 1 100 1 1 1 1 1 1 1 1 1 1 1 1 1 1 1 1 1 1 1 1 1 1 1 1 1 1 1 1 1 1 1
instanceKlass jdk/internal/vm/vector/VectorSupport$VectorShuffle
instanceKlass jdk/internal/vm/vector/VectorSupport$VectorMask
instanceKlass jdk/internal/vm/vector/VectorSupport$Vector
ciInstanceKlass jdk/internal/vm/vector/VectorSupport$VectorPayload 0 0 32 10 100 12 1 1 1 9 100 12 1 1 1 10 100 12 1 1 1 1 1 1 1 1 1 1 1 1 1 1 1 1
ciInstanceKlass jdk/internal/vm/vector/VectorSupport$Vector 0 0 28 10 100 12 1 1 1 100 1 1 1 1 1 1 1 1 1 1 1 1 1 1 1 100 1 1 1 1
ciInstanceKlass jdk/internal/vm/vector/VectorSupport$VectorMask 0 0 28 10 100 12 1 1 1 100 1 1 1 1 1 1 1 1 1 1 1 1 1 1 1 100 1 1 1 1
ciInstanceKlass jdk/internal/vm/vector/VectorSupport$VectorShuffle 0 0 28 10 100 12 1 1 1 100 1 1 1 1 1 1 1 1 1 1 1 1 1 1 1 100 1 1 1 1
ciInstanceKlass jdk/internal/vm/FillerObject 0 0 16 10 100 12 1 1 1 100 1 1 1 1 1 1 1 1
instanceKlass java/lang/ref/PhantomReference
instanceKlass java/lang/ref/FinalReference
instanceKlass java/lang/ref/WeakReference
instanceKlass java/lang/ref/SoftReference
ciInstanceKlass java/lang/ref/Reference 1 1 190 9 7 12 1 1 1 9 7 12 1 1 10 12 1 1 10 12 1 1 9 12 1 1 10 12 1 1 9 12 1 1 9 12 1 1 7 1 10 12 1 10 7 12 1 1 10 12 1 10 12 1 1 10 12 1 7 1 8 1 10 12 1 1 7 1 10 12 1 1 10 12 1 1 10 12 1 9 12 1 10 12 1 1 10 12 1 10 12 1 9 12 1 7 1 100 1 10 12 9 12 1 9 12 1 100 1 10 10 12 1 10 10 7 12 1 1 7 1 10 10 7 12 1 1 1 1 1 1 1 1 1 1 1 1 1 1 1 1 1 1 1 7 1 1 1 100 1 1 1 1 1 1 1 1 1 1 1 1 1 1 1 1 1 1 1 1 1 1 1 1 1 1 1 1 1 1 1 1 1 1 1 7 1 7 1 7 1 1 1
staticfield java/lang/ref/Reference processPendingLock Ljava/lang/Object; java/lang/Object
staticfield java/lang/ref/Reference $assertionsDisabled Z 1
ciMethod java/lang/ref/Reference refersTo (Ljava/lang/Object;)Z 768 0 138566 0 -1
instanceKlass com/sun/beans/util/Cache$Kind$Soft
instanceKlass sun/security/util/MemoryCache$SoftCacheEntry
instanceKlass org/codehaus/groovy/util/ReferenceType$SoftRef
instanceKlass java/io/ClassCache$CacheRef
instanceKlass com/google/common/cache/LocalCache$SoftValueReference
instanceKlass sun/util/locale/provider/LocaleResources$ResourceReference
instanceKlass sun/util/resources/Bundles$BundleReference
instanceKlass java/util/ResourceBundle$BundleReference
instanceKlass java/lang/invoke/LambdaFormEditor$Transform
instanceKlass sun/util/locale/LocaleObjectCache$CacheEntry
ciInstanceKlass java/lang/ref/SoftReference 1 1 47 10 7 12 1 1 1 9 7 12 1 1 1 9 12 1 10 12 1 10 12 1 1 1 1 1 1 1 1 1 1 1 1 1 1 1 1 1 1 1 1 100 1 1 1 1 1
instanceKlass com/sun/jna/CallbackReference
instanceKlass java/beans/WeakIdentityMap$Entry
instanceKlass org/codehaus/groovy/util/ReferenceType$WeakRef
instanceKlass javax/crypto/JceSecurity$WeakIdentityWrapper
instanceKlass com/thoughtworks/xstream/core/util/ObjectIdDictionary$WeakIdWrapper
instanceKlass com/google/common/collect/MapMakerInternalMap$AbstractWeakKeyEntry
instanceKlass com/google/common/cache/LocalCache$WeakEntry
instanceKlass com/google/common/cache/LocalCache$WeakValueReference
instanceKlass com/sun/jmx/mbeanserver/WeakIdentityHashMap$IdentityWeakReference
instanceKlass java/util/logging/LogManager$LoggerWeakRef
instanceKlass java/util/logging/Level$KnownLevel
instanceKlass java/util/ResourceBundle$KeyElementReference
instanceKlass java/lang/ClassValue$Entry
instanceKlass java/lang/WeakPairMap$WeakRefPeer
instanceKlass java/lang/invoke/MethodType$ConcurrentWeakInternSet$WeakEntry
instanceKlass java/lang/ThreadLocal$ThreadLocalMap$Entry
instanceKlass java/util/WeakHashMap$Entry
ciInstanceKlass java/lang/ref/WeakReference 1 1 31 10 7 12 1 1 1 10 12 1 100 1 1 1 1 1 1 1 1 1 1 1 1 1 1 1 1 1 1 1 1
ciMethod java/lang/ref/WeakReference <init> (Ljava/lang/Object;)V 906 0 25346 0 -1
instanceKlass java/lang/ref/Finalizer
ciInstanceKlass java/lang/ref/FinalReference 1 1 50 10 7 12 1 1 1 10 7 12 1 1 1 10 12 1 1 7 1 8 1 10 12 1 1 1 1 1 1 1 1 1 1 1 1 1 1 1 1 1 1 1 1 1 1 1 1 1 7 1
instanceKlass com/sun/jna/internal/Cleaner$CleanerRef
instanceKlass jdk/internal/ref/PhantomCleanable
instanceKlass jdk/internal/ref/Cleaner
ciInstanceKlass java/lang/ref/PhantomReference 1 1 39 10 100 12 1 1 1 10 7 12 1 1 1 1 1 1 1 1 1 1 1 1 1 1 1 1 1 1 1 1 1 1 1 1 1 1 1 1 1
ciInstanceKlass java/lang/ref/Finalizer 1 1 155 9 7 12 1 1 1 10 7 12 1 1 1 9 12 1 1 9 12 1 1 9 12 1 9 12 1 9 12 1 1 10 12 1 7 1 8 1 10 12 1 10 12 1 1 9 12 1 100 1 10 12 1 7 1 11 7 12 1 1 10 12 1 7 1 10 12 1 100 1 10 12 1 10 7 12 1 1 1 10 100 12 1 1 1 100 1 10 10 12 1 7 1 10 12 1 7 1 10 12 1 1 10 12 1 1 10 12 1 10 7 12 1 1 1 7 1 10 7 1 10 10 12 1 1 1 1 1 1 1 1 1 1 1 1 1 1 1 1 1 1 1 1 1 1 1 1 1 1 1 1 1 1 1 1
staticfield java/lang/ref/Finalizer lock Ljava/lang/Object; java/lang/Object
staticfield java/lang/ref/Finalizer ENABLED Z 1
staticfield java/lang/ref/Finalizer $assertionsDisabled Z 1
instanceKlass com/cloudbees/plugins/credentials/CredentialsScope
instanceKlass com/cloudbees/hudson/plugins/folder/relocate/RelocationHandler$HandlingMode
instanceKlass java/security/Provider$OPType
instanceKlass org/apache/tools/zip/Zip64Mode
instanceKlass hudson/model/UpdateCenter$ConnectionStatus
instanceKlass org/eclipse/jetty/ee9/servlet/ErrorPageErrorHandler$PageLookupTechnique
instanceKlass org/kohsuke/stapler/framework/adjunct/Adjunct$Kind
instanceKlass com/sun/org/apache/xalan/internal/utils/XMLSecurityPropertyManager$Property
instanceKlass com/sun/org/apache/xalan/internal/utils/FeaturePropertyBase$State
instanceKlass jdk/xml/internal/JdkProperty$ImplPropMap
instanceKlass jdk/xml/internal/JdkXmlFeatures$XmlFeature
instanceKlass java/util/Locale$IsoCountryCode
instanceKlass java/util/Locale$FilteringMode
instanceKlass java/util/concurrent/Future$State
instanceKlass org/kohsuke/stapler/interceptor/Stage
instanceKlass hudson/model/labels/LabelOperatorPrecedence
instanceKlass hudson/FilePath$TarCompression
instanceKlass org/kohsuke/stapler/ResponseImpl$OutputMode
instanceKlass org/eclipse/jetty/util/IteratingCallback$Action
instanceKlass org/springframework/util/ConcurrentReferenceHashMap$Restructure
instanceKlass org/springframework/core/annotation/MergedAnnotations$SearchStrategy
instanceKlass org/eclipse/jetty/http/HttpCookie$SameSite
instanceKlass org/eclipse/jetty/session/ManagedSession$State
instanceKlass org/eclipse/jetty/util/RFC9110QuotedStringTokenizer$1$State
instanceKlass jenkins/security/csp/FetchDirective
instanceKlass jakarta/servlet/http/MappingMatch
instanceKlass org/eclipse/jetty/http/RFC6265CookieParser$State
instanceKlass jakarta/servlet/DispatcherType
instanceKlass org/eclipse/jetty/ee9/nested/HttpChannelState$Action
instanceKlass org/eclipse/jetty/ee9/nested/Response$OutputType
instanceKlass org/eclipse/jetty/ee9/nested/HttpOutput$State
instanceKlass org/eclipse/jetty/ee9/nested/HttpOutput$ApiState
instanceKlass org/eclipse/jetty/ee9/nested/Response$EncodingFrom
instanceKlass org/eclipse/jetty/ee9/nested/HttpChannelState$InputState
instanceKlass org/eclipse/jetty/ee9/nested/HttpChannelState$OutputState
instanceKlass org/eclipse/jetty/ee9/nested/HttpChannelState$RequestState
instanceKlass org/eclipse/jetty/ee9/nested/HttpChannelState$State
instanceKlass org/eclipse/jetty/server/handler/gzip/GzipResponseAndCallback$GZState
instanceKlass org/eclipse/jetty/http/QuotedCSVParser$State
instanceKlass org/eclipse/jetty/server/ForwardedRequestCustomizer$Source
instanceKlass org/eclipse/jetty/http/HttpGenerator$Result
instanceKlass org/eclipse/jetty/http/HttpTokens$Type
instanceKlass org/eclipse/jetty/http/HttpURI$Mutable$State
instanceKlass org/eclipse/jetty/util/thread/strategy/AdaptiveExecutionStrategy$SubStrategy
instanceKlass org/eclipse/jetty/http/HttpParser$ChunkSizeState
instanceKlass org/eclipse/jetty/http/HttpParser$FieldState
instanceKlass org/eclipse/jetty/http/HttpParser$State
instanceKlass org/eclipse/jetty/server/internal/HttpChannelState$StreamSendState
instanceKlass org/eclipse/jetty/http/HttpTokens$EndOfContent
instanceKlass org/eclipse/jetty/http/HttpGenerator$State
instanceKlass org/eclipse/jetty/http/HttpHeaderValue
instanceKlass org/eclipse/jetty/io/WriteFlusher$StateType
instanceKlass org/eclipse/jetty/io/AbstractEndPoint$State
instanceKlass hudson/model/UpdateSite$WarningType
instanceKlass hudson/util/FormValidation$Kind
instanceKlass sun/security/ssl/Alert$Level
instanceKlass sun/security/ssl/Alert
instanceKlass javax/net/ssl/SSLEngineResult$HandshakeStatus
instanceKlass sun/security/ssl/Finished$VerifyDataScheme
instanceKlass sun/security/validator/CADistrustPolicy
instanceKlass java/text/Normalizer$Form
instanceKlass sun/security/ssl/SSLTrafficKeyDerivation$KeySchedule
instanceKlass sun/security/ssl/SSLTrafficKeyDerivation
instanceKlass sun/security/ssl/SSLSecretDerivation$SecretSchedule
instanceKlass sun/security/ssl/ContentType
instanceKlass sun/security/ssl/SSLKeyExchange$T12KeyAgreement
instanceKlass sun/security/ssl/PskKeyExchangeModesExtension$PskKeyExchangeMode
instanceKlass sun/security/ssl/ECPointFormatsExtension$ECPointFormat
instanceKlass sun/security/ssl/CertStatusExtension$CertStatusRequestType
instanceKlass sun/security/ssl/SSLExtension
instanceKlass com/sun/beans/introspect/PropertyInfo$Name
instanceKlass com/sun/beans/util/Cache$Kind
instanceKlass java/awt/event/FocusEvent$Cause
instanceKlass java/awt/Component$BaselineResizeBehavior
instanceKlass sun/security/ssl/SignatureScheme$SigAlgParamSpec
instanceKlass sun/security/ssl/SignatureScheme
instanceKlass sun/security/ssl/ClientAuthType
instanceKlass groovy/io/FileVisitResult
instanceKlass sun/security/ssl/SSLHandshake
instanceKlass java/net/Proxy$Type
instanceKlass org/springframework/http/HttpStatus$Series
instanceKlass org/springframework/http/HttpStatus
instanceKlass sun/net/www/protocol/http/HttpURLConnection$TunnelState
instanceKlass sun/security/rsa/RSAUtil$KeyType
instanceKlass sun/security/ssl/NamedGroup
instanceKlass sun/security/ssl/NamedGroup$NamedGroupSpec
instanceKlass sun/security/ssl/CipherSuite$KeyExchange
instanceKlass sun/security/ssl/CipherSuite$MacAlg
instanceKlass sun/security/ssl/CipherSuite$HashAlg
instanceKlass sun/security/ssl/CipherType
instanceKlass sun/security/ssl/SSLCipher
instanceKlass sun/security/ssl/CipherSuite
instanceKlass java/security/CryptoPrimitive
instanceKlass sun/security/ssl/SSLScope
instanceKlass sun/security/util/DisabledAlgorithmConstraints$Constraint$Operator
instanceKlass groovy/io/FileType
instanceKlass sun/security/ssl/ProtocolVersion
instanceKlass org/springframework/security/crypto/bcrypt/BCryptPasswordEncoder$BCryptVersion
instanceKlass org/codehaus/groovy/util/ReferenceType
instanceKlass jenkins/tasks/filters/impl/RetainVariablesLocalRule$ProcessVariablesHandling
instanceKlass hudson/tasks/BuildStepMonitor
instanceKlass hudson/model/RunParameterDefinition$RunParameterFilter
instanceKlass jenkins/model/menu/Semantic
instanceKlass org/springframework/util/ConcurrentReferenceHashMap$ReferenceType
instanceKlass com/google/inject/internal/InjectorImpl$JitLimitation
instanceKlass com/google/common/collect/MapMakerInternalMap$Strength
instanceKlass com/google/inject/internal/Initializer$InjectableReferenceState
instanceKlass hudson/init/TermMilestone
instanceKlass jenkins/security/stapler/RoutingDecisionProvider$Decision
instanceKlass jenkins/monitor/JavaVersionRecommendationAdminMonitor$Severity
instanceKlass hudson/slaves/NodeProvisioner$StrategyDecision
instanceKlass hudson/cli/ListChangesCommand$Format
instanceKlass com/google/common/util/concurrent/AbstractFutureState$VarHandleAtomicHelperMaker
instanceKlass hudson/PluginWrapper$PluginDisableStrategy
instanceKlass hudson/model/ManagementLink$Category
instanceKlass com/google/inject/internal/InternalFlags$ColorizeOption
instanceKlass com/google/inject/internal/InternalFlags$BytecodeGenOption
instanceKlass com/google/inject/internal/InternalFlags$NullableProvidesOption
instanceKlass com/google/inject/internal/InternalFlags$CustomClassLoadingOption
instanceKlass com/google/inject/internal/InternalFlags$IncludeStackTraceOption
instanceKlass com/google/inject/Key$NullAnnotationStrategy
instanceKlass sun/reflect/annotation/TypeAnnotation$TypeAnnotationTarget
instanceKlass com/google/inject/Stage
instanceKlass hudson/model/Run$State
instanceKlass jenkins/security/csp/CspHeader
instanceKlass hudson/security/SecurityMode
instanceKlass org/jenkins/ui/icon/WeatherIcon$Status
instanceKlass org/jenkins/ui/icon/IconFormat
instanceKlass org/jenkins/ui/icon/IconType
instanceKlass java/nio/file/FileVisitResult
instanceKlass org/apache/commons/io/FileSystem$NameLengthStrategy
instanceKlass org/apache/commons/io/FileSystem
instanceKlass org/apache/commons/io/IOCase
instanceKlass hudson/model/UpdateCenter$VerificationResult
instanceKlass hudson/model/BallColor
instanceKlass jenkins/YesNoMaybe
instanceKlass java/nio/file/StandardCopyOption
instanceKlass com/google/common/cache/LocalCache$EntryFactory
instanceKlass com/google/common/cache/CacheBuilder$NullListener
instanceKlass com/google/common/cache/CacheBuilder$OneWeigher
instanceKlass com/google/common/cache/LocalCache$Strength
instanceKlass org/apache/commons/io/StandardLineSeparator
instanceKlass hudson/model/MultiStageTimeSeries$TimeScale
instanceKlass org/eclipse/jetty/util/thread/strategy/AdaptiveExecutionStrategy$State
instanceKlass hudson/init/InitMilestone
instanceKlass sun/awt/OSInfo$OSType
instanceKlass sun/font/EAttribute
instanceKlass hudson/Platform
instanceKlass org/slf4j/helpers/Reporter$Level
instanceKlass org/slf4j/helpers/Reporter$TargetChoice
instanceKlass hudson/model/Node$Mode
instanceKlass java/time/chrono/ThaiBuddhistEra
instanceKlass java/time/chrono/MinguoEra
instanceKlass java/time/chrono/HijrahEra
instanceKlass java/time/zone/ZoneOffsetTransitionRule$TimeDefinition
instanceKlass java/time/DayOfWeek
instanceKlass java/time/Month
instanceKlass org/eclipse/jetty/ee9/security/UserDataConstraint
instanceKlass org/eclipse/jetty/util/IteratingCallback$State
instanceKlass org/eclipse/jetty/ee9/webapp/Origin
instanceKlass org/eclipse/jetty/ee9/webapp/FragmentDescriptor$OtherType
instanceKlass java/nio/file/FileTreeWalker$EventType
instanceKlass java/nio/file/FileVisitOption
instanceKlass java/util/Comparators$NaturalOrderComparator
instanceKlass jdk/internal/icu/util/CodePointTrie$ValueWidth
instanceKlass jdk/internal/icu/util/CodePointTrie$Type
instanceKlass org/eclipse/jetty/ee9/webapp/MetaData$Complete
instanceKlass jdk/xml/internal/XMLSecurityManager$NameMap
instanceKlass jdk/xml/internal/XMLSecurityManager$Processor
instanceKlass jdk/xml/internal/XMLSecurityManager$Limit
instanceKlass com/sun/org/apache/xerces/internal/impl/XMLScanner$NameType
instanceKlass javax/xml/catalog/GroupEntry$PreferType
instanceKlass javax/xml/catalog/GroupEntry$ResolveType
instanceKlass javax/xml/catalog/BaseEntry$CatalogEntryType
instanceKlass javax/xml/catalog/CatalogFeatures$State
instanceKlass com/sun/org/apache/xerces/internal/util/Status
instanceKlass javax/xml/catalog/CatalogFeatures$Feature
instanceKlass com/sun/org/apache/xerces/internal/utils/XMLSecurityPropertyManager$Property
instanceKlass com/sun/org/apache/xerces/internal/utils/XMLSecurityPropertyManager$State
instanceKlass com/sun/org/apache/xerces/internal/utils/XMLSecurityManager$NameMap
instanceKlass jdk/xml/internal/JdkProperty$State
instanceKlass com/sun/org/apache/xerces/internal/utils/XMLSecurityManager$Limit
instanceKlass java/nio/file/attribute/PosixFilePermission
instanceKlass java/net/StandardProtocolFamily
instanceKlass jdk/internal/util/OperatingSystem
instanceKlass org/eclipse/jetty/http/MultiPartCompliance$Violation
instanceKlass org/eclipse/jetty/http/CookieCompliance$Violation
instanceKlass org/eclipse/jetty/http/UriCompliance$Violation
instanceKlass org/eclipse/jetty/http/HttpCompliance$Violation
instanceKlass java/util/stream/MatchOps$MatchKind
instanceKlass org/eclipse/jetty/http/pathmap/PathSpecGroup
instanceKlass org/eclipse/jetty/ee9/servlet/Source$Origin
instanceKlass org/eclipse/jetty/server/handler/ContextHandler$ProtectedTargetType
instanceKlass jakarta/servlet/SessionTrackingMode
instanceKlass org/slf4j/event/Level
instanceKlass org/eclipse/jetty/server/handler/ContextHandler$Availability
instanceKlass org/eclipse/jetty/ee9/nested/ContextHandler$ContextStatus
instanceKlass java/lang/invoke/MethodHandleImpl$ArrayAccess
instanceKlass java/nio/file/AccessMode
instanceKlass java/lang/StackStreamFactory$WalkerState
instanceKlass java/lang/StackWalker$ExtendedOption
instanceKlass java/lang/StackWalker$Option
instanceKlass java/math/RoundingMode
instanceKlass org/eclipse/jetty/util/ConcurrentPool$StrategyType
instanceKlass org/eclipse/jetty/http/HttpStatus$Code
instanceKlass org/eclipse/jetty/http/HttpScheme
instanceKlass org/eclipse/jetty/http/HttpMethod$Type
instanceKlass org/eclipse/jetty/http/HttpMethod
instanceKlass org/eclipse/jetty/http/HttpVersion
instanceKlass org/eclipse/jetty/http/HttpHeader
instanceKlass org/eclipse/jetty/http/MimeTypes$Type
instanceKlass sun/util/locale/provider/LocaleProviderAdapter$Type
instanceKlass org/eclipse/jetty/util/thread/Invocable$InvocationType
instanceKlass java/time/format/TextStyle
instanceKlass java/time/format/DateTimeFormatterBuilder$SettingsParser
instanceKlass java/time/format/ResolverStyle
instanceKlass java/time/format/SignStyle
instanceKlass java/time/temporal/JulianFields$Field
instanceKlass java/time/temporal/IsoFields$Unit
instanceKlass java/time/temporal/IsoFields$Field
instanceKlass java/time/temporal/ChronoUnit
instanceKlass java/time/temporal/ChronoField
instanceKlass org/eclipse/jetty/util/component/ContainerLifeCycle$Managed
instanceKlass com/sun/management/VMOption$Origin
instanceKlass com/sun/management/HotSpotDiagnosticMXBean$ThreadDumpFormat
instanceKlass java/util/Locale$Category
instanceKlass java/util/regex/Pattern$Qtype
instanceKlass java/lang/management/MemoryType
instanceKlass java/lang/reflect/ProxyGenerator$PrimitiveTypeInfo
instanceKlass java/lang/annotation/RetentionPolicy
instanceKlass java/lang/annotation/ElementType
instanceKlass java/util/stream/Collector$Characteristics
instanceKlass org/eclipse/jetty/util/component/AbstractLifeCycle$State
instanceKlass org/slf4j/helpers/Reporter$Level
instanceKlass org/slf4j/helpers/Reporter$TargetChoice
instanceKlass sun/util/logging/PlatformLogger$Level
instanceKlass java/lang/System$Logger$Level
instanceKlass jdk/internal/logger/BootstrapLogger$LoggingBackend
instanceKlass winstone/cmdline/CompressionScheme
instanceKlass java/util/stream/StreamShape
instanceKlass java/util/stream/StreamOpFlag$Type
instanceKlass java/util/stream/StreamOpFlag
instanceKlass java/security/DrbgParameters$Capability
instanceKlass sun/security/util/KnownOIDs
instanceKlass java/lang/invoke/MethodHandles$Lookup$ClassOption
instanceKlass java/lang/invoke/VarHandle$AccessType
instanceKlass java/lang/invoke/VarHandle$AccessMode
instanceKlass java/lang/invoke/MethodHandleImpl$Intrinsic
instanceKlass java/lang/invoke/LambdaForm$BasicType
instanceKlass java/lang/invoke/LambdaForm$Kind
instanceKlass sun/invoke/util/Wrapper
instanceKlass java/util/zip/ZipCoder$Comparison
instanceKlass java/nio/file/LinkOption
instanceKlass java/util/concurrent/TimeUnit
instanceKlass sun/nio/fs/WindowsPathType
instanceKlass java/nio/file/StandardOpenOption
instanceKlass java/io/File$PathStatus
instanceKlass java/lang/module/ModuleDescriptor$Requires$Modifier
instanceKlass java/lang/reflect/AccessFlag$Location
instanceKlass java/lang/reflect/AccessFlag
instanceKlass java/lang/module/ModuleDescriptor$Modifier
instanceKlass java/lang/reflect/ClassFileFormatVersion
instanceKlass java/lang/Thread$State
ciInstanceKlass java/lang/Enum 1 1 204 9 7 12 1 1 1 9 12 1 1 10 7 12 1 1 1 9 12 1 10 7 12 1 1 1 7 1 10 10 12 1 1 10 12 1 7 1 10 10 7 12 1 1 10 12 1 1 18 12 1 1 10 100 12 1 1 1 10 12 1 1 11 7 12 1 1 1 100 1 8 1 10 12 1 100 1 7 1 10 8 1 10 12 1 1 10 12 1 1 8 1 10 12 1 10 100 1 8 1 10 10 12 1 1 10 100 12 1 1 1 7 1 7 1 7 1 1 1 1 1 1 1 1 1 1 1 1 1 1 1 1 1 1 1 1 1 1 1 1 1 1 1 1 1 1 1 1 1 1 1 1 1 1 1 1 1 1 1 1 1 1 1 3 1 1 1 1 7 1 7 1 1 7 1 1 1 1 1 1 1 1 1 1 1 16 15 10 12 16 15 10 100 12 1 1 1 1 1 100 1 100 1 1
ciInstanceKlass java/lang/reflect/Method 1 1 472 9 7 12 1 1 1 10 7 12 1 1 1 10 7 12 1 1 9 12 1 1 10 12 1 1 10 12 1 1 10 7 12 1 1 10 7 12 1 1 1 9 12 1 1 9 12 1 9 12 1 1 9 12 1 9 12 1 9 12 1 1 9 12 1 9 12 1 1 9 12 1 9 12 1 9 12 1 1 100 1 8 1 10 12 1 10 12 1 9 12 1 1 8 1 10 7 12 1 1 10 7 12 1 1 1 10 12 1 1 10 12 1 1 10 12 1 10 12 1 1 10 12 1 1 9 7 12 1 1 1 10 12 1 1 10 12 10 7 12 1 1 10 12 1 1 10 12 1 10 12 1 10 12 1 10 7 12 1 1 1 10 12 1 1 10 7 1 10 7 12 1 1 1 10 7 12 1 1 10 12 1 1 10 12 1 1 10 12 1 10 7 12 1 1 1 10 12 1 10 8 1 10 12 1 10 12 1 7 1 8 1 8 1 8 1 10 12 1 10 12 1 1 10 12 1 1 10 10 12 1 1 10 12 1 11 7 1 10 12 1 9 12 1 1 10 12 1 1 10 12 1 10 12 1 1 10 12 1 1 11 7 12 1 1 1 11 12 1 9 12 1 1 10 12 1 10 12 1 10 12 1 10 12 1 10 12 1 10 12 1 9 12 1 1 10 7 12 1 1 1 10 7 12 1 1 10 12 1 1 10 7 12 1 1 1 10 7 12 1 1 1 10 7 12 1 1 1 11 7 12 1 1 1 10 7 12 1 1 1 7 1 100 1 100 1 10 12 1 10 12 1 1 10 12 1 100 1 8 1 10 12 1 10 10 12 1 1 10 12 1 1 10 12 1 1 10 12 1 1 8 1 10 12 1 1 1 1 1 1 1 1 1 1 1 1 1 1 1 1 1 1 1 1 1 1 1 1 1 1 1 1 1 1 1 1 1 1 1 1 1 1 1 1 1 1 1 1 1 1 1 1 1 1 1 1 1 100 1 7 1 7 1 1 1 1 1 1 1 1 1 1 1 1 1 1 1 1 1 1 1 1 1 1 1 1 1 1 1 1 1 1
ciMethod java/lang/reflect/Method getAnnotation (Ljava/lang/Class;)Ljava/lang/annotation/Annotation; 532 0 53260 0 912
ciMethod java/lang/reflect/Method getDeclaringClass ()Ljava/lang/Class; 302 0 151 0 0
ciMethod java/lang/reflect/Method invoke (Ljava/lang/Object;[Ljava/lang/Object;)Ljava/lang/Object; 1024 0 3211 0 -1
ciMethod java/lang/reflect/Method isCallerSensitive ()Z 1024 0 3384 0 0
ciMethod java/lang/reflect/Method acquireMethodAccessor ()Ljdk/internal/reflect/MethodAccessor; 110 0 167 0 0
ciMethod java/lang/reflect/Method getMethodAccessor ()Ljdk/internal/reflect/MethodAccessor; 256 0 128 0 -1
ciMethod java/lang/reflect/Method setMethodAccessor (Ljdk/internal/reflect/MethodAccessor;)V 514 0 331 0 -1
ciInstanceKlass java/lang/reflect/Field 1 1 457 9 7 12 1 1 1 10 12 1 1 10 100 12 1 1 1 10 100 12 1 1 9 12 1 1 10 12 1 1 10 12 1 1 10 100 12 1 1 10 7 12 1 1 1 9 12 1 1 9 12 1 9 12 1 9 12 1 1 9 12 1 1 9 12 1 9 12 1 1 9 12 1 1 100 1 8 1 10 12 1 10 12 1 9 12 1 1 9 12 1 10 12 1 10 7 12 1 1 10 12 1 1 10 12 1 1 10 12 1 10 12 1 1 9 100 12 1 1 1 10 100 12 1 1 1 7 1 10 12 1 1 10 12 1 1 10 12 1 1 10 12 1 10 12 1 10 7 1 10 7 12 1 1 7 1 10 8 1 10 12 1 1 10 12 1 1 8 1 10 12 10 12 1 8 1 8 1 10 11 7 1 9 12 1 10 12 1 1 10 12 1 1 11 7 12 1 1 1 10 12 1 11 12 1 1 11 12 1 1 11 12 1 1 11 12 1 1 11 12 1 1 11 12 1 1 11 12 1 1 11 12 1 1 11 12 1 1 11 12 1 1 11 12 1 1 11 12 1 1 11 12 1 1 11 12 1 1 11 12 1 1 11 12 1 1 11 12 1 1 10 12 1 10 7 12 1 1 10 12 1 10 12 1 10 12 1 9 12 1 1 10 7 12 1 1 1 10 12 1 1 10 12 1 10 7 12 1 1 10 12 1 1 11 7 1 10 12 1 7 1 10 100 12 1 1 1 10 7 12 1 1 1 9 12 1 10 7 12 1 1 1 11 7 12 1 1 1 10 12 1 1 10 12 1 1 9 7 12 1 1 10 7 12 1 1 1 10 12 1 1 7 1 1 1 1 1 1 1 1 1 1 1 1 1 1 1 1 1 1 1 1 1 1 1 1 1 1 1 1 1 1 1 1 1 1 1 1 1 1 1 100 1 1 1 1 1 1 1 1 1 1 1 1 1 1 1 1 1 1 1 1 1 1 1 1 1 1 1 1 1 1 1 1 7 1 1 1 1 1 1 1 1 1 100 1 1
ciInstanceKlass java/lang/reflect/Parameter 1 1 243 10 7 12 1 1 1 9 7 12 1 1 1 9 12 1 1 9 12 1 1 9 12 1 10 12 1 1 10 12 1 1 10 7 12 1 1 1 7 1 10 10 12 1 1 11 7 12 1 1 1 10 12 1 10 100 12 1 1 1 10 12 1 1 10 12 1 10 12 1 8 1 8 1 10 7 12 1 1 1 10 12 1 10 12 9 100 12 1 1 1 10 100 12 1 1 1 10 12 1 8 1 10 12 1 9 12 1 1 10 12 1 1 9 12 1 1 10 12 1 1 10 12 1 1 10 12 1 1 10 12 1 10 10 12 1 10 100 12 1 1 1 10 12 1 1 11 7 12 1 1 10 7 12 1 1 7 1 10 100 12 1 1 1 10 12 1 1 10 12 1 1 10 12 1 1 10 12 1 1 9 12 1 100 1 10 11 12 1 1 11 12 1 1 7 1 1 1 1 1 1 1 1 1 1 1 1 1 1 1 1 1 1 1 1 1 1 1 1 1 1 1 1 1 1 1 1 1 1 1 1 1 1 1 1 1 100 1 1 1 1 1 1
ciInstanceKlass java/lang/reflect/RecordComponent 0 0 196 10 7 12 1 1 1 9 7 12 1 1 1 9 12 1 1 9 12 1 10 12 1 1 10 12 1 1 10 100 12 1 1 1 10 12 1 1 9 12 1 1 10 12 1 1 10 12 1 1 10 12 1 10 100 12 1 1 10 100 12 1 1 9 12 1 1 10 100 12 1 1 1 11 100 12 1 1 1 10 9 100 12 1 1 1 10 100 12 1 1 1 9 12 1 1 10 100 12 1 1 1 10 12 1 1 11 7 12 1 1 10 7 12 1 1 7 1 9 12 1 9 12 1 1 9 12 1 10 100 12 1 1 1 10 12 1 1 10 12 1 1 7 1 10 10 12 1 10 12 1 1 8 1 10 12 1 10 12 1 9 12 1 7 1 1 1 1 1 1 1 1 1 1 1 1 1 1 1 1 1 1 1 1 1 1 7 1 1 1 1 1 1 100 1 1
ciInstanceKlass java/lang/StringBuffer 1 1 483 10 7 12 1 1 1 10 12 1 10 12 1 10 12 1 1 9 7 12 1 1 1 10 12 1 1 10 12 1 10 12 1 1 9 12 1 1 10 12 1 10 12 1 1 10 12 1 1 10 12 1 10 12 1 1 10 12 1 10 12 1 1 10 12 1 1 10 7 12 1 1 1 10 12 1 1 10 12 1 10 12 1 10 12 1 10 12 1 10 12 1 10 12 1 10 12 1 10 12 1 10 12 1 10 12 1 10 12 1 10 12 1 10 12 1 10 12 1 1 10 12 1 10 12 1 1 10 12 1 1 10 10 12 1 1 10 12 1 10 12 1 10 12 1 10 12 1 10 12 1 10 12 1 10 12 10 12 1 10 12 1 10 12 1 10 12 1 1 10 12 1 10 12 1 10 10 12 1 1 10 12 1 10 12 1 10 12 1 10 10 100 12 1 1 1 10 10 12 1 1 9 12 1 1 10 100 12 1 1 10 100 1 8 10 100 12 1 1 1 8 10 12 1 8 1 10 12 1 10 12 1 10 100 12 1 1 1 10 100 12 1 1 1 7 1 10 12 100 1 8 1 10 10 12 1 1 10 12 1 1 10 12 1 10 12 1 10 12 1 1 10 12 1 10 12 1 10 12 1 10 12 1 10 12 1 10 12 10 12 1 10 12 1 10 12 1 10 12 1 10 12 1 10 12 1 10 12 1 10 12 1 10 12 1 10 12 1 10 12 10 12 10 12 1 10 12 1 10 12 1 10 12 10 12 1 10 12 1 10 12 1 10 12 1 10 12 1 10 12 1 10 12 1 10 12 1 10 12 1 10 12 1 10 12 1 7 1 10 12 1 9 7 12 1 1 1 9 7 1 9 12 1 1 7 1 7 1 7 1 7 1 1 1 1 5 0 1 1 1 1 1 1 1 1 1 1 1 1 1 1 1 1 1 1 1 1 1 1 1 1 1 1 1 1 1 1 1 1 1 1 1 1 1 1 1 1 1 1 1 1 1 1 1 1 1 1 1 1 1 1 1 1 1 1 1 1 1 100 1 1 1 1 1 7 1 1 1 1 1 1 1 1 1 1 1 1 1 1 1 1 1 1
staticfield java/lang/StringBuffer serialPersistentFields [Ljava/io/ObjectStreamField; 3 [Ljava/io/ObjectStreamField;
instanceKlass sun/reflect/misc/MethodUtil
instanceKlass jdk/internal/loader/BuiltinClassLoader
instanceKlass java/net/URLClassLoader
ciInstanceKlass java/security/SecureClassLoader 1 1 102 10 7 12 1 1 1 7 1 10 12 1 9 7 12 1 1 1 10 12 1 10 12 1 10 12 1 1 10 12 1 1 10 12 1 7 1 10 7 1 10 12 1 7 1 10 12 1 11 7 12 1 1 1 7 1 11 12 1 10 12 1 1 1 1 1 1 1 1 1 1 1 1 1 1 1 1 1 1 1 1 1 1 1 1 1 1 1 1 1 1 1 1 1 1 1 1 100 1 1 1 1
instanceKlass groovy/lang/GroovyClassLoader
instanceKlass jenkins/util/URLClassLoader2
instanceKlass org/eclipse/jetty/ee/webapp/WebAppClassLoader
ciInstanceKlass java/net/URLClassLoader 1 1 600 10 7 12 1 1 1 7 1 10 12 1 9 7 12 1 1 1 10 7 12 1 1 1 9 12 1 1 7 1 10 12 1 9 12 1 1 10 12 1 10 10 12 1 10 7 12 1 1 1 10 12 1 1 10 7 12 1 1 1 10 7 12 1 1 1 7 1 10 12 1 1 10 12 1 1 10 12 1 1 7 1 100 1 10 7 12 1 1 1 100 1 8 1 10 12 1 10 7 12 1 1 1 10 12 1 1 10 12 1 1 11 7 12 1 1 1 11 7 12 1 1 1 11 12 1 1 7 1 11 12 1 11 7 12 1 1 10 12 1 11 12 1 11 12 1 1 11 10 12 1 1 10 12 1 1 10 12 1 1 7 1 10 12 1 10 12 1 1 7 1 7 1 10 12 1 1 7 1 10 10 12 1 1 10 7 12 1 1 10 12 1 100 1 7 1 10 8 1 10 12 1 1 8 1 10 12 1 1 10 10 12 1 8 1 8 1 10 12 1 1 10 7 12 1 1 1 10 7 12 1 1 1 10 12 1 1 10 12 1 1 10 12 1 1 10 12 1 10 12 1 100 1 100 1 8 1 10 12 1 10 12 1 1 10 12 1 1 7 1 10 12 1 10 7 12 1 1 1 10 12 1 1 10 12 1 1 10 12 1 1 10 12 1 10 7 12 1 1 1 10 12 1 1 8 1 10 12 1 1 11 7 12 1 1 1 9 7 12 1 1 1 10 7 12 1 1 1 9 12 1 9 12 1 9 12 1 9 12 1 9 12 1 9 12 1 10 7 12 1 1 1 8 1 10 12 1 1 7 1 10 10 12 1 10 12 1 1 10 12 1 1 7 1 10 12 1 10 12 1 1 10 12 1 10 12 1 1 7 1 10 7 12 1 1 9 7 12 1 1 1 10 12 1 8 1 100 1 8 1 10 12 1 10 12 1 8 1 10 12 1 10 12 1 9 12 1 1 10 100 12 1 1 10 12 1 10 12 1 10 100 1 8 1 10 100 1 10 12 1 10 7 12 1 100 1 10 12 1 10 12 1 100 1 10 10 7 12 1 1 1 1 1 1 1 1 1 1 1 1 1 1 1 1 1 1 1 1 1 1 1 1 1 1 1 1 1 1 1 1 1 1 1 1 1 7 1 100 1 7 1 7 1 1 1 1 1 1 1 1 1 1 1 1 1 1 1 1 1 1 1 1 1 1 1 1 1 1 1 1 1 1 1 1 1 1 1 1 1 1 1 1 1 1 1 1 1 1 100 1 1 1 1 1 1 1 1 1 1 1 1 1 1 1 1 1 1 1 1 1 1 1 1 1 1 1 1 1 1 1 1 1 1 1 1 1 100 1 1 1
ciInstanceKlass java/util/jar/Manifest 1 1 339 10 7 12 1 1 1 7 1 10 9 7 12 1 1 1 7 1 10 9 12 1 1 9 12 1 1 10 12 1 10 12 1 1 10 12 1 1 10 12 1 1 10 12 1 1 11 7 1 11 12 1 1 10 12 1 1 10 100 12 1 1 1 100 1 7 1 10 8 1 10 12 1 1 10 12 1 1 10 12 1 10 12 1 11 100 1 10 12 1 10 12 1 1 11 12 1 1 10 12 1 11 12 1 1 11 100 12 1 1 1 11 7 12 1 1 11 12 1 1 100 1 10 12 1 8 1 11 12 1 7 1 10 12 1 1 11 12 1 10 12 1 10 12 1 10 7 12 1 1 1 8 1 10 12 1 1 10 9 7 12 1 1 1 10 12 1 1 10 100 12 1 10 12 1 10 12 1 9 100 12 1 1 1 8 1 10 12 1 8 1 8 1 7 1 10 12 1 10 12 1 10 12 1 1 7 1 8 1 10 12 1 1 8 1 10 10 12 1 1 8 1 10 12 1 1 10 7 12 1 1 1 10 12 1 10 11 12 1 1 10 12 1 10 7 12 1 1 1 10 12 1 1 10 12 1 10 12 1 1 11 10 12 1 11 10 12 1 7 1 1 1 1 1 1 1 1 1 1 1 1 1 1 1 1 1 1 1 1 1 1 1 1 1 1 1 1 1 1 1 1 1 1 1 1 1 1 1 1 1 1 1 100 1 1 1 1 1 1 1 1 1 1 1 1 1 1 7 1 1 1 1 1 1 1 1 1 1 1
ciInstanceKlass java/io/ByteArrayInputStream 1 1 117 10 7 12 1 1 1 9 7 12 1 1 1 9 12 1 1 9 12 1 9 12 1 10 100 12 1 1 1 10 7 12 1 1 1 10 7 12 1 1 1 10 7 12 1 1 1 10 12 1 1 3 10 100 1 10 100 12 1 1 1 9 12 1 1 100 1 10 10 7 12 1 1 1 1 1 1 1 1 1 1 1 1 1 1 1 1 1 1 1 1 1 1 1 1 1 1 1 1 1 1 1 100 1 1 1 1 1 1 1 1 1 1 1 1 1 1
staticfield java/io/ByteArrayInputStream $assertionsDisabled Z 1
instanceKlass java/nio/DoubleBuffer
instanceKlass java/nio/FloatBuffer
instanceKlass java/nio/ShortBuffer
instanceKlass java/nio/CharBuffer
instanceKlass java/nio/IntBuffer
instanceKlass java/nio/LongBuffer
instanceKlass java/nio/ByteBuffer
ciInstanceKlass java/nio/Buffer 1 1 256 100 1 10 7 12 1 1 1 9 7 12 1 1 1 9 12 1 9 12 1 1 9 12 1 9 12 1 1 10 12 1 1 10 12 1 1 10 12 100 1 7 1 10 8 1 10 12 1 1 10 12 1 8 1 8 1 10 12 1 1 10 12 1 8 1 9 12 1 1 100 1 8 1 10 12 1 8 1 8 1 9 12 10 12 1 8 1 8 1 8 1 10 12 1 8 1 8 1 8 1 100 1 10 100 1 10 100 1 10 9 12 1 1 10 7 12 1 1 1 100 1 10 12 1 1 10 12 1 10 100 12 1 1 10 7 12 1 1 1 10 7 12 1 1 1 9 12 1 1 10 7 12 1 1 1 9 12 1 1 7 1 10 10 12 1 1 7 1 10 10 7 12 1 1 1 1 1 3 1 1 1 1 1 1 1 1 1 1 1 1 1 1 100 1 1 1 1 1 1 1 7 1 1 1 1 1 1 1 1 1 1 1 1 1 1 1 1 1 1 1 1 1 1 1 1 1 1 1 1 1 1 1 1 1 1 1 1 1 1 1 100 1 100 1 100 1 100 1 100 1 100 1 100 1 1
staticfield java/nio/Buffer UNSAFE Ljdk/internal/misc/Unsafe; jdk/internal/misc/Unsafe
staticfield java/nio/Buffer SCOPED_MEMORY_ACCESS Ljdk/internal/misc/ScopedMemoryAccess; jdk/internal/misc/ScopedMemoryAccess
staticfield java/nio/Buffer IOOBE_FORMATTER Ljava/util/function/BiFunction; jdk/internal/util/Preconditions$4
staticfield java/nio/Buffer $assertionsDisabled Z 1
ciMethod java/nio/Buffer position ()I 258 0 129 0 -1
ciMethod java/nio/Buffer limit ()I 290 0 145 0 -1
ciMethod java/nio/Buffer hasRemaining ()Z 16 0 88427 0 96
ciInstanceKlass java/util/Objects 1 1 184 10 7 12 1 1 1 100 1 8 1 10 12 1 10 12 1 1 10 7 12 1 1 1 10 12 1 1 10 12 1 10 7 12 1 1 1 10 12 1 1 10 7 12 1 1 1 7 1 10 10 12 1 1 10 7 12 1 1 10 12 1 1 8 1 10 7 12 1 1 1 10 7 12 1 1 1 10 11 100 12 1 1 1 100 1 10 10 12 1 8 1 10 12 1 8 1 7 1 11 12 1 1 8 1 10 7 12 1 1 1 10 12 1 1 10 12 1 10 12 1 10 12 1 10 12 1 1 1 1 1 1 1 1 1 1 1 1 1 1 1 1 1 1 1 1 1 1 1 1 1 1 1 1 1 1 1 1 1 1 1 1 1 1 1 1 1 1 1 1 1 1 1 1 1 1 1 1 1 1 1 1 1 1
ciInstanceKlass jdk/internal/util/Preconditions 1 1 194 10 7 12 1 1 1 11 7 12 1 1 1 11 7 12 1 1 1 7 1 100 1 10 7 12 1 1 1 10 12 1 8 1 7 1 10 7 12 1 1 1 10 12 1 1 8 1 8 1 10 7 12 1 1 7 1 10 12 1 8 1 10 7 12 1 1 1 8 1 10 12 1 1 10 12 1 1 11 12 1 8 1 8 1 11 12 1 1 8 1 8 1 8 1 10 12 1 1 10 12 1 1 10 12 1 10 12 1 10 12 1 10 12 7 1 10 10 12 1 1 9 12 1 1 7 1 10 9 12 1 7 1 10 9 12 1 1 1 1 1 1 1 1 1 1 1 1 1 1 1 1 1 1 1 1 1 1 1 1 1 1 1 1 1 1 1 1 1 1 1 1 1 1 1 1 1 1 1 1 1 1 1 1 1 1 1 1 1 1 1 1 1 1
staticfield jdk/internal/util/Preconditions SIOOBE_FORMATTER Ljava/util/function/BiFunction; jdk/internal/util/Preconditions$4
staticfield jdk/internal/util/Preconditions AIOOBE_FORMATTER Ljava/util/function/BiFunction; jdk/internal/util/Preconditions$4
staticfield jdk/internal/util/Preconditions IOOBE_FORMATTER Ljava/util/function/BiFunction; jdk/internal/util/Preconditions$4
ciMethod java/util/Objects requireNonNull (Ljava/lang/Object;)Ljava/lang/Object; 1024 0 670271 0 -1
ciMethod java/util/Objects checkFromIndexSize (III)I 514 0 79839 0 160
instanceKlass org/kohsuke/stapler/FunctionList
instanceKlass org/kohsuke/stapler/lang/KlassNavigator$1$2
instanceKlass org/eclipse/jetty/server/CookieCache
instanceKlass groovy/lang/Tuple
instanceKlass groovy/lang/EmptyRange
instanceKlass groovy/lang/ObjectRange
instanceKlass groovy/lang/IntRange
instanceKlass hudson/tasks/BuildStep$PublisherList
instanceKlass sun/security/jca/ProviderList$ServiceList
instanceKlass hudson/util/TagCloud
instanceKlass com/google/common/collect/Lists$Partition
instanceKlass com/google/common/collect/Lists$TransformingRandomAccessList
instanceKlass hudson/ExtensionListView$1
instanceKlass hudson/util/RunList
instanceKlass hudson/ExtensionList
instanceKlass hudson/util/PersistedList
instanceKlass java/util/AbstractSequentialList
instanceKlass hudson/util/DescriptorList
instanceKlass hudson/util/RingBufferLogHandler$1
instanceKlass java/util/AbstractList$SubList
instanceKlass org/eclipse/jetty/xml/XmlParser$Node
instanceKlass org/eclipse/jetty/ee9/webapp/Configurations
instanceKlass java/util/Collections$CopiesList
instanceKlass java/util/Collections$SingletonList
instanceKlass org/eclipse/jetty/util/BlockingArrayQueue
instanceKlass java/util/Vector
instanceKlass java/util/Arrays$ArrayList
instanceKlass sun/security/jca/ProviderList$3
instanceKlass java/util/ArrayList$SubList
instanceKlass java/util/Collections$EmptyList
instanceKlass java/util/ArrayList
ciInstanceKlass java/util/AbstractList 1 1 218 10 7 12 1 1 1 9 7 12 1 1 1 10 12 1 1 10 12 1 1 100 1 10 10 12 1 1 11 100 12 1 1 1 11 12 1 1 11 12 1 10 7 12 1 1 1 10 12 1 11 12 1 11 12 1 11 12 1 10 12 1 1 10 12 1 1 11 7 12 1 1 1 11 7 1 11 7 1 10 12 1 7 1 10 12 1 10 12 1 1 7 1 7 1 10 12 1 100 1 10 100 1 7 1 10 8 1 10 12 1 1 10 12 1 10 12 1 1 10 12 1 8 1 100 1 8 1 8 1 8 1 10 7 1 11 10 10 12 1 11 12 1 10 12 1 1 8 1 8 1 1 1 1 1 1 1 1 1 1 1 1 1 1 1 1 1 1 1 1 1 1 1 1 1 1 1 1 1 1 1 1 1 1 1 1 1 1 1 1 1 1 1 1 1 1 1 1 1 1 1 1 1 1 1 1 1 1 100 1 100 1 1 1 1 1 1 1
ciInstanceKlass java/lang/Iterable 1 1 62 10 7 12 1 1 1 11 7 12 1 1 1 11 7 12 1 1 1 11 12 1 1 11 7 12 1 1 1 10 7 12 1 1 1 100 1 1 1 1 1 1 1 1 1 1 1 1 1 1 1 1 1 1 1 1 1 1 1 1 1 1
ciInstanceKlass java/util/Collection 1 1 115 11 7 12 1 1 1 7 1 11 7 12 1 1 1 10 7 12 1 1 1 11 12 1 1 11 7 12 1 1 1 11 12 1 1 11 7 12 1 1 1 11 12 1 1 10 100 12 1 1 1 11 12 1 10 7 12 1 1 1 100 1 100 1 1 1 1 1 1 1 1 1 1 1 1 1 1 1 1 1 1 1 1 1 1 1 1 1 1 1 1 1 1 1 1 1 1 1 1 1 1 1 1 1 1 1 1 1 1 1 1 1 1 1 1
ciInstanceKlass java/util/SequencedCollection 1 1 109 100 1 10 12 1 1 11 7 12 1 1 1 11 7 12 1 1 1 11 12 1 1 11 12 1 7 1 7 1 1 1 1 1 1 1 1 1 1 1 1 1 1 1 1 1 1 1 1 1 1 1 1 1 1 1 1 1 100 1 8 1 1 12 10 1 1 1 8 1 1 1 8 1 1 1 8 1 1 1 8 1 1 8 1 1 1 8 1 1 8 1 1 1 8 1 1 8 1 1 1 8 1 1 8 1 1 8 1
ciInstanceKlass java/util/List 1 1 251 10 100 12 1 1 1 11 7 12 1 1 1 11 7 12 1 1 1 11 12 1 1 11 100 12 1 1 11 12 1 1 11 12 1 1 10 7 12 1 1 1 7 1 7 1 10 12 1 1 100 1 10 7 12 1 1 1 11 12 1 1 11 12 1 11 12 1 100 1 10 12 1 11 12 1 1 11 12 1 1 11 12 1 10 100 12 1 1 1 9 7 12 1 1 1 7 1 10 12 10 12 1 7 1 10 12 1 1 10 12 1 10 12 1 1 11 12 1 1 100 1 1 1 1 1 1 1 1 1 1 1 1 1 1 1 1 1 1 1 1 1 1 1 1 1 1 1 1 1 1 1 1 1 1 1 1 1 1 1 1 1 1 1 1 100 1 100 1 1 1 1 1 1 1 1 1 1 1 1 1 1 1 1 1 1 1 1 1 1 1 1 1 1 1 1 1 1 1 1 1 1 1 1 1 1 1 1 1 1 1 1 1 1 1 1 1 1 1 1 1 1 1 1 1 1 1 1 1 1 1 1 1 1 1 1 1 1 1 1 1 1 1 1 100 1 1 100 1 1 1
instanceKlass com/sun/jna/Structure$StructureSet
instanceKlass java/util/Hashtable$ValueCollection
instanceKlass java/util/concurrent/ConcurrentSkipListMap$Values
instanceKlass com/google/common/collect/Maps$Values
instanceKlass com/google/common/collect/AbstractMultimap$Values
instanceKlass com/google/common/collect/AbstractMapBasedMultimap$WrappedCollection
instanceKlass com/google/common/collect/ImmutableCollection
instanceKlass hudson/model/ResourceController$1
instanceKlass java/util/concurrent/ConcurrentLinkedDeque
instanceKlass java/util/EnumMap$Values
instanceKlass java/util/LinkedHashMap$LinkedValues
instanceKlass java/util/TreeMap$Values
instanceKlass java/util/AbstractQueue
instanceKlass java/util/IdentityHashMap$Values
instanceKlass java/util/HashMap$Values
instanceKlass java/util/ArrayDeque
instanceKlass java/util/AbstractSet
instanceKlass java/util/ImmutableCollections$AbstractImmutableCollection
instanceKlass java/util/AbstractList
ciInstanceKlass java/util/AbstractCollection 1 1 160 10 7 12 1 1 1 10 7 12 1 1 1 10 12 1 1 11 7 12 1 1 1 11 12 1 1 10 12 1 1 10 100 12 1 1 1 10 12 1 1 10 12 1 1 10 7 12 1 1 10 7 12 1 1 1 7 1 10 7 12 1 1 1 10 100 12 1 1 1 100 1 10 11 12 1 11 7 1 10 12 1 10 12 1 10 100 12 1 1 1 11 8 1 7 1 10 10 12 1 1 8 1 10 12 1 10 12 1 1 1 1 1 1 1 1 1 1 1 1 1 1 1 1 1 1 1 1 1 1 1 1 1 1 1 1 1 1 1 1 1 1 1 1 1 1 1 1 1 1 1 1 1 1 1 1 1 1 1 1
ciInstanceKlass java/lang/AssertionStatusDirectives 0 0 24 10 100 12 1 1 1 100 1 1 1 1 1 1 1 1 1 1 1 1 1 1 1 1
instanceKlass java/nio/BufferUnderflowException
instanceKlass org/bouncycastle/crypto/CryptoServiceConstraintsException
instanceKlass org/apache/commons/jexl/util/introspection/MethodMap$AmbiguousException
instanceKlass java/util/EmptyStackException
instanceKlass org/kohsuke/stapler/ForwardToView
instanceKlass org/codehaus/groovy/control/ConfigurationException
instanceKlass org/eclipse/jetty/io/QuietException$RuntimeException
instanceKlass org/w3c/dom/DOMException
instanceKlass groovy/lang/StringWriterIOException
instanceKlass groovy/lang/GroovyRuntimeException
instanceKlass java/lang/invoke/WrongMethodTypeException
instanceKlass hudson/model/Computer$TerminationRequest
instanceKlass jenkins/model/queue/AsynchronousExecution
instanceKlass hudson/remoting/RemotingSystemException
instanceKlass org/springframework/context/NoSuchMessageException
instanceKlass com/google/inject/internal/aop/GlueException
instanceKlass java/lang/TypeNotPresentException
instanceKlass com/google/inject/ProvisionException
instanceKlass com/google/inject/CreationException
instanceKlass com/google/inject/ConfigurationException
instanceKlass hudson/model/Run$RunnerAbortedException
instanceKlass java/lang/MatchException
instanceKlass org/kohsuke/stapler/HttpRedirect
instanceKlass hudson/scheduler/RareOrImpossibleDateException
instanceKlass java/lang/reflect/MalformedParameterizedTypeException
instanceKlass org/jvnet/hudson/reactor/TunnelException
instanceKlass org/kohsuke/stapler/CancelRequestHandlingException
instanceKlass com/google/common/cache/CacheLoader$InvalidCacheLoadException
instanceKlass com/google/common/util/concurrent/UncheckedExecutionException
instanceKlass org/apache/tools/ant/BuildException
instanceKlass org/apache/commons/beanutils/ConversionException
instanceKlass org/springframework/security/core/AuthenticationException
instanceKlass org/springframework/core/NestedRuntimeException
instanceKlass net/sf/ezmorph/MorphException
instanceKlass net/sf/json/JSONException
instanceKlass hudson/model/Failure
instanceKlass jenkins/model/Jenkins$12
instanceKlass org/springframework/security/access/AccessDeniedException
instanceKlass org/kohsuke/stapler/HttpResponses$HttpResponseException
instanceKlass java/security/ProviderException
instanceKlass com/thoughtworks/xstream/core/BaseException
instanceKlass java/lang/reflect/UndeclaredThrowableException
instanceKlass org/eclipse/jetty/ee9/websocket/api/exceptions/WebSocketException
instanceKlass org/eclipse/jetty/websocket/core/exception/WebSocketException
instanceKlass java/time/DateTimeException
instanceKlass java/util/ConcurrentModificationException
instanceKlass java/util/concurrent/CompletionException
instanceKlass java/nio/BufferOverflowException
instanceKlass org/eclipse/jetty/http/HttpException$RuntimeException
instanceKlass winstone/WinstoneException
instanceKlass java/nio/file/FileSystemNotFoundException
instanceKlass java/nio/file/ProviderNotFoundException
instanceKlass java/nio/file/FileSystemAlreadyExistsException
instanceKlass java/util/NoSuchElementException
instanceKlass java/lang/IndexOutOfBoundsException
instanceKlass java/lang/SecurityException
instanceKlass java/lang/UnsupportedOperationException
instanceKlass java/util/concurrent/RejectedExecutionException
instanceKlass org/eclipse/jetty/util/component/AbstractLifeCycle$StopException
instanceKlass java/lang/IllegalStateException
instanceKlass java/io/UncheckedIOException
instanceKlass java/util/MissingResourceException
instanceKlass java/lang/IllegalArgumentException
instanceKlass java/lang/ArithmeticException
instanceKlass java/lang/NullPointerException
instanceKlass java/lang/IllegalMonitorStateException
instanceKlass java/lang/ArrayStoreException
instanceKlass java/lang/ClassCastException
ciInstanceKlass java/lang/RuntimeException 1 1 40 10 7 12 1 1 1 10 12 1 10 12 1 10 12 1 10 12 1 100 1 1 1 1 5 0 1 1 1 1 1 1 1 1 1 1 1 1 1 1
instanceKlass sun/security/pkcs/SignerInfo$AlgorithmInfo
instanceKlass org/eclipse/jetty/server/HttpChannel$IdleTimeoutTask
instanceKlass org/eclipse/jetty/session/AbstractSessionManager$RequestedSession
instanceKlass org/eclipse/jetty/server/Server$DateField
instanceKlass java/lang/reflect/Executable$ParameterData
instanceKlass hudson/Util$IsOverriddenCacheKey
instanceKlass jenkins/security/csp/Directive
instanceKlass jenkins/security/csp/CspReceiver$ViewContext
instanceKlass jdk/internal/misc/ThreadTracker$ThreadRef
instanceKlass jdk/net/UnixDomainPrincipal
instanceKlass org/eclipse/jetty/util/IncludeExcludeSet$SetContainsPredicate
instanceKlass jdk/jfr/internal/jfc/model/Constraint
instanceKlass java/nio/DirectByteBuffer$Deallocator
instanceKlass jdk/jfr/internal/query/ViewFile$ViewConfiguration
instanceKlass jdk/jfr/internal/dcmd/Argument
instanceKlass java/lang/reflect/Proxy$ProxyBuilder$ProxyClassContext
instanceKlass java/util/stream/Collectors$CollectorImpl
instanceKlass java/security/SecureClassLoader$CodeSourceKey
instanceKlass jdk/internal/reflect/ReflectionFactory$Config
instanceKlass jdk/internal/foreign/abi/UpcallLinker$CallRegs
instanceKlass jdk/internal/foreign/abi/VMStorage
ciInstanceKlass java/lang/Record 1 1 22 10 7 12 1 1 1 100 1 1 1 1 1 1 1 1 1 1 1 1 1 1
ciInstanceKlass java/lang/invoke/MethodType 1 1 780 7 1 10 7 12 1 1 1 9 12 1 1 9 12 1 1 9 12 1 1 10 7 12 1 1 1 9 7 12 1 1 8 1 10 100 12 1 1 1 9 7 1 9 7 1 10 12 1 1 7 1 10 8 1 10 12 1 1 10 12 1 10 12 1 1 7 1 8 1 10 12 1 100 1 10 10 12 1 10 12 1 1 10 12 1 1 11 7 12 1 1 1 9 12 1 11 12 1 1 7 10 12 1 1 10 12 1 1 7 1 7 1 10 7 12 1 1 1 10 12 1 10 12 1 9 12 1 1 10 7 12 1 1 10 12 1 1 10 7 12 1 1 1 10 7 12 1 1 1 10 12 1 9 12 1 1 10 12 1 1 10 12 1 1 10 12 1 1 10 12 1 1 10 12 1 1 10 12 1 10 12 1 10 12 1 1 10 12 1 8 1 8 1 10 12 1 1 9 12 1 1 100 1 10 10 12 1 1 10 12 1 10 12 1 1 10 12 1 1 10 12 1 10 12 1 10 12 1 8 1 10 12 1 1 10 100 12 1 1 1 10 12 1 10 12 1 1 10 12 1 10 12 1 10 12 1 1 10 12 1 10 12 1 9 12 1 10 12 1 10 10 12 1 1 10 12 1 9 12 1 1 10 12 1 1 11 12 1 1 10 12 1 1 7 1 10 12 10 12 1 10 12 1 7 1 8 1 8 1 8 1 10 12 1 10 12 1 10 12 1 10 10 12 1 11 12 1 1 11 12 1 10 100 12 1 1 1 9 12 1 10 12 1 10 12 1 1 10 12 1 1 10 12 1 10 12 1 10 100 12 1 1 1 10 12 1 1 10 12 1 10 12 1 10 12 1 10 9 12 1 1 7 1 10 12 1 10 12 1 1 9 100 12 1 1 1 10 7 12 1 1 1 10 7 12 1 1 1 10 12 1 1 10 7 12 1 1 1 10 12 1 1 8 1 10 7 12 1 1 1 11 12 1 1 9 12 1 1 10 12 1 1 10 12 1 10 12 1 1 10 12 1 1 10 100 12 1 1 100 1 10 12 1 1 11 100 12 1 1 18 12 1 1 11 12 1 1 18 12 1 11 12 1 100 1 11 100 12 1 1 10 12 1 100 1 10 12 1 10 100 12 1 1 10 12 1 1 9 12 1 1 9 100 12 1 1 1 10 7 12 1 1 1 9 12 1 10 100 12 1 1 10 12 1 100 10 12 1 1 10 12 1 10 7 1 7 1 9 12 1 1 7 1 7 1 7 1 1 1 5 0 1 1 1 1 1 1 1 3 1 3 1 3 1 1 1 1 1 1 1 1 1 1 1 1 1 1 1 1 1 1 1 1 1 1 1 1 1 1 1 1 1 1 1 1 1 1 1 1 1 1 1 1 1 1 1 1 1 1 1 1 1 1 1 1 1 1 1 1 1 1 1 1 1 1 1 1 1 1 1 1 1 1 1 1 1 1 1 1 1 1 1 1 1 1 1 1 1 1 1 1 1 1 1 1 1 1 1 1 1 1 1 1 1 1 1 1 1 1 1 1 1 1 1 1 1 1 1 1 1 1 1 1 1 1 1 1 1 1 1 1 1 1 1 7 1 7 1 1 1 1 1 1 1 1 1 1 1 1 1 100 1 1 1 7 1 1 1 1 1 1 1 1 1 1 1 1 1 1 1 1 1 1 1 1 1 1 16 15 10 12 16 16 15 10 12 16 15 10 100 12 1 1 1 1 1 1 1 7 1 1 7 1 1 100 1 100 1 1
staticfield java/lang/invoke/MethodType internTable Ljava/lang/invoke/MethodType$ConcurrentWeakInternSet; java/lang/invoke/MethodType$ConcurrentWeakInternSet
staticfield java/lang/invoke/MethodType NO_PTYPES [Ljava/lang/Class; 0 [Ljava/lang/Class;
staticfield java/lang/invoke/MethodType objectOnlyTypes [Ljava/lang/invoke/MethodType; 20 [Ljava/lang/invoke/MethodType;
staticfield java/lang/invoke/MethodType METHOD_HANDLE_ARRAY [Ljava/lang/Class; 1 [Ljava/lang/Class;
staticfield java/lang/invoke/MethodType serialPersistentFields [Ljava/io/ObjectStreamField; 0 [Ljava/io/ObjectStreamField;
staticfield java/lang/invoke/MethodType $assertionsDisabled Z 1
ciInstanceKlass java/lang/invoke/TypeDescriptor$OfMethod 1 0 43 100 1 100 1 100 1 1 1 1 1 1 1 1 1 1 1 1 1 1 1 1 1 1 1 1 1 1 1 1 1 1 1 1 1 1 1 1 1 1 100 1 1
instanceKlass java/lang/InstantiationException
instanceKlass java/lang/IllegalAccessException
instanceKlass java/lang/reflect/InvocationTargetException
instanceKlass java/lang/NoSuchFieldException
instanceKlass java/lang/NoSuchMethodException
instanceKlass java/lang/ClassNotFoundException
ciInstanceKlass java/lang/ReflectiveOperationException 1 1 34 10 7 12 1 1 1 10 12 1 10 12 1 10 12 1 100 1 1 1 1 5 0 1 1 1 1 1 1 1 1 1 1 1
instanceKlass java/lang/invoke/DelegatingMethodHandle
instanceKlass java/lang/invoke/BoundMethodHandle
instanceKlass java/lang/invoke/DirectMethodHandle
ciInstanceKlass java/lang/invoke/MethodHandle 1 1 733 100 1 9 7 12 1 1 1 10 7 12 1 1 1 10 7 12 1 1 1 7 1 7 1 10 12 1 1 9 12 1 1 10 12 1 10 12 1 1 10 12 1 1 10 7 12 1 1 1 10 12 1 1 10 12 1 1 11 7 12 1 1 1 10 12 1 1 10 12 1 10 12 1 10 12 1 1 9 12 1 1 9 12 1 1 10 7 12 1 1 1 10 12 1 1 10 12 1 10 12 1 100 1 7 1 10 8 1 10 12 1 1 10 12 1 8 1 10 12 1 1 10 12 1 10 7 12 1 1 1 10 12 1 1 10 12 1 1 10 12 1 1 10 7 12 1 1 1 10 12 1 1 10 12 1 1 10 12 1 10 12 1 1 10 7 12 1 1 10 7 12 1 1 10 12 1 10 12 1 10 12 1 1 10 12 1 1 10 12 1 1 10 12 1 1 10 7 12 1 1 1 10 7 12 1 1 1 10 12 1 1 10 12 1 1 10 12 1 1 8 1 10 7 12 1 1 1 8 1 10 12 1 10 12 1 1 10 12 1 1 10 12 1 8 1 10 12 1 1 8 1 10 12 1 8 1 10 7 12 1 1 1 9 12 1 1 100 1 10 9 7 12 1 1 1 9 7 1 8 1 10 12 1 1 10 12 1 10 12 1 1 10 12 1 10 12 1 1 10 12 1 10 12 1 1 10 12 1 10 12 1 1 10 12 1 1 8 1 10 12 1 1 8 1 10 12 1 10 12 1 1 10 12 1 10 12 1 10 12 1 1 9 100 12 1 1 1 10 12 1 1 11 12 1 10 12 1 10 12 1 1 10 100 12 1 1 100 1 11 12 1 10 100 1 11 12 1 7 1 10 12 1 11 12 1 9 100 12 1 1 1 11 12 1 1 11 100 12 1 1 1 10 12 1 1 9 12 1 11 12 1 9 12 1 9 12 1 9 12 1 11 12 1 1 9 12 1 9 12 1 9 12 1 9 12 1 9 12 1 9 12 1 9 12 1 8 1 10 12 1 10 12 1 8 1 10 12 1 10 12 1 10 12 1 1 10 10 10 7 12 1 1 10 12 1 1 100 1 100 1 8 1 8 1 10 10 12 1 1 10 12 1 10 12 1 7 1 10 100 12 1 1 1 10 9 7 12 1 1 1 10 12 1 1 10 12 1 1 8 1 8 1 10 7 12 1 1 9 12 1 9 12 1 1 9 12 1 1 10 12 1 7 1 10 12 1 10 12 1 1 9 12 1 1 9 12 1 1 10 7 12 1 1 1 11 7 12 1 1 9 12 1 10 12 1 1 9 12 1 10 12 1 8 10 12 1 1 8 1 1 1 1 1 1 1 1 7 1 1 1 1 1 1 1 1 1 1 1 1 1 1 1 1 1 1 1 1 1 1 1 1 1 1 1 1 1 1 100 1 1 1 1 1 1 1 1 1 1 1 1 1 1 1 1 1 1 1 1 1 1 1 1 1 1 1 1 1 1 1 1 1 1 1 1 1 1 1 1 1 1 1 1 1 1 1 1 1 1 1 1 1 1 1 1 1 1 1 1 1 1 1 1 1 1 1 1 1 1 1 1 1 1 1 1 1 1 1 1 1 1 1 1 1 1 100 1 1 100 1 7 1 100 1 1 100 1 1 100 1 1 1 1
staticfield java/lang/invoke/MethodHandle FORM_OFFSET J 20
staticfield java/lang/invoke/MethodHandle UPDATE_OFFSET J 13
staticfield java/lang/invoke/MethodHandle $assertionsDisabled Z 1
ciMethod java/lang/invoke/MethodHandle type ()Ljava/lang/invoke/MethodType; 258 0 129 0 0
ciMethod java/lang/invoke/MethodHandle updateForm (Ljava/util/function/Function;)V 4 0 84 0 -1
ciMethod java/lang/invoke/MethodHandle customize ()V 4 0 77 0 -1
ciMethod java/lang/invoke/MethodHandle maybeCustomize ()V 1024 0 5632 0 -1
ciInstanceKlass java/util/concurrent/ConcurrentHashMap 1 1 1210 7 1 7 1 3 10 12 1 1 3 7 1 10 7 12 1 1 1 7 1 10 7 12 1 1 1 100 1 11 12 1 1 11 12 1 11 12 1 1 9 12 1 1 9 12 1 1 9 12 1 10 7 12 1 1 1 7 1 10 12 1 1 10 12 1 1 10 7 12 1 1 1 4 10 12 1 9 12 1 10 12 1 1 100 1 10 5 0 10 12 1 10 12 1 1 5 0 10 12 1 1 10 12 1 9 12 1 1 10 12 1 1 9 12 1 9 12 1 1 10 12 1 1 9 12 1 10 12 1 1 9 12 1 1 10 12 1 1 100 1 10 7 1 10 12 1 10 12 1 1 10 12 1 1 10 12 1 1 10 12 1 10 12 1 1 10 12 1 1 100 1 10 12 1 1 7 1 100 1 8 1 10 12 1 10 12 1 1 10 12 1 1 11 7 12 1 1 10 12 1 1 11 12 1 1 11 7 12 1 1 1 11 7 12 1 1 1 11 12 1 7 1 11 12 1 11 12 1 10 12 1 1 10 12 1 1 9 12 1 1 10 100 12 1 1 1 9 10 12 1 1 9 12 1 10 12 1 1 5 0 9 12 1 1 7 1 10 12 1 9 12 1 1 7 1 10 12 1 9 12 1 7 1 10 7 1 10 10 12 1 1 8 1 10 12 1 10 12 1 1 11 100 1 10 12 1 10 100 12 1 1 1 8 1 10 100 12 1 1 1 8 1 10 12 1 8 1 10 12 1 10 12 1 1 10 100 12 1 1 10 12 1 10 12 1 10 12 1 9 12 1 9 10 12 1 9 12 1 1 11 100 12 1 1 1 11 7 12 1 1 1 100 1 10 12 11 7 12 1 1 10 11 7 12 1 10 12 1 100 1 10 12 1 100 1 10 10 9 7 12 1 1 1 10 12 3 10 7 12 1 1 9 12 1 10 12 1 1 9 12 1 1 9 12 1 10 12 1 1 10 7 12 1 1 9 12 1 9 7 12 1 1 10 12 1 1 10 12 1 3 9 12 1 9 12 1 10 12 1 1 7 1 9 3 9 12 1 7 1 10 12 1 9 12 1 10 12 1 9 12 1 10 12 1 9 12 1 10 100 12 1 1 1 100 10 12 1 7 1 5 0 10 100 12 1 1 100 1 10 12 1 1 10 12 1 10 12 1 100 1 10 12 1 10 100 1 100 1 10 10 12 1 10 100 1 10 12 1 10 100 1 10 12 1 10 7 1 10 12 1 1 100 1 10 12 1 10 10 12 1 100 1 10 12 1 10 10 12 1 100 1 10 12 1 10 100 1 10 12 1 10 100 1 10 12 1 10 100 1 10 12 1 10 100 1 10 12 1 10 100 1 10 12 1 10 100 1 10 12 1 10 100 1 10 12 1 10 100 1 10 10 100 1 10 10 100 1 10 10 100 1 10 12 1 10 100 1 10 12 1 10 100 1 10 12 1 10 100 1 10 12 1 10 100 1 10 12 1 10 100 1 10 10 100 1 10 10 100 1 10 10 100 1 10 12 1 10 100 1 10 12 1 10 100 1 10 12 1 10 100 1 10 12 1 10 100 1 10 12 1 10 10 12 1 10 7 12 1 1 1 10 12 1 7 1 7 1 10 12 1 9 12 1 1 9 12 1 1 10 12 1 1 8 10 12 1 1 8 8 8 8 7 10 12 1 1 10 12 1 100 1 8 1 10 7 1 7 1 7 1 1 1 5 0 1 1 3 1 3 1 1 1 1 3 1 3 1 3 1 1 1 1 1 3 1 3 1 3 1 1 1 1 1 1 1 1 1 1 1 1 1 1 1 1 1 1 1 1 1 1 1 1 1 100 1 1 1 1 1 1 1 1 1 1 1 1 1 1 1 1 1 1 1 1 1 1 1 1 1 1 1 1 1 1 1 1 1 1 1 1 1 1 1 1 1 1 1 1 1 1 1 1 1 1 1 1 1 1 1 1 1 1 1 1 1 1 1 1 1 1 1 1 1 1 1 1 1 1 1 1 1 1 1 1 1 1 1 1 100 1 1 1 1 1 1 1 1 1 1 1 7 1 1 1 1 1 1 1 1 1 1 1 1 1 1 1 1 1 1 1 1 1 1 1 1 1 1 1 1 1 1 1 1 1 1 1 1 1 1 1 1 1 1 1 1 1 1 1 1 1 1 1 1 1 1 1 1 1 1 1 1 1 1 1 1 1 1 1 1 1 1 1 1 1 1 1 1 1 1 1 1 1 1 1 1 1 1 1 1 1 1 1 1 1 1 1 1 1 1 1 1 1 1 1 1 1 1 1 1 1 1 1 1 1 1 1 1 1 1 1 1 1 1 1 1 1 1 1 1 1 1 1 1 1 1 1 1 1 1 1 1 1 1 1 1 1 1 1 1 1 1 1 1 1 1 1 1 1 1 1 1 1 1 1 1 1 1 1 1 1 1 1 1 1 1 1 1 1 1 1 1 1 1 1 1 1 1 1 1 1 1 1 1 1 1 1 1 1 1 1 1 1 1 1 1 1 1 1 1 1 1 1 1 1 1 1 1 1 1 1 1 1 1 1 100 1 100 1 100 1 100 1 100 1 100 1 100 1 100 1 100 1 1 1 1 1 1 1 1 1 1 1 1 1 1 1 1 1 1 1 1 1 1 1 1 1 1 1 1 1 1 1 1 1 1 1 1 1 1 1 1 1 1 1 1 1 1 1 1 1 1 1 1 1 1 1 1 1 1
staticfield java/util/concurrent/ConcurrentHashMap NCPU I 8
staticfield java/util/concurrent/ConcurrentHashMap serialPersistentFields [Ljava/io/ObjectStreamField; 3 [Ljava/io/ObjectStreamField;
staticfield java/util/concurrent/ConcurrentHashMap U Ljdk/internal/misc/Unsafe; jdk/internal/misc/Unsafe
staticfield java/util/concurrent/ConcurrentHashMap SIZECTL J 20
staticfield java/util/concurrent/ConcurrentHashMap TRANSFERINDEX J 32
staticfield java/util/concurrent/ConcurrentHashMap BASECOUNT J 24
staticfield java/util/concurrent/ConcurrentHashMap CELLSBUSY J 36
staticfield java/util/concurrent/ConcurrentHashMap CELLVALUE J 144
staticfield java/util/concurrent/ConcurrentHashMap ABASE I 16
staticfield java/util/concurrent/ConcurrentHashMap ASHIFT I 2
ciInstanceKlass java/util/concurrent/ConcurrentMap 1 1 208 11 7 12 1 1 1 10 100 12 1 1 11 12 1 1 11 100 12 1 1 1 11 7 12 1 1 1 11 12 1 1 100 1 11 12 1 11 12 1 100 1 11 100 12 1 1 1 18 12 1 11 12 1 1 11 100 12 1 1 11 12 1 1 11 100 12 1 11 12 1 1 11 12 1 1 7 1 7 1 1 1 1 1 1 1 1 1 1 1 1 1 1 1 1 1 1 1 1 1 1 1 1 1 1 1 1 1 1 1 1 1 1 1 1 1 1 1 1 1 1 1 1 1 1 1 1 1 1 1 1 1 1 1 1 1 1 1 1 16 15 11 12 15 10 100 12 1 1 1 1 1 100 1 100 1 1 1 100 1 8 1 1 12 10 1 1 1 8 1 1 1 8 1 1 8 1 1 1 8 1 1 1 8 1 1 1 8 1 1 1 8 1 1 1 8 1 1 1 8 1 1 1 8 1 1 8 1
instanceKlass org/eclipse/jetty/http/HttpFieldsMap
instanceKlass jenkins/model/lazy/AbstractLazyLoadRunMap
instanceKlass org/springframework/util/ConcurrentReferenceHashMap
instanceKlass com/google/common/collect/Maps$ViewCachingAbstractMap
instanceKlass com/google/common/collect/MapMakerInternalMap
instanceKlass com/google/common/cache/LocalCache
instanceKlass sun/awt/SoftCache
instanceKlass com/thoughtworks/xstream/core/util/WeakCache
instanceKlass org/eclipse/jetty/http/pathmap/PathMappings
instanceKlass java/util/Collections$SingletonMap
instanceKlass java/util/EnumMap
instanceKlass java/util/concurrent/ConcurrentSkipListMap
instanceKlass java/util/TreeMap
instanceKlass java/util/IdentityHashMap
instanceKlass java/util/WeakHashMap
instanceKlass java/util/Collections$EmptyMap
instanceKlass sun/util/PreHashedMap
instanceKlass java/util/HashMap
instanceKlass java/util/ImmutableCollections$AbstractImmutableMap
instanceKlass java/util/concurrent/ConcurrentHashMap
ciInstanceKlass java/util/AbstractMap 1 1 196 10 7 12 1 1 1 10 7 12 1 1 1 11 7 12 1 1 1 10 11 12 1 1 11 7 12 1 1 1 11 12 1 1 7 1 11 12 1 10 12 1 1 11 12 1 100 1 10 11 12 1 11 7 1 10 12 1 1 11 12 1 9 12 1 1 7 1 10 12 1 9 12 1 1 100 1 10 11 11 12 1 1 11 12 1 7 1 100 1 11 12 1 8 1 7 1 10 10 12 1 1 8 1 10 12 1 10 12 1 1 10 12 1 1 1 1 1 1 1 1 1 1 1 1 1 1 1 1 1 1 1 1 1 1 1 1 1 1 1 1 1 1 1 1 1 1 1 1 1 1 1 1 7 1 1 1 1 1 1 1 7 1 1 1 1 1 1 1 1 1 7 1 1 1 1 1 1 1 1 1 100 1 100 1 100 1 100 1 100 1 1 1 1 1 1
ciInstanceKlass jdk/internal/loader/ClassLoaders 1 1 183 10 7 12 1 1 1 10 7 12 1 1 1 10 12 1 1 10 100 12 1 1 1 9 7 12 1 1 1 9 12 1 1 9 12 1 1 7 1 11 100 12 1 1 1 100 1 11 12 1 1 11 12 1 1 10 100 12 1 1 1 10 100 12 1 1 1 100 1 100 1 10 7 12 1 1 1 9 12 1 1 10 12 1 1 7 1 10 12 1 1 10 12 1 7 1 8 1 10 7 12 1 1 1 10 12 1 1 7 1 10 12 1 10 12 1 10 12 1 8 1 10 7 12 1 1 8 1 8 1 10 12 1 7 1 10 12 1 10 12 1 10 12 1 1 1 1 1 1 1 1 1 1 1 1 1 1 1 1 1 1 1 1 7 1 1 1 1 1 1 1 1 1 1 1 1 1 1 1 1 1 1 1
staticfield jdk/internal/loader/ClassLoaders JLA Ljdk/internal/access/JavaLangAccess; java/lang/System$2
staticfield jdk/internal/loader/ClassLoaders BOOT_LOADER Ljdk/internal/loader/ClassLoaders$BootClassLoader; jdk/internal/loader/ClassLoaders$BootClassLoader
staticfield jdk/internal/loader/ClassLoaders PLATFORM_LOADER Ljdk/internal/loader/ClassLoaders$PlatformClassLoader; jdk/internal/loader/ClassLoaders$PlatformClassLoader
staticfield jdk/internal/loader/ClassLoaders APP_LOADER Ljdk/internal/loader/ClassLoaders$AppClassLoader; jdk/internal/loader/ClassLoaders$AppClassLoader
instanceKlass jdk/internal/loader/ClassLoaders$BootClassLoader
instanceKlass jdk/internal/loader/ClassLoaders$PlatformClassLoader
instanceKlass jdk/internal/loader/ClassLoaders$AppClassLoader
ciInstanceKlass jdk/internal/loader/BuiltinClassLoader 1 1 737 9 7 12 1 1 1 10 7 12 1 1 1 10 7 12 1 1 1 9 12 1 1 9 12 1 1 7 1 10 12 1 9 12 1 10 12 1 9 12 1 10 7 12 1 1 1 10 7 12 1 1 1 10 7 12 1 1 1 11 7 12 1 1 1 7 1 7 1 10 10 12 1 1 8 1 10 12 1 10 12 7 1 10 12 1 10 12 1 1 11 7 12 1 1 1 11 7 12 1 1 1 11 12 1 1 7 1 8 1 8 1 10 9 12 1 1 10 7 12 1 1 11 12 1 1 10 12 1 1 10 12 1 1 10 12 1 1 10 7 12 1 1 1 10 12 1 10 7 12 1 1 1 10 12 1 1 11 7 12 1 1 1 10 7 12 1 1 7 1 10 7 12 1 1 1 10 12 1 100 1 8 1 10 12 1 1 10 8 1 10 12 1 1 10 12 1 1 10 12 1 1 11 7 12 1 1 11 12 1 7 1 10 11 12 1 1 11 10 12 1 1 7 1 10 12 1 10 7 12 1 10 12 1 7 1 10 12 1 10 7 12 1 1 1 100 1 10 12 1 1 11 12 1 7 1 100 1 10 12 1 10 12 1 1 100 1 100 1 10 12 1 10 12 1 18 12 1 1 10 12 1 10 12 1 1 18 100 1 10 7 12 1 1 1 7 1 10 10 12 1 1 10 12 1 1 10 12 1 1 10 12 1 9 12 1 1 100 1 10 10 12 1 1 10 12 1 1 10 12 1 10 12 10 12 1 1 10 12 1 1 10 12 1 1 10 12 1 10 12 1 1 18 12 1 7 1 10 12 1 1 10 12 1 10 12 1 1 10 12 1 100 1 10 12 1 7 1 10 12 1 10 7 12 1 1 1 10 12 1 11 12 1 7 1 10 12 1 7 1 100 1 10 12 1 10 12 1 11 12 1 1 10 12 1 1 10 12 1 1 10 12 1 1 10 12 1 1 10 12 1 10 12 1 10 12 1 10 12 1 8 1 10 12 1 1 10 100 12 1 1 10 12 1 100 1 8 1 8 1 10 10 12 1 8 1 8 1 10 7 12 1 1 1 11 7 12 1 1 1 9 7 12 1 1 1 10 7 12 1 1 1 9 12 1 9 12 1 9 12 1 9 12 1 9 12 1 9 12 1 10 7 12 1 1 1 8 1 10 12 1 7 1 10 12 1 1 10 12 1 7 1 10 11 12 1 1 10 12 10 12 1 10 12 1 100 1 10 12 1 10 12 1 10 10 12 1 10 7 12 1 1 8 1 10 7 12 1 1 10 12 1 1 1 1 1 1 1 1 1 1 1 1 1 1 1 1 1 1 1 1 1 1 1 1 1 1 1 1 1 1 1 1 1 1 1 1 1 1 1 1 1 1 1 1 1 1 1 1 1 1 1 1 1 1 1 1 7 1 1 1 1 1 1 1 1 1 1 1 1 1 1 1 1 1 1 7 1 7 1 1 1 1 1 1 1 1 1 1 1 1 1 1 1 1 1 1 1 1 1 1 1 1 1 1 1 1 1 1 1 1 1 1 1 1 1 1 1 1 1 1 1 1 1 1 1 1 1 1 1 100 1 1 16 15 10 12 16 15 10 12 16 15 10 12 16 1 15 10 100 12 1 1 1 1 1 100 1 1 1 1 1 100 1 100 1 1
staticfield jdk/internal/loader/BuiltinClassLoader packageToModule Ljava/util/Map; java/util/concurrent/ConcurrentHashMap
staticfield jdk/internal/loader/BuiltinClassLoader $assertionsDisabled Z 1
ciInstanceKlass jdk/internal/loader/ClassLoaders$AppClassLoader 1 1 119 8 1 10 7 12 1 1 1 10 7 12 1 1 1 10 7 12 1 1 1 10 12 1 1 10 7 12 1 1 1 10 12 1 1 10 12 1 1 7 1 8 1 10 12 10 7 12 1 1 1 10 7 12 1 1 10 12 1 1 10 12 1 1 10 7 12 1 1 1 7 1 10 12 1 1 1 1 1 1 1 1 1 1 1 1 1 1 1 1 1 1 1 1 1 7 1 1 1 1 1 1 1 1 1 1 1 1 1 1 1 1 1 1 1 7 1 1 1
ciInstanceKlass jdk/internal/loader/ClassLoaders$PlatformClassLoader 1 1 42 8 1 10 7 12 1 1 1 10 7 12 1 1 1 7 1 10 12 1 7 1 1 1 1 1 1 1 1 1 1 1 1 1 1 7 1 1 1 100 1 1
ciInstanceKlass java/lang/ArithmeticException 1 1 26 10 100 12 1 1 1 10 12 1 100 1 1 1 1 5 0 1 1 1 1 1 1 1 1 1
ciInstanceKlass java/lang/ArrayStoreException 1 1 26 10 100 12 1 1 1 10 12 1 100 1 1 1 1 5 0 1 1 1 1 1 1 1 1 1
instanceKlass org/codehaus/groovy/runtime/typehandling/GroovyCastException
ciInstanceKlass java/lang/ClassCastException 1 1 26 10 100 12 1 1 1 10 12 1 100 1 1 1 1 5 0 1 1 1 1 1 1 1 1 1
ciInstanceKlass java/lang/ClassNotFoundException 1 1 96 7 1 10 7 12 1 1 1 10 12 1 10 12 1 1 10 100 12 1 1 1 8 1 10 100 12 1 1 1 10 7 12 1 1 10 100 12 1 1 1 10 100 12 1 1 1 10 12 1 1 7 1 10 12 1 9 12 1 1 1 1 1 5 0 1 1 1 1 1 1 1 1 1 1 1 1 1 1 1 1 1 1 100 1 1 1 1 1 1 1 1 1 1 1 1
staticfield java/lang/ClassNotFoundException serialPersistentFields [Ljava/io/ObjectStreamField; 1 [Ljava/io/ObjectStreamField;
instanceKlass org/kohsuke/stapler/NoStaplerConstructorException
instanceKlass org/kohsuke/stapler/WrongTypeException
instanceKlass org/kohsuke/stapler/export/NotExportableException
instanceKlass org/eclipse/jetty/http/CookieParser$InvalidCookieException
instanceKlass java/nio/channels/IllegalSelectorException
instanceKlass org/eclipse/jetty/http/HttpException$IllegalArgumentException
instanceKlass org/eclipse/jetty/util/Utf8StringBuilder$Utf8IllegalArgumentException
instanceKlass java/nio/charset/IllegalCharsetNameException
instanceKlass org/springframework/web/util/pattern/PatternParseException
instanceKlass org/apache/commons/beanutils/BeanAccessLanguageException
instanceKlass java/security/InvalidParameterException
instanceKlass java/util/regex/PatternSyntaxException
instanceKlass java/nio/file/ProviderMismatchException
instanceKlass org/eclipse/jetty/http/ComplianceViolationException
instanceKlass java/nio/charset/UnsupportedCharsetException
instanceKlass java/lang/NumberFormatException
instanceKlass java/nio/file/InvalidPathException
ciInstanceKlass java/lang/IllegalArgumentException 1 1 35 10 7 12 1 1 1 10 12 1 10 12 1 10 12 1 100 1 1 1 1 5 0 1 1 1 1 1 1 1 1 1 1 1 1
ciInstanceKlass java/lang/IllegalMonitorStateException 1 1 26 10 100 12 1 1 1 10 12 1 100 1 1 1 1 5 0 1 1 1 1 1 1 1 1 1
ciInstanceKlass java/lang/BootstrapMethodError 0 0 45 10 100 12 1 1 1 10 12 1 10 12 1 10 100 12 1 1 1 10 100 12 1 1 1 1 1 1 5 0 1 1 1 1 1 1 1 1 1 1 1 100 1 1 1
instanceKlass java/lang/UnsatisfiedLinkError
instanceKlass java/lang/ExceptionInInitializerError
instanceKlass java/lang/ClassFormatError
instanceKlass java/lang/IncompatibleClassChangeError
instanceKlass java/lang/BootstrapMethodError
instanceKlass java/lang/NoClassDefFoundError
ciInstanceKlass java/lang/LinkageError 1 1 31 10 7 12 1 1 1 10 12 1 10 12 1 100 1 1 1 1 5 0 1 1 1 1 1 1 1 1 1 1 1
ciInstanceKlass java/lang/NullPointerException 1 1 52 10 7 12 1 1 1 10 12 1 9 7 12 1 1 1 10 12 1 1 9 12 1 1 10 12 1 1 10 12 1 1 1 1 5 0 1 1 1 1 1 1 1 1 100 1 100 1 100 1 1 1
ciInstanceKlass java/lang/NoClassDefFoundError 1 1 26 10 7 12 1 1 1 10 12 1 100 1 1 1 1 5 0 1 1 1 1 1 1 1 1 1
ciInstanceKlass java/lang/StackOverflowError 1 1 26 10 100 12 1 1 1 10 12 1 100 1 1 1 1 5 0 1 1 1 1 1 1 1 1 1
ciInstanceKlass java/lang/StackTraceElement 1 1 235 10 7 12 1 1 1 10 7 12 1 1 9 12 1 1 9 12 1 1 9 12 1 9 12 1 8 1 10 7 12 1 1 1 7 1 9 12 1 8 1 9 12 1 9 12 1 9 12 1 1 10 12 1 1 10 12 1 8 1 10 7 12 1 1 1 7 1 10 12 1 10 12 1 1 10 12 1 10 12 1 1 10 12 1 10 12 1 10 10 12 1 8 1 10 12 1 10 12 1 1 10 12 1 1 10 12 1 10 12 1 10 12 1 9 12 1 1 10 7 12 1 1 1 10 12 1 1 7 1 10 12 1 1 10 7 12 1 1 10 7 12 1 1 1 10 7 12 1 1 10 7 12 1 1 10 10 12 1 1 10 12 1 1 10 12 1 1 10 12 1 7 1 1 1 1 1 1 1 3 1 3 1 1 5 0 1 1 1 1 1 1 1 1 1 1 1 1 1 1 1 1 1 1 1 1 1 1 1 1 1 1 1 1 1 7 1 7 1 1 1 1 1 1 1 100 1 1 1 1 1 1 1 1 1
instanceKlass java/util/concurrent/locks/AbstractQueuedSynchronizer
ciInstanceKlass java/util/concurrent/locks/AbstractOwnableSynchronizer 1 1 32 10 7 12 1 1 1 9 7 12 1 1 1 100 1 1 1 1 5 0 1 1 1 1 1 1 1 1 1 1 1 1
ciInstanceKlass jdk/internal/vm/Continuation 0 0 549 9 100 12 1 1 1 9 12 1 9 12 1 100 1 7 1 10 12 1 1 8 1 10 12 1 1 10 12 1 10 12 1 1 10 12 1 9 7 12 1 1 1 11 100 12 1 1 1 10 7 1 9 12 1 1 9 12 1 1 10 8 1 10 12 1 9 12 1 1 10 11 12 1 1 100 1 10 100 12 1 1 1 10 12 1 1 10 12 1 10 12 1 1 11 12 1 1 9 12 1 1 10 12 1 1 18 12 1 1 10 7 12 1 1 1 100 1 10 12 1 11 100 12 1 1 1 10 12 1 9 12 1 10 12 1 1 100 1 8 1 10 12 1 10 12 1 1 9 12 1 1 11 12 1 1 9 12 1 1 8 1 10 11 12 1 1 11 12 1 1 10 12 1 1 10 12 1 1 9 12 1 10 12 1 10 10 12 1 8 1 10 12 1 8 1 8 1 10 7 12 1 1 1 10 7 12 1 1 1 10 12 1 9 12 1 11 12 1 7 1 10 12 1 10 12 1 1 9 12 1 1 7 1 10 12 1 1 9 12 1 1 10 12 1 10 12 1 11 7 12 1 1 10 7 1 10 12 1 8 1 9 12 1 10 12 1 1 9 12 1 1 10 7 12 1 1 8 1 8 1 8 1 8 1 10 12 1 1 10 12 1 10 12 1 10 12 1 10 12 1 1 10 12 1 1 8 1 10 12 1 1 9 12 1 1 10 12 1 1 9 12 1 8 1 10 7 12 1 1 1 10 12 1 8 1 100 1 8 1 10 9 12 1 1 8 1 10 7 12 1 1 10 100 12 1 1 8 1 8 1 10 12 10 100 12 1 1 1 10 7 1 10 7 12 1 1 1 18 11 100 12 1 1 1 18 12 1 11 12 1 1 7 1 10 7 12 1 1 10 12 1 1 8 10 12 1 1 10 100 12 1 1 1 10 100 12 1 1 10 12 1 8 1 10 12 1 7 1 7 1 10 12 1 1 1 1 1 1 1 1 1 1 1 1 1 1 1 1 1 1 1 1 1 1 1 1 1 1 1 1 1 1 1 1 1 1 1 1 1 1 1 1 1 1 1 1 1 1 1 1 1 1 1 1 1 1 1 1 1 1 1 1 1 1 1 1 1 1 1 1 1 1 1 1 1 1 1 100 1 1 16 1 15 10 12 16 15 11 7 12 1 1 1 16 1 16 1 15 10 12 16 15 10 100 12 1 1 1 1 1 1 1 1 100 1 100 1 1
ciInstanceKlass jdk/internal/misc/UnsafeConstants 1 1 34 10 100 12 1 1 1 9 7 12 1 1 1 9 12 1 9 12 1 1 9 12 1 9 12 1 1 1 1 1 1 1 1 1
staticfield jdk/internal/misc/UnsafeConstants ADDRESS_SIZE0 I 8
staticfield jdk/internal/misc/UnsafeConstants PAGE_SIZE I 4096
staticfield jdk/internal/misc/UnsafeConstants BIG_ENDIAN Z 0
staticfield jdk/internal/misc/UnsafeConstants UNALIGNED_ACCESS Z 1
staticfield jdk/internal/misc/UnsafeConstants DATA_CACHE_LINE_FLUSH_SIZE I 0
ciInstanceKlass java/lang/invoke/MethodHandleImpl 1 1 1357 10 7 12 1 1 1 7 1 10 7 12 1 1 1 10 7 12 1 1 1 7 1 10 8 1 10 12 1 1 10 12 1 10 12 1 1 10 7 12 1 1 1 9 7 12 1 1 1 10 100 12 1 1 1 100 1 10 12 1 1 10 12 1 1 10 12 1 1 10 7 12 1 1 1 9 7 12 1 1 1 10 7 12 1 1 1 100 1 10 9 12 1 1 9 12 1 10 12 1 1 10 12 1 10 12 1 1 10 12 1 1 10 12 1 1 8 1 8 1 10 12 1 1 10 12 1 1 10 12 1 1 10 12 1 1 10 12 1 10 12 1 1 10 7 12 1 1 1 10 12 1 7 1 10 7 12 1 1 1 10 12 1 1 10 12 1 1 11 7 12 1 1 1 11 7 12 1 1 11 12 1 1 7 1 11 12 1 10 12 1 1 10 12 1 1 11 12 1 10 7 12 1 1 10 12 1 1 10 7 12 1 1 10 12 1 10 12 1 1 10 7 12 1 1 1 10 7 12 1 1 1 10 12 1 1 10 12 1 1 9 7 12 1 1 1 10 10 12 1 1 10 12 1 1 10 10 12 1 1 10 12 1 1 10 7 12 1 1 1 10 12 1 1 10 12 1 10 12 1 10 7 12 1 1 1 10 7 12 1 1 1 10 12 1 1 10 12 1 10 12 1 10 12 1 10 12 1 1 10 12 1 10 12 1 1 10 12 1 10 12 1 8 1 7 1 10 12 1 10 12 1 1 10 12 1 10 12 1 1 10 12 1 1 7 1 10 12 1 100 1 8 1 10 12 1 10 7 12 1 1 1 8 1 10 12 1 10 7 12 1 1 1 100 1 9 7 1 10 12 1 1 10 12 1 1 9 12 1 10 12 1 1 10 7 12 1 1 10 12 1 1 10 12 1 1 10 12 1 10 12 1 7 1 10 12 1 1 9 12 1 1 10 12 1 9 7 12 1 1 1 11 7 12 1 1 7 1 9 12 1 7 1 10 12 1 10 12 1 1 7 1 10 12 1 1 10 12 1 10 12 1 1 10 7 12 1 1 1 10 12 1 1 10 12 1 10 12 1 1 10 12 1 10 12 1 1 10 12 1 7 1 9 7 12 1 1 1 10 12 1 10 12 1 9 7 12 1 1 1 10 12 1 1 10 12 1 1 10 12 1 10 7 12 1 1 10 7 12 1 1 1 9 12 1 10 12 1 9 12 10 12 1 10 12 1 10 12 1 10 12 1 1 10 12 1 10 12 1 1 10 12 1 10 12 1 1 10 12 1 1 10 12 1 1 10 12 1 10 12 1 10 12 1 1 10 12 1 10 7 12 1 1 10 12 1 10 7 12 1 1 8 1 10 8 1 7 1 10 9 12 1 100 1 10 12 1 8 1 10 10 12 1 10 10 12 1 1 10 12 1 1 10 12 1 10 12 1 7 1 8 1 10 12 1 10 7 12 1 1 1 10 12 1 1 10 12 1 10 12 1 7 1 10 12 1 10 12 1 10 12 1 1 7 1 10 12 1 10 7 12 1 1 10 12 1 9 12 1 10 12 1 1 10 12 1 1 100 1 10 10 12 1 8 1 8 1 9 12 1 8 1 8 1 8 1 9 12 1 10 12 1 1 9 12 1 1 10 12 1 8 1 9 7 1 10 12 1 1 10 12 1 8 1 8 1 8 1 100 1 100 1 8 8 1 8 1 7 1 8 1 7 1 10 12 1 10 12 1 10 12 10 12 1 10 12 1 11 7 12 1 1 1 18 12 1 11 100 12 1 1 1 18 18 12 1 11 12 1 1 10 12 1 1 10 12 1 10 12 1 11 12 1 9 12 1 9 12 10 10 12 1 1 9 12 1 1 11 12 1 1 18 12 1 1 11 12 1 1 11 12 1 1 10 12 1 11 7 1 10 12 1 10 12 1 10 12 1 9 12 1 9 12 10 12 1 10 7 12 1 1 1 10 12 1 10 12 1 1 10 12 1 10 12 9 12 1 1 10 12 1 10 12 1 1 9 12 1 9 12 1 10 12 1 10 12 1 1 10 12 1 7 1 10 12 1 9 12 1 1 11 7 1 9 12 1 9 12 11 12 1 9 12 1 9 12 1 10 12 1 10 12 1 1 9 7 12 1 1 1 8 1 10 12 1 1 8 1 10 12 1 8 1 8 1 8 1 8 1 8 1 8 1 100 1 8 1 8 1 10 12 1 9 12 1 7 1 10 10 7 12 1 1 1 1 1 1 1 3 1 1 3 1 3 1 3 1 3 1 3 1 3 1 3 1 3 1 1 1 1 1 1 1 1 1 3 1 3 1 1 1 1 1 1 1 1 1 1 1 1 1 1 1 1 1 1 1 1 1 1 1 1 1 1 1 1 1 1 1 1 1 1 1 1 1 1 1 1 1 1 1 1 1 1 1 1 1 1 1 1 1 1 1 1 1 1 1 1 1 1 1 1 1 1 1 1 1 1 1 1 1 1 1 1 1 1 1 1 1 1 1 1 1 1 1 1 1 1 1 1 1 1 1 1 1 1 1 1 1 1 1 1 100 1 1 1 1 1 1 1 1 1 1 1 1 1 1 1 1 1 1 1 1 1 1 1 1 1 1 1 1 1 1 1 1 1 1 1 1 1 1 1 1 1 1 1 1 1 1 1 1 1 1 1 1 1 1 1 1 1 1 1 1 1 1 1 1 1 1 1 1 1 1 1 1 1 1 1 1 1 1 1 1 1 1 1 1 1 1 1 1 1 1 1 1 1 1 1 1 1 1 1 1 1 1 1 1 1 1 1 1 1 1 1 1 1 1 1 1 1 1 1 1 1 1 1 1 1 1 1 1 1 1 1 1 1 1 1 1 1 1 1 1 1 1 1 1 1 1 1 1 1 1 1 1 1 1 1 1 1 1 1 1 1 1 1 100 1 100 1 100 1 100 1 100 1 100 1 100 1 1 16 15 10 12 16 15 16 16 1 15 10 12 16 16 15 10 12 16 15 10 100 12 1 1 1 1 1 1 1 1 1 1 1 1 1 1 1 1 1 1 1 1 1 1 1 1
staticfield java/lang/invoke/MethodHandleImpl ARRAYS [Ljava/lang/invoke/MethodHandle; 256 [Ljava/lang/invoke/MethodHandle;
staticfield java/lang/invoke/MethodHandleImpl NFS [Ljava/lang/invoke/LambdaForm$NamedFunction; 7 [Ljava/lang/invoke/LambdaForm$NamedFunction;
staticfield java/lang/invoke/MethodHandleImpl HANDLES [Ljava/lang/invoke/MethodHandle; 9 [Ljava/lang/invoke/MethodHandle;
staticfield java/lang/invoke/MethodHandleImpl $assertionsDisabled Z 1
ciInstanceKlass java/lang/invoke/MethodHandleStatics 1 1 320 10 7 12 1 1 1 9 7 12 1 1 1 9 12 1 1 10 7 12 1 1 1 9 12 1 9 12 1 9 12 1 9 12 1 9 7 12 1 1 1 7 1 10 8 1 10 12 1 1 10 7 12 1 1 1 8 1 10 7 12 1 1 1 10 12 1 1 8 1 8 1 10 12 1 10 100 12 1 1 1 10 7 12 1 1 8 1 10 12 1 1 8 1 8 1 8 1 8 1 10 12 1 1 7 1 10 12 10 12 1 10 12 1 100 1 10 10 12 1 1 100 1 10 10 12 1 7 1 7 1 8 1 8 1 10 12 1 8 1 10 7 12 1 1 1 9 12 1 1 10 7 12 1 1 1 10 12 1 1 9 12 1 1 10 7 12 1 1 1 8 1 10 7 12 1 1 10 7 12 1 1 1 8 1 8 1 8 1 8 1 8 1 10 12 1 10 7 12 1 1 1 9 12 1 8 1 8 1 8 1 8 1 9 12 1 8 1 9 12 1 8 1 8 1 9 12 1 8 1 8 1 9 12 1 8 1 9 12 1 8 1 9 12 1 8 1 8 1 9 12 1 8 1 8 1 10 12 1 1 8 1 10 12 1 1 1 1 1 1 1 1 1 1 1 1 1 1 1 1 1 1 1 1 1 1 1 7 1 7 1 7 1 1 1 1 1 1 1 1 1 1 1 1 1 1 1 1 1 1 1 1 1 1 1 1 1 1 1 1
staticfield java/lang/invoke/MethodHandleStatics UNSAFE Ljdk/internal/misc/Unsafe; jdk/internal/misc/Unsafe
staticfield java/lang/invoke/MethodHandleStatics CLASSFILE_VERSION I 65
staticfield java/lang/invoke/MethodHandleStatics DEBUG_METHOD_HANDLE_NAMES Z 0
staticfield java/lang/invoke/MethodHandleStatics TRACE_INTERPRETER Z 0
staticfield java/lang/invoke/MethodHandleStatics TRACE_METHOD_LINKAGE Z 0
staticfield java/lang/invoke/MethodHandleStatics TRACE_RESOLVE Z 0
staticfield java/lang/invoke/MethodHandleStatics COMPILE_THRESHOLD I 0
staticfield java/lang/invoke/MethodHandleStatics LOG_LF_COMPILATION_FAILURE Z 0
staticfield java/lang/invoke/MethodHandleStatics DONT_INLINE_THRESHOLD I 30
staticfield java/lang/invoke/MethodHandleStatics PROFILE_LEVEL I 0
staticfield java/lang/invoke/MethodHandleStatics PROFILE_GWT Z 1
staticfield java/lang/invoke/MethodHandleStatics CUSTOMIZE_THRESHOLD I 127
staticfield java/lang/invoke/MethodHandleStatics VAR_HANDLE_GUARDS Z 1
staticfield java/lang/invoke/MethodHandleStatics MAX_ARITY I 255
staticfield java/lang/invoke/MethodHandleStatics VAR_HANDLE_IDENTITY_ADAPT Z 0
staticfield java/lang/invoke/MethodHandleStatics DUMP_CLASS_FILES Ljdk/internal/util/ClassFileDumper; jdk/internal/util/ClassFileDumper
instanceKlass org/apache/commons/beanutils/WrapDynaClass$2
instanceKlass sun/net/www/http/KeepAliveCache
instanceKlass groovy/lang/SpreadMap
instanceKlass org/apache/commons/beanutils/WeakFastHashMap
instanceKlass com/thoughtworks/xstream/core/util/OrderRetainingMap
instanceKlass java/lang/ProcessEnvironment
instanceKlass java/util/LinkedHashMap
ciInstanceKlass java/util/HashMap 1 1 629 10 7 12 1 1 1 7 1 10 12 1 1 7 1 10 7 12 1 1 1 100 1 11 12 1 1 11 12 1 11 12 1 1 10 7 12 1 1 1 7 1 3 10 7 12 1 1 1 100 1 7 1 10 8 1 10 12 1 1 10 12 1 10 12 1 1 10 12 1 10 7 12 1 1 1 8 1 10 12 1 9 12 1 1 10 12 1 9 12 1 1 4 10 12 1 10 12 1 1 11 7 12 1 1 9 12 1 1 10 7 12 1 1 1 6 0 10 12 1 1 11 12 1 1 11 7 12 1 1 1 11 7 12 1 1 1 11 12 1 1 7 1 11 12 1 11 12 1 10 12 1 10 12 1 1 9 12 10 12 1 1 9 7 12 1 1 1 9 12 9 12 1 10 12 1 1 9 12 1 7 1 10 12 1 1 10 12 1 1 10 12 1 1 10 12 1 1 10 12 1 1 9 12 1 10 12 1 1 3 4 10 12 1 1 10 12 1 1 9 12 1 1 9 10 12 1 1 10 12 1 1 10 12 1 1 10 12 1 9 12 1 1 7 1 10 12 1 10 12 1 10 7 12 1 1 1 7 1 9 12 1 1 7 1 10 9 12 7 1 10 100 1 10 11 7 12 1 1 1 100 1 10 11 7 12 1 1 11 7 12 1 1 1 10 12 1 100 1 7 1 10 12 1 10 12 1 10 12 1 10 100 12 1 1 10 12 1 1 10 12 1 1 10 100 12 1 1 1 8 10 100 12 1 1 1 100 1 10 4 4 10 12 1 1 10 100 12 1 1 1 10 12 1 8 1 6 0 10 100 12 1 1 1 100 1 11 100 12 1 1 1 10 12 1 10 12 1 10 10 12 1 1 6 0 8 1 10 12 1 10 12 7 1 7 1 1 1 1 5 0 1 3 1 1 1 3 1 3 1 3 1 1 1 1 1 1 1 1 1 1 1 1 1 1 1 1 1 1 1 1 1 1 100 1 1 1 1 1 1 1 1 1 1 1 1 1 1 1 1 1 1 1 1 1 1 1 1 1 1 1 1 1 1 1 1 1 100 1 1 1 1 1 1 1 1 1 1 1 1 1 1 1 1 1 1 1 1 1 1 1 1 1 1 1 1 1 1 1 1 1 1 1 1 1 1 1 1 1 1 1 1 1 1 1 1 1 1 1 7 1 1 1 1 1 1 1 1 1 1 1 1 1 1 1 1 1 1 1 1 1 1 1 1 1 1 1 1 1 1 1 1 1 1 1 1 1 1 1 1 1 1 1 1 1 1 1 1 100 1 1 1 1 1 1 1 1 7 1 1 1 1 1 1 1 1 1 1 1 1 1 1 1 1 1 1 100 1 100 1 100 1 100 1 100 1 100 1 100 1 100 1 1 1 1 1 1 1 1 1 1 1 1 1 1 1 1 1 1
instanceKlass java/lang/invoke/BoundMethodHandle$Species_LLLLLLLLLLLLL
instanceKlass java/lang/invoke/BoundMethodHandle$Species_LLLLLLLLLLLL
instanceKlass java/lang/invoke/BoundMethodHandle$Species_LLLLLLLLLLL
instanceKlass java/lang/invoke/BoundMethodHandle$Species_LLLLLLLLLL
instanceKlass java/lang/invoke/BoundMethodHandle$Species_LLLLLLLLL
instanceKlass java/lang/invoke/BoundMethodHandle$Species_LLLLLLLL
instanceKlass java/lang/invoke/BoundMethodHandle$Species_LI
instanceKlass java/lang/invoke/BoundMethodHandle$Species_I
instanceKlass java/lang/invoke/BoundMethodHandle$Species_LLLLLLL
instanceKlass java/lang/invoke/BoundMethodHandle$Species_LLLJ
instanceKlass java/lang/invoke/BoundMethodHandle$Species_LLLLLL
instanceKlass java/lang/invoke/BoundMethodHandle$Species_LLJ
instanceKlass java/lang/invoke/BoundMethodHandle$Species_LLLLL
instanceKlass java/lang/invoke/BoundMethodHandle$Species_LLLL
instanceKlass java/lang/invoke/BoundMethodHandle$Species_LJ
instanceKlass java/lang/invoke/BoundMethodHandle$Species_LLL
instanceKlass java/lang/invoke/BoundMethodHandle$Species_LL
instanceKlass java/lang/invoke/BoundMethodHandle$Species_L
instanceKlass java/lang/invoke/SimpleMethodHandle
ciInstanceKlass java/lang/invoke/BoundMethodHandle 1 1 375 10 7 12 1 1 1 9 7 12 1 1 1 10 12 1 1 10 12 1 1 100 1 10 12 1 9 12 1 1 10 7 12 1 1 1 10 7 12 1 1 1 10 10 7 12 1 1 1 10 12 1 1 10 12 1 1 10 12 1 1 10 12 1 1 10 12 1 1 10 12 1 1 10 12 1 1 10 12 1 100 1 9 12 1 1 10 7 12 1 1 1 10 7 12 1 1 1 10 12 1 1 9 12 1 1 9 7 12 1 1 1 9 12 1 1 10 7 12 1 1 1 10 7 1 10 8 1 10 12 1 1 10 12 1 1 8 1 10 12 1 10 12 1 1 8 1 10 12 1 1 10 12 1 8 1 10 12 1 8 1 10 12 1 8 1 10 12 1 8 1 8 1 8 1 10 12 1 1 11 7 12 1 1 7 1 9 100 12 1 1 1 10 100 12 1 1 1 10 12 1 10 12 1 1 10 12 1 1 10 12 1 10 7 12 1 1 1 10 12 1 10 7 12 1 1 10 12 1 10 7 12 1 1 10 12 1 10 7 12 1 1 7 1 10 100 12 1 1 1 7 1 8 1 10 12 1 1 7 1 8 1 10 8 1 10 12 1 1 8 1 8 1 8 1 10 12 1 1 10 12 1 10 8 1 9 7 1 8 1 1 1 1 3 1 3 1 1 1 1 1 1 1 7 1 1 1 1 1 1 1 1 1 1 1 1 1 1 1 1 1 1 7 1 1 1 1 1 1 1 1 1 1 1 1 1 1 1 1 1 1 1 1 1 1 1 1 1 1 1 1 1 1 1 1 1 1 1 1 100 1 1 1 1 100 1 1 1 1 100 1 100 1 1 1
staticfield java/lang/invoke/BoundMethodHandle SPECIALIZER Ljava/lang/invoke/BoundMethodHandle$Specializer; java/lang/invoke/BoundMethodHandle$Specializer
staticfield java/lang/invoke/BoundMethodHandle $assertionsDisabled Z 1
ciInstanceKlass java/lang/invoke/LambdaForm 1 1 1059 7 1 100 1 10 7 12 1 1 1 9 12 1 1 9 12 1 9 12 1 9 12 1 1 9 12 1 1 9 12 1 1 9 12 1 1 9 12 1 1 9 12 1 10 7 12 1 1 9 12 1 10 12 1 1 100 1 10 10 12 1 1 10 12 1 10 12 1 10 12 1 1 10 12 1 9 12 1 9 12 1 10 12 1 1 10 7 12 1 1 1 10 12 1 1 9 100 12 1 1 1 10 12 1 1 9 7 12 1 1 10 12 1 10 12 1 1 10 12 1 1 10 12 1 1 7 1 10 7 12 1 1 1 10 12 1 1 10 12 1 10 12 1 1 9 12 1 1 9 12 1 9 12 1 1 10 12 1 9 12 1 10 100 12 1 1 1 10 12 1 1 7 1 10 12 1 9 12 1 1 10 7 12 1 1 1 10 12 1 10 12 1 7 1 10 12 1 10 12 1 10 12 1 1 10 12 1 1 10 12 1 10 12 1 10 12 1 10 12 1 1 8 1 10 12 1 10 12 1 10 10 12 1 8 1 8 1 9 12 1 9 12 1 1 10 12 1 1 10 12 1 9 12 1 10 12 1 1 10 7 12 1 1 1 10 12 1 1 10 12 1 10 12 1 10 100 12 1 1 1 9 12 1 10 12 1 8 1 8 1 8 1 8 1 8 1 8 1 8 1 8 1 10 12 1 9 12 1 7 1 10 12 1 1 9 12 1 10 12 1 10 12 1 1 10 12 10 12 1 10 12 1 1 10 12 1 1 10 10 12 1 1 10 12 1 1 7 1 8 1 10 12 1 1 10 12 1 10 12 1 1 10 8 1 10 12 1 1 8 1 8 1 8 1 10 12 1 10 12 1 10 12 1 1 100 1 10 12 1 1 10 12 1 1 10 7 12 1 1 1 10 12 1 1 9 12 1 1 8 1 10 100 12 1 1 1 10 7 12 1 1 10 12 10 12 1 1 10 12 1 1 9 12 1 8 10 12 1 1 100 1 10 12 1 1 10 12 1 9 7 12 1 1 9 7 12 1 1 1 8 1 10 100 12 1 1 10 12 1 1 7 1 7 1 10 10 12 1 1 10 12 1 1 8 1 8 1 7 1 8 1 10 12 10 12 1 10 12 1 10 12 1 1 8 1 8 1 10 12 1 10 12 1 1 8 1 8 1 8 1 7 1 8 1 7 1 8 1 7 1 8 1 10 12 1 8 1 9 10 7 12 1 1 1 10 12 1 9 12 1 1 10 12 1 10 10 12 1 10 12 1 10 12 1 10 12 1 1 10 12 1 10 12 1 1 10 12 1 1 10 12 1 1 10 12 1 1 8 1 100 10 12 1 10 12 1 9 12 1 1 10 7 12 1 1 8 1 8 1 7 1 8 1 8 1 8 1 8 1 8 1 8 1 8 1 8 1 10 12 1 1 10 12 1 1 10 12 1 10 12 1 10 12 1 10 12 1 8 1 8 1 8 1 10 12 1 8 1 10 12 1 8 1 8 1 8 1 8 1 8 1 10 12 1 10 12 1 10 12 1 1 10 7 12 1 1 1 10 12 1 10 12 1 10 12 1 10 12 1 10 12 1 10 12 1 10 12 1 9 12 1 1 8 1 10 12 1 1 9 12 1 1 10 12 1 1 9 12 1 9 12 1 1 9 12 1 9 12 1 1 7 1 10 7 12 1 1 1 9 12 1 10 12 1 10 12 1 8 1 10 12 1 9 12 1 1 7 1 10 7 12 1 1 1 8 1 100 1 10 12 1 9 12 1 9 12 1 10 12 1 10 12 1 10 7 12 1 1 1 10 12 1 9 7 12 1 1 10 12 1 1 10 12 1 10 12 1 10 12 1 9 12 10 12 1 10 10 12 1 9 12 1 9 9 12 1 7 9 12 1 1 10 12 1 1 9 12 1 10 12 1 10 7 1 9 1 1 1 1 3 1 3 1 1 3 1 3 1 1 1 1 1 1 1 1 1 1 1 1 1 1 1 1 1 1 1 1 1 1 1 1 1 1 1 1 1 1 1 1 1 1 1 1 1 1 1 1 1 1 1 1 1 1 1 1 1 1 1 100 1 1 1 1 1 1 1 1 1 1 1 1 1 1 1 1 1 1 1 1 1 1 1 1 1 1 1 1 1 1 1 1 1 1 1 1 1 1 1 1 1 1 1 1 1 1 1 1 1 1 1 1 1 1 1 1 1 1 1 1 1 1 100 1 1 1 1 1 1 1 1 1 1 1 1 1 1 1 1 1 1 1 1 1 1 1 1 1 1 1 1 1 1 1 1 1 1 7 1 1 1 1 1 1 1 1 1 1 1 1 1 1 1 1 1 1 1 1 1 1 100 1 1 1 100 1 1 7 1 1 1 1 1 1 1 1 1 1 1
staticfield java/lang/invoke/LambdaForm DEFAULT_CUSTOMIZED Ljava/lang/invoke/MethodHandle; null
staticfield java/lang/invoke/LambdaForm DEFAULT_KIND Ljava/lang/invoke/LambdaForm$Kind; java/lang/invoke/LambdaForm$Kind
staticfield java/lang/invoke/LambdaForm COMPILE_THRESHOLD I 0
staticfield java/lang/invoke/LambdaForm INTERNED_ARGUMENTS [[Ljava/lang/invoke/LambdaForm$Name; 5 [[Ljava/lang/invoke/LambdaForm$Name;
staticfield java/lang/invoke/LambdaForm IMPL_NAMES Ljava/lang/invoke/MemberName$Factory; java/lang/invoke/MemberName$Factory
staticfield java/lang/invoke/LambdaForm LF_identity [Ljava/lang/invoke/LambdaForm; 6 [Ljava/lang/invoke/LambdaForm;
staticfield java/lang/invoke/LambdaForm LF_zero [Ljava/lang/invoke/LambdaForm; 6 [Ljava/lang/invoke/LambdaForm;
staticfield java/lang/invoke/LambdaForm NF_identity [Ljava/lang/invoke/LambdaForm$NamedFunction; 6 [Ljava/lang/invoke/LambdaForm$NamedFunction;
staticfield java/lang/invoke/LambdaForm NF_zero [Ljava/lang/invoke/LambdaForm$NamedFunction; 6 [Ljava/lang/invoke/LambdaForm$NamedFunction;
staticfield java/lang/invoke/LambdaForm createFormsLock Ljava/lang/Object; java/lang/Object
staticfield java/lang/invoke/LambdaForm DEBUG_NAME_COUNTERS Ljava/util/HashMap; null
staticfield java/lang/invoke/LambdaForm DEBUG_NAMES Ljava/util/HashMap; null
staticfield java/lang/invoke/LambdaForm TRACE_INTERPRETER Z 0
staticfield java/lang/invoke/LambdaForm $assertionsDisabled Z 1
ciInstanceKlass java/lang/invoke/MemberName 1 1 724 7 1 7 1 100 1 9 12 1 1 10 7 12 1 1 1 9 12 1 1 10 12 1 1 10 12 1 1 10 12 1 1 10 12 1 10 12 1 1 10 7 12 1 1 1 10 12 1 9 7 12 1 1 10 12 1 7 1 7 1 10 12 1 8 1 10 12 1 1 10 12 1 10 12 1 1 10 12 1 9 12 1 1 8 1 10 100 12 1 1 1 7 1 10 10 12 1 1 7 1 7 1 10 12 1 9 12 1 1 100 1 8 1 10 12 1 10 12 1 10 12 1 10 12 1 10 12 1 1 10 12 1 10 12 1 10 12 1 1 8 1 8 1 10 12 1 8 1 9 12 1 1 3 10 12 1 10 12 1 10 12 1 10 10 7 12 1 1 1 10 12 1 10 12 1 10 12 1 10 12 1 7 1 8 10 12 1 1 10 12 1 1 8 1 9 7 1 8 9 7 1 10 12 1 1 10 12 1 10 12 1 8 1 10 12 1 1 10 12 1 10 12 1 10 12 1 10 12 1 1 7 1 10 12 1 1 10 12 1 8 1 10 12 1 10 12 1 8 1 10 12 1 1 10 12 1 1 7 1 10 12 1 1 10 12 8 1 8 1 7 1 10 12 1 10 100 12 1 1 1 100 1 10 12 10 12 1 10 12 1 10 12 1 10 12 1 10 10 12 1 10 12 1 10 12 1 3 10 12 1 3 10 12 1 3 3 3 3 3 3 10 12 1 3 9 12 1 10 12 1 1 3 10 12 1 10 10 7 12 1 1 1 10 12 1 1 10 7 12 1 1 10 10 12 1 10 12 1 1 10 12 1 10 10 12 1 1 10 12 1 10 12 1 10 12 1 7 1 10 10 10 12 100 1 10 10 10 12 1 1 10 12 1 1 10 10 12 1 8 10 7 1 10 12 1 10 7 1 10 12 1 10 12 1 10 12 1 10 10 12 1 10 12 1 1 10 12 1 1 10 12 1 10 12 1 10 12 1 100 1 10 12 1 1 100 1 8 1 10 7 1 10 12 1 10 12 10 12 1 1 10 12 1 10 12 1 8 1 8 1 8 1 8 1 10 12 1 10 12 1 10 7 12 1 1 1 8 1 8 1 10 12 1 8 1 10 10 10 12 1 10 12 1 8 1 8 1 10 10 12 1 8 1 10 100 12 1 1 1 8 1 100 1 10 12 1 10 12 1 1 10 12 1 8 1 8 1 8 1 8 1 100 1 10 8 1 8 1 8 1 8 1 10 12 1 7 1 100 1 7 1 10 100 1 10 7 1 10 7 12 1 1 1 9 7 12 1 1 1 7 1 7 1 1 1 1 1 1 1 3 1 3 1 3 1 3 1 3 1 3 1 1 1 1 1 1 1 1 3 1 3 1 1 1 1 1 1 1 1 1 1 1 1 1 1 1 1 1 1 1 1 1 1 1 1 1 1 1 1 1 1 1 1 1 1 1 1 1 1 1 1 1 1 1 1 1 1 1 1 1 1 1 1 1 1 1 1 1 1 1 1 1 1 1 1 1 1 1 1 1 1 1 1 1 1 1 1 1 1 1 1 1 1 1 1 1 1 1 1 1 1 1 1 1 1 1 1 7 1 1 1 1 1 1 1 1 1 1 1 1 1 1 1
staticfield java/lang/invoke/MemberName $assertionsDisabled Z 1
instanceKlass java/lang/invoke/VarHandleReferences$FieldStaticReadOnly
instanceKlass java/lang/invoke/VarHandleBooleans$FieldInstanceReadOnly
instanceKlass java/lang/invoke/VarHandleReferences$Array
instanceKlass java/lang/invoke/VarHandleByteArrayAsDoubles$ByteArrayViewVarHandle
instanceKlass java/lang/invoke/VarHandleByteArrayAsFloats$ByteArrayViewVarHandle
instanceKlass java/lang/invoke/VarHandleByteArrayAsChars$ByteArrayViewVarHandle
instanceKlass java/lang/invoke/VarHandleByteArrayAsShorts$ByteArrayViewVarHandle
instanceKlass java/lang/invoke/VarHandleLongs$FieldInstanceReadOnly
instanceKlass java/lang/invoke/VarHandleInts$FieldInstanceReadOnly
instanceKlass java/lang/invoke/VarHandleReferences$FieldInstanceReadOnly
instanceKlass java/lang/invoke/VarHandleByteArrayAsLongs$ByteArrayViewVarHandle
instanceKlass java/lang/invoke/VarHandleByteArrayAsInts$ByteArrayViewVarHandle
ciInstanceKlass java/lang/invoke/VarHandle 1 1 473 10 7 12 1 1 1 10 7 12 1 1 9 12 1 1 9 12 1 1 100 1 10 8 1 10 12 1 1 10 7 12 1 1 1 10 12 1 1 10 7 12 1 1 1 9 100 12 1 1 1 10 12 1 1 10 7 12 1 1 1 10 12 1 1 9 12 1 10 12 1 9 12 1 1 10 7 12 1 1 10 12 1 9 7 12 1 1 1 9 12 1 1 10 12 1 1 100 1 7 1 10 8 1 10 12 1 1 10 12 1 8 1 10 12 1 10 12 1 9 12 1 1 9 12 1 10 12 1 10 12 1 1 10 12 1 10 10 100 12 1 1 1 10 12 1 1 10 12 1 1 10 7 12 1 1 1 10 100 12 1 1 1 10 100 12 1 1 1 9 12 1 1 9 10 12 1 10 12 1 10 12 1 1 10 12 1 10 7 12 1 1 1 9 12 1 1 10 12 1 1 9 12 1 10 12 1 10 12 1 10 7 12 1 1 100 1 10 9 7 12 1 1 1 9 12 1 1 10 7 12 1 1 1 10 12 1 10 12 1 10 12 1 10 12 1 10 12 1 10 12 1 1 8 10 12 1 1 7 1 10 12 1 1 7 1 1 1 1 1 1 1 1 1 1 1 1 1 1 1 1 1 1 1 1 1 1 1 1 1 1 1 1 1 1 1 1 1 1 1 1 1 1 1 1 1 1 1 1 1 1 1 1 1 1 1 1 1 1 1 1 1 1 1 1 1 1 1 1 1 1 1 1 100 1 1 1 1 1 1 1 1 100 1 1 1 1 1 1 1 1 1 1 1 1 100 1 100 1 1 100 1 100 1 100 1 100 1 100 1 100 1 100 1 100 1 100 1 100 1 100 1 100 1 100 1 100 1 100 1 100 1 100 1 100 1 100 1 100 1 100 1 100 1 100 1 100 1 100 1 100 1 100 1 100 1 100 1 100 1 100 1 100 1 100 1 100 1 100 1 1 1 1 1 1 100 1 1 1 100 1 1 100 1 100 1 100 1 100 1 100 1 100 1 1 1 1 100 1 100 1 100 1 100 1 100 1 100 1 100 1 100 1
staticfield java/lang/invoke/VarHandle VFORM_OFFSET J 16
staticfield java/lang/invoke/VarHandle $assertionsDisabled Z 1
ciInstanceKlass java/util/Collections 1 1 932 10 7 12 1 1 1 11 7 12 1 1 1 7 1 11 12 1 1 7 1 10 12 1 1 10 12 1 11 12 1 1 7 1 11 12 1 1 11 12 1 1 10 12 1 11 100 12 1 1 11 12 1 1 11 12 1 10 12 1 10 12 1 10 12 11 100 12 1 1 1 10 12 1 1 11 12 1 11 12 1 1 9 12 1 1 100 1 10 10 12 1 1 10 12 1 11 100 12 1 1 1 11 12 1 1 10 12 1 11 12 1 100 1 8 1 10 12 1 11 7 12 1 1 1 11 7 1 11 12 1 1 10 12 1 1 10 12 1 10 12 1 1 10 12 1 11 12 1 1 10 12 1 1 10 12 1 1 10 12 1 1 11 12 1 1 7 1 10 12 1 11 7 1 100 1 10 12 1 11 7 1 7 1 10 12 1 11 100 1 100 1 10 12 1 11 100 1 100 1 10 12 1 11 100 1 100 1 10 12 1 11 7 1 11 7 1 10 12 10 11 7 1 7 1 10 12 1 11 100 1 100 1 10 11 7 1 7 1 10 12 1 11 7 1 7 1 10 12 1 7 1 10 10 12 1 7 1 10 10 12 1 100 1 10 100 1 10 7 1 10 100 1 10 10 12 1 10 7 1 10 100 1 10 100 1 10 100 1 10 12 1 10 100 12 1 1 1 100 1 100 1 10 12 1 100 1 10 12 1 100 1 10 12 1 100 1 10 12 1 100 1 10 12 1 100 1 10 100 1 10 12 1 100 1 10 12 1 100 1 10 12 1 9 7 12 1 1 1 9 7 12 1 1 9 7 12 1 1 1 9 12 1 1 9 12 1 1 9 12 1 1 9 12 1 1 9 12 1 1 7 1 10 12 7 1 10 7 1 10 7 1 10 7 1 10 12 1 100 1 7 1 10 8 1 10 12 1 1 10 12 1 10 12 1 1 10 7 1 10 12 1 9 7 12 1 1 1 9 7 12 1 1 1 7 1 9 12 1 1 10 12 7 1 10 7 1 10 11 7 12 1 1 11 12 1 10 12 1 11 11 12 1 11 11 12 1 8 1 7 1 10 11 100 1 10 12 1 100 1 10 100 12 1 1 1 100 1 10 12 1 7 1 10 7 1 10 7 1 10 1 1 1 3 1 3 1 3 1 3 1 3 1 3 1 3 1 3 1 1 1 1 1 1 1 1 1 1 1 1 1 1 1 1 1 1 1 1 1 1 1 1 1 1 1 1 1 1 1 1 1 1 1 1 1 1 1 1 1 1 1 1 1 1 1 1 1 1 1 1 1 1 1 1 1 1 1 1 1 1 1 1 1 1 1 1 1 1 1 1 1 1 1 1 1 1 1 1 1 1 1 1 1 1 1 1 1 1 1 1 1 1 1 1 1 1 1 1 1 1 1 1 1 1 1 1 1 1 1 1 1 1 1 1 1 1 1 1 1 1 1 1 1 1 1 1 1 1 1 1 1 1 1 1 1 1 1 1 1 1 1 1 1 1 1 1 1 1 1 1 1 1 1 1 1 1 1 1 1 1 1 1 1 1 1 1 1 1 1 1 1 1 1 1 1 1 1 1 1 1 1 1 1 1 1 1 1 1 1 1 1 1 1 1 1 1 1 1 1 1 1 1 1 1 1 1 1 1 1 1 1 1 1 1 1 1 1 1 1 1 1 1 1 1 1 1 1 1 1 1 1 1 1 1 1 1 1 1 1 1 1 1 1 1 1 1 1 1 1 1 1 1 1 1 1 1 1 1 1 1 1 1 1 1 1 1 1 1 1 1 1 1 1 1 1 1 1 1 1 1 1 1 1 1 1 1 1 1 1 1 1 1 1 1 1 1 1 1 1 1 1 1 1 1 1 1 1 1 1 1 1 1 1 1 1 1 1 1 1 1 1 1 1 1 1 1 1 1 1 100 1 100 1 100 1 100 1 100 1 100 1 100 1 100 1 100 1 100 1 100 1 100 1 100 1 1 1 1 1 1 1 1 1 1 1 1 1 1 1 1 1 1 1 1 1 1 1 1 1 1 1 1 1 1 1 1 1 1 1 1 1 1 1 1 1 1 100 1 1 1 1 1 1 1 1 1 1 1 1 1 1 1
staticfield java/util/Collections EMPTY_SET Ljava/util/Set; java/util/Collections$EmptySet
staticfield java/util/Collections EMPTY_LIST Ljava/util/List; java/util/Collections$EmptyList
staticfield java/util/Collections EMPTY_MAP Ljava/util/Map; java/util/Collections$EmptyMap
ciMethod java/lang/invoke/MethodHandleImpl isCompileConstant (Ljava/lang/Object;)Z 260 0 13944 0 -1
instanceKlass jdk/internal/reflect/FieldAccessorImpl
instanceKlass jdk/internal/reflect/ConstructorAccessorImpl
instanceKlass jdk/internal/reflect/MethodAccessorImpl
ciInstanceKlass jdk/internal/reflect/MagicAccessorImpl 1 1 16 10 7 12 1 1 1 100 1 1 1 1 1 1 1 1
instanceKlass jdk/internal/reflect/DirectMethodHandleAccessor$NativeAccessor
instanceKlass jdk/internal/reflect/DirectMethodHandleAccessor
ciInstanceKlass jdk/internal/reflect/MethodAccessorImpl 1 1 38 10 7 12 1 1 1 10 100 12 1 1 1 100 1 1 1 1 1 1 1 100 1 100 1 1 1 1 1 1 1 1 1 1 1 1 1 1
ciInstanceKlass jdk/internal/reflect/MethodAccessor 1 0 17 100 1 100 1 1 1 1 100 1 100 1 1 1 1 1 1
ciMethod jdk/internal/reflect/MethodAccessor invoke (Ljava/lang/Object;[Ljava/lang/Object;)Ljava/lang/Object; 0 0 1 0 -1
ciMethod jdk/internal/reflect/MethodAccessor invoke (Ljava/lang/Object;[Ljava/lang/Object;Ljava/lang/Class;)Ljava/lang/Object; 0 0 1 0 -1
instanceKlass jdk/internal/reflect/SerializationConstructorAccessorImpl
instanceKlass jdk/internal/reflect/DirectConstructorHandleAccessor$NativeAccessor
instanceKlass jdk/internal/reflect/DirectConstructorHandleAccessor
instanceKlass jdk/internal/reflect/NativeConstructorAccessorImpl
ciInstanceKlass jdk/internal/reflect/ConstructorAccessorImpl 1 1 27 10 7 12 1 1 1 100 1 100 1 1 1 1 1 1 1 1 1 100 1 100 1 100 1 1 1
ciInstanceKlass jdk/internal/reflect/ConstructorAccessor 1 0 16 100 1 100 1 1 1 1 100 1 100 1 100 1 1 1
ciInstanceKlass jdk/internal/reflect/DelegatingClassLoader 1 1 18 10 7 12 1 1 1 100 1 1 1 1 1 1 1 1 1 1
ciInstanceKlass jdk/internal/reflect/Reflection 1 1 385 10 7 12 1 1 1 10 7 12 1 1 1 10 12 1 1 10 7 12 1 1 1 10 7 12 1 1 1 10 12 1 10 100 12 1 1 1 11 100 12 1 1 1 10 7 12 1 1 1 10 12 1 1 10 12 1 1 10 7 12 1 1 1 10 12 1 1 10 12 1 10 12 1 10 12 1 10 12 1 10 12 1 1 10 7 12 1 1 1 10 12 1 10 12 1 10 12 1 1 10 12 1 1 9 12 1 1 10 12 1 1 9 12 1 11 7 12 1 1 100 1 7 1 10 8 1 10 12 1 1 10 12 1 10 12 1 10 12 1 7 1 10 12 1 11 7 12 1 1 1 11 12 1 1 10 12 1 1 7 1 7 1 11 7 12 1 1 8 1 11 12 1 1 10 7 12 1 1 1 7 1 11 12 1 10 7 12 1 1 10 7 12 1 1 1 7 1 10 12 1 1 10 12 1 1 11 100 12 1 1 1 10 12 1 8 1 10 12 1 1 8 1 8 1 8 1 8 1 10 12 1 1 8 1 8 1 8 1 100 1 10 8 1 8 1 8 1 10 12 8 1 11 12 1 1 9 12 1 1 7 1 8 1 8 1 11 12 1 7 1 7 1 7 1 8 1 11 12 1 11 12 1 1 1 1 1 1 1 1 1 1 1 1 1 1 1 1 1 1 1 1 1 1 1 1 1 1 1 1 1 1 1 1 1 1 1 1 1 1 1 1 1 1 1 1 1 1 1 1 1 1 1 1 1 1 1 1 1 1 1 1 1 1 1 1 1 1 1 1 1 1 1 1 1 1 1 1 1 1 1 1 1 1 1 1 1 1 1 1 1 1 1 1 1 1 1 7 1 1 1 1 1 1 1
staticfield jdk/internal/reflect/Reflection ALL_MEMBERS Ljava/util/Set; java/util/ImmutableCollections$Set12
ciInstanceKlass java/lang/reflect/Modifier 1 1 133 7 1 10 7 12 1 1 1 100 1 10 7 1 8 1 10 12 1 8 1 10 12 1 1 8 1 8 1 8 1 8 1 8 1 8 1 8 1 8 1 8 1 8 1 8 1 10 12 1 1 3 1 1 1 3 1 3 1 3 1 3 1 3 1 3 1 3 1 3 1 3 1 3 1 3 1 3 1 1 1 3 1 3 1 3 1 1 3 1 3 1 3 1 3 1 3 1 1 1 1 1 1 1 1 1 1 1 1 1 1 1 1 1 1 1 1 1 1 1 1 1 1 1 1 1 1 1 1 1 1 1 1
ciInstanceKlass jdk/internal/reflect/CallerSensitive 1 0 17 100 1 100 1 100 1 1 1 1 1 1 1 1 1 1 1
ciMethod jdk/internal/reflect/Reflection getCallerClass ()Ljava/lang/Class; 256 0 128 0 -1
ciMethod jdk/internal/reflect/Reflection verifyPublicMemberAccess (Ljava/lang/Class;I)Z 0 0 1 0 -1
ciMethod jdk/internal/reflect/Reflection newIllegalAccessException (Ljava/lang/Class;Ljava/lang/Class;Ljava/lang/Class;I)Ljava/lang/IllegalAccessException; 0 0 1 0 -1
ciMethod jdk/internal/reflect/Reflection verifyMemberAccess (Ljava/lang/Class;Ljava/lang/Class;Ljava/lang/Class;I)Z 1024 0 4304 0 -1
ciMethod jdk/internal/reflect/Reflection isCallerSensitive (Ljava/lang/reflect/Method;)Z 122 0 438 0 0
ciInstanceKlass jdk/internal/reflect/NativeConstructorAccessorImpl 0 0 125 10 7 12 1 1 1 9 7 12 1 1 1 100 1 10 12 1 9 12 1 1 9 12 1 1 10 100 12 1 1 1 10 7 12 1 1 1 10 7 12 1 1 1 9 12 1 9 12 1 1 9 12 1 1 10 7 12 1 1 1 100 1 10 10 12 1 1 10 12 1 10 12 1 1 10 12 1 7 1 10 12 1 1 10 12 1 1 8 10 12 1 1 1 1 1 1 1 1 1 1 1 1 1 1 1 1 1 1 1 1 1 1 100 1 100 1 100 1 1 1 1 1 1 1
ciInstanceKlass jdk/internal/reflect/ConstantPool 1 1 142 10 7 12 1 1 1 9 7 12 1 1 1 10 12 1 1 10 12 1 1 10 12 1 10 12 1 1 10 12 1 1 10 12 1 10 12 1 1 10 12 1 10 12 1 1 10 12 1 10 12 1 10 12 1 10 12 1 1 10 12 1 1 10 12 1 1 10 12 1 1 10 12 1 10 12 1 1 10 100 12 1 1 1 8 11 7 12 1 1 1 10 7 12 1 1 1 1 1 1 1 1 1 1 1 1 1 1 1 1 1 1 1 1 1 1 1 1 1 1 1 1 1 1 1 1 1 1 1 1 1 1 1 1 1 1 1 1 1 1 1 1
ciInstanceKlass jdk/internal/reflect/UnsafeStaticFieldAccessorImpl 0 0 47 10 7 12 1 1 1 9 7 12 1 1 1 10 7 12 1 1 1 9 12 1 1 8 11 100 12 1 1 1 10 100 12 1 1 1 1 1 1 1 1 1 1 1 1 1 1
ciInstanceKlass jdk/internal/reflect/FieldAccessor 1 0 48 100 1 100 1 1 1 1 100 1 1 1 1 1 1 1 1 1 1 1 1 1 1 1 1 1 1 1 100 1 1 1 1 1 1 1 1 1 1 1 1 1 1 1 1 1 1 1
instanceKlass jdk/internal/reflect/MethodHandleFieldAccessorImpl
instanceKlass jdk/internal/reflect/UnsafeFieldAccessorImpl
ciInstanceKlass jdk/internal/reflect/FieldAccessorImpl 1 1 269 10 7 12 1 1 1 9 7 12 1 1 1 10 7 12 1 1 1 10 7 12 1 1 10 7 12 1 1 1 10 12 1 1 7 1 10 10 12 1 1 10 12 1 1 8 1 10 10 12 1 100 1 8 1 10 12 1 8 1 10 12 1 8 1 10 12 1 100 1 10 12 1 1 10 8 1 10 12 1 1 8 1 10 7 12 1 1 8 1 10 7 12 1 1 8 1 10 7 12 1 1 8 1 10 7 12 1 1 8 1 10 7 12 1 1 8 1 10 7 12 1 1 8 1 10 7 12 1 1 8 1 10 7 12 1 1 10 12 1 1 8 1 10 12 1 1 10 100 12 1 1 1 8 1 10 12 1 8 1 8 1 8 1 8 1 10 7 12 1 1 1 8 1 8 1 8 1 10 12 7 1 1 1 1 1 1 1 1 1 1 1 1 1 1 1 1 1 1 1 1 1 1 1 1 1 1 1 1 1 1 1 1 1 1 1 1 1 1 1 1 1 1 1 1 1 1 1 1 1 1 1 1 1 1 1 1 1 1 1 1 1 1 1 1 1 1 1 1 1 1 1 1 1 1 1 1 1 1 1 1 1 1 1 1 1 1 1 1
instanceKlass jdk/internal/reflect/UnsafeStaticFieldAccessorImpl
ciInstanceKlass jdk/internal/reflect/UnsafeFieldAccessorImpl 0 0 62 10 100 12 1 1 1 10 100 12 1 1 1 10 100 12 1 1 1 9 100 12 1 1 10 12 1 9 12 1 1 10 100 12 1 1 1 9 12 1 1 10 12 1 10 12 1 1 1 1 1 1 1 1 1 1 1 1 1 1 1 1
instanceKlass java/lang/invoke/VolatileCallSite
instanceKlass java/lang/invoke/MutableCallSite
instanceKlass java/lang/invoke/ConstantCallSite
ciInstanceKlass java/lang/invoke/CallSite 1 1 296 10 7 12 1 1 1 10 7 12 1 1 1 9 12 1 1 10 7 12 1 1 1 10 12 1 7 1 10 12 1 1 10 12 1 1 9 100 12 1 1 1 10 7 12 1 1 10 12 1 1 100 1 7 1 10 10 7 12 1 1 1 10 12 1 1 8 1 10 12 1 10 12 1 1 10 12 1 10 12 1 1 10 12 1 1 10 10 100 12 1 1 10 12 1 1 9 12 1 9 100 12 1 1 1 8 1 10 7 12 1 1 1 10 12 1 1 7 1 10 12 1 1 9 12 1 8 1 100 1 10 12 1 10 12 1 100 1 8 1 10 10 12 1 10 12 1 1 100 1 10 12 1 1 10 12 1 10 12 1 10 12 1 1 10 12 1 1 9 12 1 1 8 10 12 1 1 9 12 1 1 100 1 10 10 12 1 10 7 12 1 1 1 10 12 1 1 10 12 1 1 10 12 1 10 7 12 1 1 1 7 1 8 1 10 10 12 10 12 1 1 7 1 7 1 7 1 8 1 10 12 1 10 7 12 1 1 1 1 1 1 1 1 1 1 1 1 1 1 1 1 1 1 1 1 1 1 1 1 1 1 1 1 1 1 1 1 1 1 1 1 1 1 1 1 1 1 1 1 1 1 1 1 1 1 1 1 1 1 1 7 1 7 1 1 1
staticfield java/lang/invoke/CallSite $assertionsDisabled Z 1
ciInstanceKlass java/lang/invoke/ConstantCallSite 1 1 65 10 7 12 1 1 1 9 7 12 1 1 1 9 12 1 1 10 7 12 1 1 1 10 12 1 100 1 10 12 9 12 1 1 100 1 10 10 12 1 1 10 12 1 1 1 1 1 1 1 1 1 1 1 1 1 100 1 1 1 1 1 1 1 1
staticfield java/lang/invoke/ConstantCallSite UNSAFE Ljdk/internal/misc/Unsafe; jdk/internal/misc/Unsafe
instanceKlass java/lang/invoke/DirectMethodHandle$Special
instanceKlass java/lang/invoke/DirectMethodHandle$StaticAccessor
instanceKlass java/lang/invoke/DirectMethodHandle$Interface
instanceKlass java/lang/invoke/DirectMethodHandle$Accessor
instanceKlass java/lang/invoke/DirectMethodHandle$Constructor
ciInstanceKlass java/lang/invoke/DirectMethodHandle 1 1 923 7 1 7 1 100 1 7 1 7 1 10 7 12 1 1 1 10 7 12 1 1 1 7 1 10 12 1 10 12 1 1 10 7 12 1 1 10 12 1 1 10 12 1 10 12 1 7 1 10 12 1 1 10 12 1 1 10 12 1 10 12 1 1 10 7 12 1 1 1 10 12 1 9 12 1 1 100 1 10 9 12 1 1 9 12 1 10 12 1 10 12 1 10 12 1 1 10 12 1 10 12 1 10 12 1 10 7 12 1 1 1 10 12 1 10 12 1 1 8 1 10 12 1 1 7 1 10 12 1 7 1 10 10 12 1 10 12 1 10 12 1 10 7 12 1 1 1 10 12 1 1 7 1 10 12 1 10 12 1 7 1 10 12 1 10 12 1 1 10 12 1 1 10 12 1 8 10 7 12 1 1 1 10 12 1 10 12 1 10 12 1 1 10 12 1 9 7 12 1 1 1 7 1 10 12 1 10 7 12 1 1 1 10 12 1 10 12 1 1 9 12 1 1 7 1 10 8 1 10 12 1 1 10 12 1 1 8 1 10 12 1 10 12 1 10 10 12 1 10 12 1 10 12 1 10 12 1 10 12 1 1 10 12 1 10 12 1 1 10 12 1 10 12 1 1 10 10 7 12 1 1 1 10 12 1 10 12 1 1 10 12 1 10 12 1 1 8 1 9 7 12 1 1 1 8 1 9 12 1 9 12 1 8 1 9 12 1 9 12 1 8 1 9 12 1 9 12 1 8 1 10 12 1 10 12 1 1 9 12 1 1 7 1 10 12 1 1 7 1 10 7 12 1 1 1 10 12 1 1 10 12 1 10 12 1 1 7 1 10 12 1 1 10 12 1 10 12 1 1 7 1 10 12 1 1 10 12 1 10 7 12 1 1 1 10 12 1 10 12 1 1 10 12 1 9 12 1 1 10 7 1 9 12 9 12 1 10 7 12 1 1 1 10 12 1 7 1 7 1 7 1 9 12 1 1 10 7 12 1 1 1 10 12 10 12 1 7 1 10 12 1 10 12 1 1 8 1 9 12 1 9 12 1 10 12 1 1 9 12 1 1 10 7 12 1 1 1 9 12 1 1 9 12 1 1 10 12 1 10 12 1 10 12 1 10 12 1 1 10 12 1 9 12 1 10 12 1 10 12 1 10 12 1 10 12 1 1 10 12 1 1 9 12 1 1 10 12 1 1 9 7 12 1 1 1 9 12 1 9 12 1 9 12 1 9 12 1 9 12 1 9 12 1 9 12 1 9 12 1 9 12 1 9 12 1 9 12 1 9 12 1 9 12 1 9 12 1 9 12 1 9 12 1 9 12 1 9 12 1 9 12 1 9 12 1 9 12 1 9 12 1 9 12 1 9 12 1 9 12 1 9 12 1 9 12 1 9 12 1 9 12 1 9 12 1 9 12 1 9 12 1 9 12 1 9 12 1 9 12 1 9 12 1 8 1 9 12 1 1 9 12 1 1 10 12 1 10 12 1 1 9 7 1 10 12 1 9 12 1 1 10 12 10 12 1 10 12 1 10 12 1 10 12 1 10 8 1 8 1 8 1 8 1 10 12 1 1 9 12 1 1 10 12 1 10 100 12 1 1 1 8 9 12 1 1 10 12 1 1 8 1 8 8 9 12 1 8 1 8 8 8 8 8 1 8 10 12 1 7 1 10 12 1 8 1 8 1 10 12 1 10 12 1 10 12 1 10 12 1 1 7 1 1 1 1 3 1 3 1 3 1 3 1 3 1 3 1 3 1 3 1 3 1 3 1 1 1 1 1 1 1 1 1 1 3 1 3 1 1 1 1 3 1 1 1 1 1 1 1 1 1 1 1 1 1 1 1 1 1 1 1 1 1 1 1 1 1 1 1 1 1 1 1 1 1 1 1 1 1 1 1 1 1 1 1 1 1 1 1 1 1 1 1 1 1 1 1 1 1 100 1 1 1 1 1 1 1 1 1 100 1 1 1 1 1 1 1 1 1 1 1 1 1 1 1 1 1 1 1 1 1 1 1 1 1 1 1 1 1 1 1 1 1 1 1 1 1 1 1 1 1 1 1 1 1 1 1 1 1 1 1 1
staticfield java/lang/invoke/DirectMethodHandle IMPL_NAMES Ljava/lang/invoke/MemberName$Factory; java/lang/invoke/MemberName$Factory
staticfield java/lang/invoke/DirectMethodHandle FT_UNCHECKED_REF I 8
staticfield java/lang/invoke/DirectMethodHandle ACCESSOR_FORMS [Ljava/lang/invoke/LambdaForm; 132 [Ljava/lang/invoke/LambdaForm;
staticfield java/lang/invoke/DirectMethodHandle ALL_WRAPPERS [Lsun/invoke/util/Wrapper; 10 [Lsun/invoke/util/Wrapper;
staticfield java/lang/invoke/DirectMethodHandle NFS [Ljava/lang/invoke/LambdaForm$NamedFunction; 12 [Ljava/lang/invoke/LambdaForm$NamedFunction;
staticfield java/lang/invoke/DirectMethodHandle OBJ_OBJ_TYPE Ljava/lang/invoke/MethodType; java/lang/invoke/MethodType
staticfield java/lang/invoke/DirectMethodHandle LONG_OBJ_TYPE Ljava/lang/invoke/MethodType; java/lang/invoke/MethodType
staticfield java/lang/invoke/DirectMethodHandle $assertionsDisabled Z 1
ciInstanceKlass java/lang/invoke/MutableCallSite 0 0 63 10 100 12 1 1 1 10 12 1 9 100 12 1 1 1 10 12 1 10 12 1 1 9 12 1 1 10 100 12 1 1 1 10 100 12 1 1 1 10 12 1 1 1 1 1 1 1 1 1 1 1 1 1 1 1 1 1 1 100 1 1 1
ciInstanceKlass java/lang/invoke/VolatileCallSite 0 0 37 10 100 12 1 1 1 10 12 1 10 100 12 1 1 1 10 12 1 10 12 1 1 1 1 1 1 1 1 1 1 1 1 1 1 1 1
ciInstanceKlass java/lang/invoke/ResolvedMethodName 1 1 16 10 100 12 1 1 1 100 1 1 1 1 1 1 1 1
ciInstanceKlass java/lang/invoke/MethodHandleNatives 1 1 685 100 1 10 7 12 1 1 1 9 7 12 1 1 1 10 12 1 1 100 1 10 10 12 1 1 10 12 1 10 12 1 8 1 8 1 8 1 8 1 8 1 8 1 8 1 8 1 8 1 8 1 10 12 1 1 7 1 10 7 12 1 1 1 10 7 12 1 1 1 7 1 10 10 12 1 1 8 1 10 12 1 8 1 10 12 1 1 8 1 10 12 1 1 9 7 12 1 1 1 8 1 10 100 12 1 1 1 7 1 10 12 100 1 100 1 8 1 7 1 10 10 12 1 7 1 9 7 12 1 1 10 12 1 1 10 12 1 10 7 12 1 1 1 10 12 1 1 9 12 1 8 1 10 12 1 1 10 12 1 8 1 10 12 1 1 7 1 10 12 1 10 7 12 1 1 1 10 12 1 10 12 1 1 10 12 1 1 8 1 10 12 1 1 8 1 10 12 1 8 1 8 1 8 1 7 1 10 12 1 8 1 10 7 12 1 1 1 10 12 1 1 10 7 12 1 1 10 10 12 1 1 10 12 1 10 100 12 1 1 1 100 1 8 1 10 100 12 1 1 1 7 1 8 1 10 12 1 8 1 8 1 8 1 8 1 8 1 10 12 1 1 10 12 1 1 10 12 1 10 12 1 1 10 12 1 1 7 1 10 12 1 7 1 7 1 10 12 1 10 12 1 8 1 8 1 10 10 12 1 1 10 12 1 1 8 1 10 7 12 1 1 8 1 8 1 10 12 1 1 10 7 12 1 1 1 100 1 10 12 1 1 7 1 9 12 1 1 10 7 12 1 1 1 10 10 12 1 9 12 1 10 12 1 9 12 1 9 12 1 10 12 1 1 10 12 1 10 12 1 1 7 1 7 1 10 12 1 1 10 12 1 10 12 1 1 10 7 12 1 1 1 10 12 1 8 1 10 12 1 10 12 1 10 12 1 1 10 12 1 10 7 12 1 1 1 10 12 1 1 100 1 8 1 10 9 7 12 1 1 1 10 12 1 1 10 12 1 1 7 1 10 12 1 1 10 12 1 1 100 1 100 1 10 10 100 1 100 1 10 100 1 10 10 12 1 1 10 7 1 10 12 1 10 12 1 1 10 12 1 1 10 12 1 1 10 12 1 10 12 1 1 10 8 1 10 12 1 10 12 1 10 12 1 10 12 1 10 12 1 1 10 12 1 10 12 1 10 12 1 10 10 7 12 1 1 10 12 1 1 1 1 1 1 1 1 1 1 1 1 1 7 1 1 1 1 1 1 1 1 1 1 1 1 1 1 1 1 1 1 1 1 1 1 1 1 1 1 1 1 1 1 1 1 1 1 1 1 1 1 1 1 1 1 1 1 1 1 1 1 1 1 1 1 1 1 1 1 1 1 1 1 1 1 1 100 1 1 1 1 1 1 1 1 1 1 1 1 1 1 1 1 1 1 1 1 1 1 1 1 1 1 1 1 1 1 1 1 1 100 1 1 1 1 1 1 1 1 1 1 1 1 1 1 1 1 1 1 1 1 1 1 1 1 1 1 1 1 1 1 1 1 100 1 1
staticfield java/lang/invoke/MethodHandleNatives $assertionsDisabled Z 1
ciInstanceKlass java/lang/invoke/Invokers 1 1 786 100 1 10 7 12 1 1 1 9 7 12 1 1 1 7 1 9 12 1 1 9 12 1 1 10 12 1 1 10 12 1 1 10 12 1 1 10 7 12 1 1 1 10 12 1 10 12 1 1 10 12 1 1 7 1 10 12 1 10 12 1 1 10 7 12 1 1 1 9 12 1 1 10 12 1 1 100 1 10 10 12 1 10 12 1 1 10 12 1 1 10 12 1 1 9 12 1 10 7 12 1 1 1 10 12 1 10 12 1 1 10 7 12 1 1 1 8 1 8 1 10 7 12 1 1 1 10 12 1 1 10 12 1 1 7 1 7 1 10 12 1 1 10 12 1 1 100 1 9 12 1 1 10 100 1 10 12 1 10 12 1 1 10 12 1 10 12 1 10 12 1 10 12 1 9 12 1 10 7 12 1 1 9 7 12 1 1 1 8 1 10 12 1 1 7 1 7 1 10 8 1 10 12 1 1 10 12 1 10 12 1 10 7 12 1 1 1 10 12 1 10 12 1 1 7 1 10 7 12 1 1 1 10 12 1 10 12 1 1 10 12 1 10 12 1 1 10 12 1 1 10 12 1 10 12 1 10 12 1 1 10 12 1 1 10 100 12 1 1 1 9 100 12 1 1 1 10 7 12 1 1 1 10 12 1 1 10 12 1 1 10 12 1 7 1 10 12 1 1 8 1 10 12 1 1 10 100 12 1 1 1 10 12 1 1 8 1 10 7 12 1 1 10 7 1 8 1 10 12 1 9 12 1 1 9 7 12 1 1 1 9 12 1 9 12 1 9 12 1 10 10 12 1 1 9 12 1 10 12 1 1 10 12 1 1 7 1 10 7 12 1 1 10 12 1 1 10 7 12 1 1 1 10 7 12 1 1 1 10 12 1 10 12 1 1 10 12 1 1 10 12 1 10 12 1 10 12 1 1 10 12 1 10 12 1 1 8 1 10 12 1 10 12 1 10 12 1 1 10 100 12 1 1 10 12 1 1 10 12 1 9 12 1 10 12 1 8 1 10 12 1 1 10 12 1 1 10 12 1 1 9 12 1 9 12 1 8 1 8 1 10 12 1 10 12 1 9 12 10 12 1 1 9 12 1 10 12 1 1 9 12 1 10 12 1 9 12 1 10 12 1 100 1 8 1 8 1 10 10 12 1 1 10 12 1 7 1 10 7 12 1 1 1 9 12 1 9 12 1 10 12 1 10 7 12 1 1 9 12 1 10 12 1 10 12 9 12 1 1 10 12 1 7 1 10 100 12 1 1 1 8 1 9 7 12 1 1 1 10 12 1 1 10 12 1 1 8 1 8 1 10 12 1 8 1 8 1 8 1 8 1 8 1 10 12 1 10 12 1 10 12 1 1 7 1 10 7 12 1 1 10 12 1 10 12 1 9 12 1 9 12 1 1 7 1 10 7 12 1 1 1 1 1 1 1 3 1 3 1 3 1 3 1 1 1 1 1 1 1 3 1 3 1 3 1 3 1 1 1 1 1 1 1 1 1 1 1 1 1 1 1 1 1 1 1 1 1 1 1 1 1 1 1 1 1 1 1 1 1 1 1 1 1 1 1 1 1 1 1 1 1 1 1 1 1 1 1 1 1 1 1 1 1 1 1 1 1 1 1 1 1 1 1 1 1 1 1 1 1 100 1 1 1 1 1 1 1 1 1 1 1 1 1 1 1 1 1 1 1 1 1 1 1 1 1 100 1 1 1 1 1 1 1 1 1 1 1 1 1 1 7 1 1 1 1 1 1 1 1 1 1 1 1 1 1
staticfield java/lang/invoke/Invokers VH_INV_GENERIC I 34
staticfield java/lang/invoke/Invokers INV_LIMIT I 65
staticfield java/lang/invoke/Invokers NFS [Ljava/lang/invoke/LambdaForm$NamedFunction; 7 [Ljava/lang/invoke/LambdaForm$NamedFunction;
staticfield java/lang/invoke/Invokers $assertionsDisabled Z 1
ciInstanceKlass jdk/internal/foreign/abi/NativeEntryPoint 0 0 194 10 7 12 1 1 1 9 7 12 1 1 1 9 12 1 1 100 1 8 1 10 12 1 10 12 1 1 100 1 10 100 12 1 1 1 10 12 1 9 12 1 1 18 12 1 1 10 100 12 1 1 1 10 7 12 1 1 1 9 7 12 1 1 1 7 1 10 8 1 10 12 1 1 10 12 1 10 12 1 1 8 1 10 12 1 1 7 1 8 1 10 12 1 10 12 1 1 10 12 1 9 12 1 1 18 12 1 1 10 100 12 1 1 1 10 12 1 1 10 12 1 10 100 12 1 1 1 10 1 1 1 1 1 1 1 1 1 1 1 1 1 1 1 1 1 1 1 1 1 1 1 1 1 1 1 1 1 1 1 1 1 1 1 1 1 16 1 15 10 12 16 1 16 15 10 12 15 10 100 12 1 1 1 1 1 100 1 1 100 1 100 1 1
ciInstanceKlass jdk/internal/foreign/abi/ABIDescriptor 0 0 55 10 100 12 1 1 1 9 100 12 1 1 1 9 12 1 1 9 12 1 9 12 1 9 12 1 1 9 12 1 9 12 1 1 9 12 1 9 12 1 9 12 1 9 12 1 1 1 1 1 1 1 1 1 1
ciInstanceKlass jdk/internal/foreign/abi/VMStorage 0 0 91 10 7 12 1 1 1 9 7 12 1 1 1 9 12 1 1 9 12 1 1 9 12 1 1 7 1 10 8 1 10 12 1 1 10 12 1 10 12 1 1 10 12 1 18 12 1 18 12 1 1 18 12 1 1 1 1 1 1 1 1 1 1 1 1 1 1 1 1 1 1 1 8 1 15 15 15 15 15 10 100 12 1 1 1 1 100 1 100 1 1
ciInstanceKlass jdk/internal/foreign/abi/UpcallLinker$CallRegs 0 0 66 10 7 12 1 1 1 9 7 12 1 1 1 9 12 1 18 12 1 1 18 12 1 1 18 12 1 1 1 1 1 1 1 1 1 1 1 1 1 1 1 1 1 1 100 1 1 1 8 1 15 15 15 10 100 12 1 1 1 1 1 100 1 100 1 1
ciInstanceKlass java/lang/StackWalker 1 1 271 9 7 12 1 1 1 7 1 10 7 12 1 1 1 10 12 1 1 10 7 12 1 1 1 10 12 1 1 10 12 1 11 7 12 1 1 1 10 12 1 1 10 12 1 1 10 12 1 1 100 1 8 1 10 12 1 10 12 1 10 12 1 10 7 12 1 1 9 12 1 1 9 12 1 1 9 12 1 1 9 12 1 1 10 12 1 1 9 12 1 1 9 12 1 1 9 12 1 1 10 7 12 1 1 1 11 12 1 1 100 1 8 1 10 10 7 12 1 1 9 12 1 1 10 12 1 1 10 7 12 1 1 1 10 7 12 1 1 1 18 12 1 1 100 1 8 1 10 8 1 10 12 1 1 10 100 12 1 1 1 10 12 1 1 9 7 12 1 1 11 100 12 1 1 1 10 12 1 1 1 1 1 1 1 1 1 1 1 1 1 1 1 1 1 1 1 1 1 1 1 1 1 1 1 1 1 1 1 1 1 1 1 1 1 1 1 1 1 1 1 1 1 1 1 1 1 1 1 1 1 1 1 1 1 1 1 1 1 1 1 1 1 1 7 1 1 16 15 10 12 16 1 15 10 100 12 1 1 1 1 1 1 1 1 1 100 1 100 1 1
staticfield java/lang/StackWalker DEFAULT_EMPTY_OPTION Ljava/util/EnumSet; java/util/RegularEnumSet
staticfield java/lang/StackWalker DEFAULT_WALKER Ljava/lang/StackWalker; java/lang/StackWalker
ciInstanceKlass java/lang/StackWalker$StackFrame 1 1 41 100 1 10 12 1 1 100 1 100 1 1 1 1 1 1 1 1 1 1 1 1 1 1 1 1 1 1 1 1 1 1 1 1 1 1 1 100 1 1 1
instanceKlass java/lang/LiveStackFrameInfo
ciInstanceKlass java/lang/StackFrameInfo 1 1 142 10 7 12 1 1 1 9 7 12 1 1 1 9 7 1 9 12 1 1 11 7 12 1 1 1 9 12 1 1 11 12 1 1 10 12 1 1 10 7 12 1 1 1 10 12 1 11 12 1 11 12 1 1 11 12 1 10 12 1 1 9 12 1 1 10 12 1 1 10 7 12 1 1 10 12 1 1 11 12 1 1 9 12 1 1 10 7 1 10 12 1 9 12 1 1 10 12 1 1 100 1 8 1 10 12 1 10 7 12 1 1 1 7 1 1 1 1 1 1 1 1 1 1 1 1 1 1 1 1 1 1 7 1 1 7 1 1 1 1 1 1
staticfield java/lang/StackFrameInfo JLIA Ljdk/internal/access/JavaLangInvokeAccess; java/lang/invoke/MethodHandleImpl$1
ciInstanceKlass java/lang/LiveStackFrameInfo 0 0 97 10 7 12 1 1 1 9 7 12 1 1 1 9 12 1 9 12 1 9 12 1 9 12 1 1 7 1 10 12 1 1 10 12 1 8 1 10 12 1 1 8 1 8 1 8 1 10 100 1 10 12 1 100 1 10 12 1 7 1 7 1 1 1 3 1 3 1 1 1 1 1 1 1 1 1 1 1 1 1 1 1 1 1 1 1 1 1 1 1 1 1 1 1 100 1 1
ciInstanceKlass java/lang/LiveStackFrame 0 0 135 100 1 10 100 12 1 1 1 11 7 12 1 1 1 11 12 1 10 7 12 1 1 1 100 1 8 1 10 12 1 1 10 7 12 1 1 1 9 100 12 1 1 1 10 7 12 1 1 1 10 7 12 1 1 1 11 12 1 10 12 1 7 1 7 1 1 1 1 1 1 1 1 1 1 1 1 1 1 1 1 1 1 1 1 1 1 1 1 1 1 1 1 100 1 1 1 1 1 1 1 100 1 8 1 1 12 10 1 1 1 8 1 1 1 8 1 1 1 8 1 1 1 8 1 1 8 1 1 1 8 1 1 8 1
instanceKlass java/lang/StackStreamFactory$StackFrameTraverser
ciInstanceKlass java/lang/StackStreamFactory$AbstractStackWalker 1 1 375 7 1 7 1 3 10 7 12 1 1 1 10 7 12 1 1 10 7 12 1 1 1 9 12 1 1 10 12 1 1 9 12 1 1 9 12 1 1 9 12 1 1 9 12 1 10 7 12 1 1 1 10 12 1 1 10 7 12 1 1 9 12 1 1 9 12 1 1 10 12 1 1 9 7 12 1 1 1 10 12 1 1 10 12 1 9 12 1 1 10 7 12 1 1 1 10 12 1 1 9 12 1 1 9 7 12 1 1 1 7 1 10 8 1 10 12 1 1 10 12 1 8 1 10 12 1 1 10 100 12 1 1 1 100 1 8 1 10 12 1 8 1 10 12 10 7 12 1 1 9 12 1 8 1 5 0 8 1 8 1 9 12 1 1 10 12 1 1 18 12 1 1 10 7 12 1 1 1 10 12 1 1 10 12 1 10 12 1 9 12 1 10 12 1 10 12 1 10 12 1 10 12 1 10 12 1 10 12 1 1 8 1 10 12 1 10 12 1 10 12 1 10 12 1 1 8 1 10 12 1 1 10 12 1 1 10 12 1 1 10 12 1 10 12 1 10 7 12 1 1 1 10 12 1 10 12 1 9 12 1 8 1 10 12 1 10 12 1 10 12 1 1 10 12 1 10 12 1 10 12 1 1 10 12 1 10 12 1 10 12 1 10 12 1 10 12 1 10 12 1 1 10 12 1 1 10 12 1 8 1 1 1 1 1 1 1 1 1 1 1 1 1 7 1 1 1 1 1 1 1 7 1 1 1 1 7 1 1 1 1 1 1 1 1 1 1 1 1 1 1 1 1 1 1 1 16 15 15 10 100 12 1 1 1 1 1 1 1 1 100 1 100 1 1
ciInstanceKlass jdk/internal/module/Modules 1 1 504 10 7 12 1 1 1 9 7 12 1 1 1 11 7 12 1 1 1 11 12 1 1 11 12 1 1 11 12 1 1 11 12 1 11 12 1 11 12 1 11 12 1 11 12 1 1 10 7 12 1 1 1 10 100 12 1 1 1 18 12 1 1 10 7 12 1 1 1 7 1 10 7 12 1 1 1 10 100 12 1 1 1 10 100 12 1 1 10 12 1 1 11 12 1 9 12 1 1 11 100 12 1 1 1 10 12 1 1 10 10 12 1 10 9 12 1 1 10 100 12 1 1 10 12 1 1 10 100 12 1 1 100 1 11 100 12 1 1 1 10 100 12 1 1 1 11 100 12 1 1 10 12 1 1 10 100 12 1 1 10 100 12 1 1 1 10 12 1 1 10 12 1 1 11 12 1 1 18 12 1 1 11 100 12 1 1 10 100 12 1 1 1 11 100 12 1 1 1 7 1 11 12 1 1 11 7 12 1 1 1 11 12 1 1 10 12 1 1 10 100 12 1 1 18 12 1 1 11 12 1 1 18 12 1 1 11 12 1 1 10 12 1 18 18 10 12 1 1 9 12 1 1 11 7 12 1 1 1 100 1 10 11 12 1 11 12 1 1 11 12 1 1 10 100 1 10 12 1 1 10 100 12 1 1 10 12 1 1 11 12 10 12 1 1 7 1 10 18 12 1 10 12 1 1 7 1 8 1 10 12 1 10 100 12 1 1 18 12 1 11 11 12 10 12 1 10 10 100 1 18 12 1 10 10 10 7 12 1 1 10 7 12 1 1 1 10 12 1 1 1 1 1 1 1 1 1 1 1 1 1 1 1 1 1 1 1 1 1 1 1 1 1 1 1 1 1 1 1 1 1 100 1 1 1 1 1 1 1 1 1 1 1 1 1 1 1 1 1 1 1 1 1 1 1 1 1 1 1 1 1 1 1 1 1 1 1 7 1 1 1 1 1 1 1 1 1 1 1 1 1 1 1 1 1 1 1 1 1 1 1 16 15 10 12 1 16 16 15 10 12 1 16 1 16 1 15 10 12 1 16 1 16 1 15 10 12 16 1 15 10 16 1 15 10 12 16 1 15 10 12 16 15 10 12 16 15 10 12 15 10 100 12 1 1 1 1 1 1 100 1 100 1 1
staticfield jdk/internal/module/Modules JLA Ljdk/internal/access/JavaLangAccess; java/lang/System$2
staticfield jdk/internal/module/Modules JLMA Ljdk/internal/access/JavaLangModuleAccess; java/lang/module/ModuleDescriptor$1
staticfield jdk/internal/module/Modules $assertionsDisabled Z 1
ciInstanceKlass java/lang/invoke/Invokers$Holder 1 1 128 1 100 1 100 1 1 1 1 1 1 1 7 1 7 1 7 1 1 12 10 1 1 12 10 1 1 12 10 1 1 100 1 1 12 9 1 1 1 12 10 1 1 1 12 10 1 1 12 10 1 1 12 10 1 12 10 1 1 1 12 10 1 1 100 1 1 12 10 1 12 10 1 1 12 10 1 12 10 1 1 12 10 1 1 12 10 1 12 10 1 1 12 10 1 1 12 10 1 1 12 10 1 12 10 12 10 12 10 12 10 12 10 1 1 12 10 1 1 12 10 1 1 12 10 1 1 1
ciMethod java/lang/invoke/Invokers$Holder invokeExact_MT (Ljava/lang/Object;Ljava/lang/Object;Ljava/lang/Object;Ljava/lang/Object;)Ljava/lang/Object; 1024 0 3448 0 -1
ciMethod java/lang/invoke/Invokers$Holder invokeExact_MT (Ljava/lang/Object;Ljava/lang/Object;Ljava/lang/Object;)Ljava/lang/Object; 34 0 3665 0 -1
instanceKlass org/apache/commons/collections/ArrayStack
instanceKlass hudson/util/ListBoxModel
instanceKlass hudson/slaves/NodeList
instanceKlass hudson/util/ComboBoxModel
instanceKlass hudson/util/VersionNumber$ListItem
instanceKlass hudson/model/Queue$ItemList
instanceKlass com/thoughtworks/xstream/converters/reflection/AbstractReflectionConverter$ArraysList
instanceKlass com/thoughtworks/xstream/core/util/CompositeClassLoader$1
instanceKlass com/thoughtworks/xstream/core/util/PresortedMap$ArraySet
instanceKlass com/thoughtworks/xstream/core/util/OrderRetainingMap$ArraySet
ciInstanceKlass java/util/ArrayList 1 1 509 10 7 12 1 1 1 7 1 9 7 12 1 1 1 9 12 1 100 1 7 1 10 8 1 10 12 1 1 10 12 1 10 12 1 1 10 12 1 9 12 1 11 7 12 1 1 1 9 12 1 1 11 12 1 1 7 10 7 12 1 1 1 9 12 1 10 12 1 10 12 1 1 10 7 12 1 1 1 10 7 12 1 1 1 10 12 1 1 10 12 1 1 10 12 1 1 10 12 1 10 12 1 1 100 1 7 1 10 12 1 10 10 7 12 1 1 1 10 7 12 1 1 10 12 1 100 1 10 10 12 10 12 1 1 10 12 1 1 10 12 1 10 12 10 12 1 1 7 1 10 12 1 1 10 12 1 1 10 12 1 100 1 10 11 12 1 1 11 7 12 1 1 1 11 12 1 10 12 1 10 12 1 10 12 1 1 100 1 10 12 1 1 10 10 12 1 1 10 12 1 8 1 8 1 8 1 8 1 10 12 1 1 10 12 1 1 11 12 1 7 1 10 100 12 1 1 10 12 1 10 12 1 1 10 100 12 1 1 10 12 1 10 100 12 1 1 1 11 100 12 1 1 1 10 12 1 100 1 8 1 10 7 1 10 12 1 7 1 10 12 1 10 12 1 1 7 1 10 12 1 10 12 1 1 11 7 12 1 1 7 1 10 12 1 10 12 1 1 11 7 12 1 1 10 12 1 1 10 12 1 1 10 12 1 1 10 12 1 1 11 100 12 1 1 10 12 1 1 7 1 7 1 7 1 1 1 1 5 0 1 3 1 1 1 1 1 1 1 1 1 1 1 1 1 1 1 1 1 1 1 1 1 1 1 1 1 1 1 1 1 1 1 1 1 1 1 1 1 1 1 1 1 1 1 1 1 1 1 1 1 1 1 1 1 1 1 1 1 1 1 1 1 1 1 1 1 1 1 1 1 1 1 1 1 1 1 1 1 1 1 1 1 1 1 1 1 1 1 1 1 1 1 1 1 1 1 1 1 1 1 1 1 1 1 1 100 1 1 1 1 7 1 1 1 1 1 1 1 1 1 1 1 1 1 1 1 1 1 1 1 1 1 1 1 1 1 1 1 1 1 100 1 1 1 1 1 1 1 1 1 1 1 1 1 1 1 1 1 1 100 1 100 1 1 1 1 1 1
staticfield java/util/ArrayList EMPTY_ELEMENTDATA [Ljava/lang/Object; 0 [Ljava/lang/Object;
staticfield java/util/ArrayList DEFAULTCAPACITY_EMPTY_ELEMENTDATA [Ljava/lang/Object; 0 [Ljava/lang/Object;
ciInstanceKlass java/util/RandomAccess 1 0 7 100 1 100 1 1 1
ciMethod java/util/ArrayList size ()I 260 0 130 0 -1
ciMethod java/util/ArrayList add (Ljava/lang/Object;)Z 704 0 395119 0 -1
ciMethod java/util/ArrayList toArray ([Ljava/lang/Object;)[Ljava/lang/Object; 282 0 10963 0 -1
ciMethod java/util/ArrayList <init> ()V 512 0 260349 0 -1
instanceKlass java/nio/MappedByteBuffer
instanceKlass java/nio/HeapByteBuffer
ciInstanceKlass java/nio/ByteBuffer 1 1 446 10 7 12 1 1 1 9 7 12 1 1 1 10 7 12 1 1 1 9 12 1 1 9 12 1 9 12 1 1 9 12 1 1 10 12 1 10 12 1 7 1 10 12 1 10 12 1 1 7 1 10 12 1 10 12 1 100 1 100 1 10 12 1 10 12 1 1 10 7 12 1 1 1 10 12 1 1 10 12 1 100 1 10 10 12 1 1 10 12 1 10 12 1 10 12 100 1 5 0 9 12 1 1 9 12 1 9 12 1 1 10 12 1 1 10 12 1 1 10 7 12 1 1 1 10 7 12 1 1 1 10 12 1 10 12 1 1 10 12 1 1 100 1 10 100 1 10 10 12 1 1 9 12 1 10 12 1 100 1 10 10 12 1 10 12 1 10 12 10 12 1 9 12 100 1 10 10 12 1 10 12 10 12 1 1 10 12 1 10 12 1 10 12 1 10 12 1 7 1 10 10 7 12 1 1 1 10 7 12 1 1 1 10 12 1 1 8 1 10 12 1 8 1 8 1 10 12 1 8 1 10 12 1 10 7 12 1 1 1 10 100 12 1 1 1 10 12 1 1 10 7 1 9 12 1 8 1 10 12 1 8 1 8 1 10 10 12 1 10 12 1 1 10 12 1 1 10 12 10 12 1 1 10 12 10 12 10 12 10 12 10 12 10 12 10 12 1 1 10 12 1 9 12 1 1 7 10 7 12 1 1 1 7 1 1 1 1 1 1 1 1 1 1 1 1 100 1 1 1 1 1 1 1 1 1 1 1 1 1 1 1 1 1 1 1 1 1 7 1 1 1 1 1 1 1 1 1 1 1 1 1 1 1 1 1 1 1 1 1 1 1 1 1 1 1 1 1 1 1 1 1 1 1 1 1 1 1 1 1 1 1 1 1 1 1 1 1 1 1 1 1 1 1 1 1 1 1 1 1 1 1 1 1 1 1 1 1 1 1 1 1 1 1 1 1 1 1 1 1 1 1 1 1 1 1 1 1 1 1 1 1 1 1 100 1
staticfield java/nio/ByteBuffer ARRAY_BASE_OFFSET J 16
staticfield java/nio/ByteBuffer $assertionsDisabled Z 1
ciMethod java/nio/ByteBuffer isDirect ()Z 0 0 1 0 -1
ciMethod java/nio/ByteBuffer position (I)Ljava/nio/ByteBuffer; 528 0 18569 0 -1
instanceKlass org/eclipse/jetty/util/AsciiLowerCaseSet
instanceKlass org/eclipse/jetty/util/ClassMatcher$ByModule
instanceKlass org/eclipse/jetty/util/ClassMatcher$ByLocation
instanceKlass org/eclipse/jetty/util/ClassMatcher$ByClass
instanceKlass java/util/LinkedHashSet
ciInstanceKlass java/util/HashSet 1 1 303 10 7 12 1 1 1 7 1 10 9 7 12 1 1 1 11 7 12 1 1 1 10 7 12 1 1 1 10 12 1 1 10 12 1 1 10 12 1 10 12 1 7 1 10 10 12 1 1 11 7 12 1 1 1 10 10 12 1 1 10 12 1 1 9 12 1 1 10 12 1 1 10 12 1 1 10 12 1 10 7 12 1 1 1 10 100 1 7 1 10 12 1 10 100 12 1 1 10 12 1 10 12 1 10 12 1 1 10 12 1 1 11 7 12 1 1 11 12 1 10 12 1 1 10 100 12 1 1 1 10 12 1 100 1 7 1 10 8 1 10 12 1 1 10 12 1 10 12 1 1 10 12 1 10 12 1 10 7 12 1 1 1 8 1 10 12 1 4 4 10 12 1 1 8 1 10 12 1 1 4 10 100 12 1 1 1 100 1 10 12 1 1 11 100 12 1 1 1 100 1 10 12 1 7 1 10 12 1 10 12 1 1 10 12 1 100 1 8 1 10 10 12 1 10 10 7 1 7 1 1 1 1 5 0 1 1 1 1 1 1 1 1 1 1 1 1 1 1 1 1 1 1 1 1 1 1 1 1 1 1 1 1 1 1 1 1 1 1 100 1 1 1 1 7 1 1 1 1 1 1 1 1 1 1 1 1 1 1 1 1 1 1 1 100 1 1 100 1 7 1 1 1
staticfield java/util/HashSet PRESENT Ljava/lang/Object; java/lang/Object
ciMethod java/util/HashSet add (Ljava/lang/Object;)Z 1024 0 83242 0 -1
ciMethod java/util/HashSet contains (Ljava/lang/Object;)Z 814 0 66531 0 -1
ciInstanceKlass java/util/function/Function 1 1 77 10 100 12 1 1 1 18 12 1 1 18 18 12 1 11 7 12 1 7 1 1 1 1 1 1 1 1 1 1 1 1 1 1 1 1 1 1 1 1 1 1 1 1 1 1 1 1 1 1 1 1 1 1 16 15 11 12 15 11 12 15 11 12 15 10 7 12 1 1 1 1 100 1 100 1 1
ciInstanceKlass java/io/ObjectStreamField 1 1 193 10 7 12 1 1 1 10 7 12 1 1 100 1 10 9 12 1 1 9 12 1 1 9 12 1 1 9 12 1 1 9 12 1 10 7 12 1 1 1 10 12 1 1 9 7 12 1 1 9 7 1 9 7 1 9 7 1 9 7 1 9 7 1 9 7 1 9 7 1 100 1 8 1 10 12 1 10 7 12 1 1 10 12 1 1 10 7 12 1 1 1 10 12 1 10 7 12 1 1 1 10 100 12 1 1 10 12 1 1 10 100 12 1 1 1 10 12 1 1 10 12 1 10 9 12 1 1 10 12 1 1 10 12 1 1 7 1 10 10 12 1 1 10 12 1 10 12 1 9 12 1 7 1 1 1 1 1 1 1 1 1 1 1 1 1 1 1 1 1 1 1 1 1 1 1 1 1 1 1 1 1 1 1 1 1 1 1 1 1 1 1 1
ciMethod java/io/ObjectStreamField getField ()Ljava/lang/reflect/Field; 272 0 136 0 0
ciMethod java/io/ObjectStreamField isUnshared ()Z 482 0 241 0 0
ciInstanceKlass jdk/internal/reflect/ReflectionFactory 1 1 622 7 1 10 7 12 1 1 1 10 7 12 1 1 1 9 12 1 1 10 7 12 1 1 1 9 100 12 1 1 1 10 7 12 1 1 1 9 12 1 1 11 7 12 1 1 1 7 1 10 12 1 1 10 7 12 1 1 1 11 12 1 1 10 12 1 1 10 7 12 1 1 1 10 100 12 1 1 7 1 10 12 1 10 12 1 1 10 12 1 10 12 1 1 10 7 12 1 1 10 12 1 1 100 1 10 12 1 10 12 1 1 7 1 10 10 12 1 1 10 12 1 1 10 12 1 10 10 12 1 1 7 1 10 7 1 10 10 12 1 100 1 10 12 1 8 1 10 12 1 1 7 1 10 100 12 1 1 1 100 1 10 12 1 10 10 10 12 1 1 7 1 10 10 12 1 11 12 1 1 11 12 1 1 11 12 1 1 11 12 1 1 11 12 1 11 12 1 1 11 12 1 1 11 12 1 1 11 12 1 1 11 12 1 1 100 1 10 12 1 1 10 12 1 1 10 12 1 1 100 1 10 12 1 10 12 1 9 12 1 1 7 1 100 1 10 10 12 1 10 12 1 1 10 12 1 10 12 1 10 12 1 10 12 1 10 12 1 1 10 12 1 11 12 1 1 11 12 1 1 11 12 1 1 11 12 1 10 10 8 1 100 1 10 12 1 1 8 1 8 1 100 1 10 12 1 1 9 100 12 1 1 1 10 12 1 10 12 1 10 10 100 12 1 1 1 10 100 12 1 1 1 100 1 7 1 8 1 10 12 1 8 1 10 12 1 1 8 1 10 12 1 10 12 1 9 12 1 1 100 1 8 1 7 1 10 8 1 10 12 1 1 10 12 1 10 12 1 10 12 1 1 7 1 10 12 1 100 1 8 1 100 1 9 8 1 10 12 1 1 9 7 12 1 1 1 9 12 9 12 1 9 12 1 9 12 9 12 1 10 7 12 1 1 9 12 1 10 12 1 10 7 12 1 1 1 8 1 10 7 12 1 1 1 8 1 10 7 12 1 1 1 8 1 10 7 12 1 1 1 100 1 7 1 8 1 10 8 1 8 1 8 1 8 1 8 1 8 1 10 12 1 10 12 1 10 12 1 1 10 12 1 10 12 1 10 1 1 3 1 3 1 3 1 1 1 1 1 1 1 1 1 1 1 1 1 1 1 1 1 1 1 1 1 1 1 1 1 1 1 1 1 1 1 1 1 1 1 1 1 1 1 1 1 1 1 1 1 1 1 1 1 1 1 1 1 1 1 1 100 1 1 1 1 1 1 1 1 1 1 1 1 100 1 1 1 1 1 1 1 1 1 1 1 1 1 1 1 1 1 1 1 1 1 1 1 1 7 1 1 1 1 1 1 1 1 1 1 1 1 1 1 1 1 1 1 100 1 1 1 1 1
staticfield jdk/internal/reflect/ReflectionFactory soleInstance Ljdk/internal/reflect/ReflectionFactory; jdk/internal/reflect/ReflectionFactory
staticfield jdk/internal/reflect/ReflectionFactory DEFAULT_CONFIG Ljdk/internal/reflect/ReflectionFactory$Config; jdk/internal/reflect/ReflectionFactory$Config
staticfield jdk/internal/reflect/ReflectionFactory $assertionsDisabled Z 1
ciMethod jdk/internal/reflect/ReflectionFactory newMethodAccessor (Ljava/lang/reflect/Method;Z)Ljdk/internal/reflect/MethodAccessor; 334 0 167 0 -1
ciInstanceKlass java/lang/annotation/Annotation 1 1 17 100 1 100 1 1 1 1 1 1 1 1 1 1 1 1 1
ciInstanceKlass sun/reflect/annotation/AnnotationParser 1 1 685 10 7 12 1 1 1 10 7 12 1 1 1 10 7 12 1 1 1 100 1 100 1 8 1 10 12 1 100 1 10 12 1 7 1 10 10 7 12 1 1 1 10 12 1 1 3 10 12 1 1 11 7 12 1 1 1 10 7 12 1 1 1 10 12 1 1 9 7 12 1 1 1 11 7 12 1 1 1 7 1 10 8 1 10 12 1 1 10 12 1 8 1 10 12 1 1 10 12 1 1 8 1 10 12 1 1 7 1 7 1 10 12 1 10 12 1 1 11 7 12 1 1 1 9 12 1 11 12 1 1 8 1 10 7 12 1 1 1 10 12 1 1 7 1 7 1 10 12 1 10 12 1 1 10 12 1 1 10 12 1 10 12 1 10 12 1 11 12 1 7 1 10 12 1 1 10 12 1 1 7 1 10 12 1 7 1 10 12 1 1 10 12 1 1 7 1 10 12 1 10 7 12 1 1 1 10 12 1 10 12 1 1 10 12 1 10 12 1 1 10 100 12 1 1 1 10 12 1 1 10 12 1 10 7 1 10 12 1 10 10 12 1 8 1 8 1 10 12 1 1 10 7 12 1 1 1 10 7 12 1 1 10 12 1 1 10 7 12 1 1 10 12 1 1 10 7 12 1 1 10 7 12 1 1 10 12 1 1 10 7 12 1 1 10 7 12 1 1 10 7 12 1 1 8 1 10 12 1 100 1 10 10 12 1 10 12 1 1 8 1 10 7 12 1 1 9 100 12 1 1 1 10 7 12 1 1 1 10 12 1 1 10 7 12 1 1 10 7 12 1 1 10 7 12 1 1 11 7 12 1 1 1 10 12 1 1 10 12 1 1 7 1 11 12 1 10 7 12 1 1 1 10 12 1 1 10 12 1 1 10 12 1 1 10 12 1 1 8 1 10 7 12 1 1 100 1 10 12 1 10 12 1 10 12 1 1 10 12 1 9 10 12 1 9 10 12 1 9 10 12 1 9 10 12 1 9 10 12 1 9 10 12 1 9 10 12 1 9 10 12 1 10 12 1 10 12 1 1 10 12 1 1 10 12 1 10 12 1 10 12 1 10 12 1 1 18 12 1 10 12 1 1 7 1 18 12 1 18 11 7 12 1 1 8 1 8 1 10 12 1 10 12 1 11 12 1 1 9 12 1 11 7 1 1 1 1 1 1 1 1 1 1 1 1 1 1 1 1 1 1 1 1 1 1 1 1 1 1 1 1 1 1 1 1 1 1 1 1 1 1 1 1 100 100 1 1 1 1 1 1 1 1 1 1 100 1 1 1 1 1 1 1 1 1 1 1 1 1 1 1 1 1 1 1 1 1 1 1 1 1 1 1 1 1 1 1 1 1 1 1 1 1 1 1 1 1 1 1 1 1 1 1 1 1 1 1 1 1 100 1 100 1 100 1 100 1 100 1 100 1 100 1 100 1 1 1 1 1 1 1 1 1 1 1 7 1 1 1 1 1 1 1 1 1 1 1 1 1 1 1 1 16 15 10 12 15 10 12 15 10 12 15 10 7 12 1 1 1 1 100 1 100 1 1
staticfield sun/reflect/annotation/AnnotationParser EMPTY_ANNOTATIONS_ARRAY [Ljava/lang/annotation/Annotation; 0 [Ljava/lang/annotation/Annotation;
staticfield sun/reflect/annotation/AnnotationParser EMPTY_ANNOTATION_ARRAY [Ljava/lang/annotation/Annotation; 0 [Ljava/lang/annotation/Annotation;
ciMethod sun/reflect/annotation/AnnotationParser parseAnnotations ([BLjdk/internal/reflect/ConstantPool;Ljava/lang/Class;)Ljava/util/Map; 358 0 7350 0 -1
instanceKlass org/eclipse/jetty/util/Fields$1
instanceKlass org/eclipse/jetty/util/MultiMap
ciInstanceKlass java/util/LinkedHashMap 1 1 386 9 7 12 1 1 1 9 12 1 1 9 12 1 9 7 12 1 1 9 12 1 10 7 12 1 1 1 10 12 1 1 10 12 1 1 9 12 1 9 12 1 1 9 12 1 10 12 1 1 100 1 10 10 12 1 1 10 12 1 10 12 1 1 9 12 1 1 9 12 1 10 12 1 1 10 100 12 1 1 1 10 12 1 10 12 1 10 12 10 12 1 1 10 7 12 1 1 1 10 12 1 1 10 12 1 1 9 7 1 10 12 1 10 12 1 1 9 12 1 1 7 1 10 12 1 7 1 100 1 10 10 12 1 1 10 12 1 1 9 12 1 1 7 1 10 7 1 10 12 1 9 12 1 7 1 10 100 1 10 11 7 12 1 1 1 100 1 10 11 100 12 1 1 100 1 7 1 10 8 1 10 12 1 1 10 12 1 10 12 1 1 10 12 1 10 12 1 1 10 100 1 10 12 1 7 1 1 1 1 5 0 1 1 1 3 1 3 1 3 1 1 1 1 1 1 1 1 1 1 1 1 1 1 1 1 1 1 1 1 1 1 1 1 1 1 1 1 1 1 1 1 1 1 1 1 1 1 1 1 1 1 1 1 1 1 1 7 1 1 1 1 1 1 1 1 100 1 1 1 1 1 1 1 1 1 1 1 1 1 1 1 1 1 1 1 1 1 1 1 1 1 1 1 1 100 1 1 1 1 1 1 1 1 1 1 1 1 1 1 100 1 1 1 1 1 1 1 1 1 7 1 1 1 1 1 1 1 1 1 1 1 1 1 1 1 1 1 1 1 1 1 1 1 1 1 1 1 1 1 1 1 100 1 100 1 100 1 100 1 1 1 1 1 100 1 7 1 1 1 1 1 1 1 1 1
ciInstanceKlass java/util/SequencedMap 1 1 157 11 7 12 1 1 1 11 100 12 1 1 1 11 7 12 1 1 1 100 1 11 12 1 1 100 1 10 12 1 1 11 12 1 1 11 12 1 1 100 1 10 12 100 1 10 12 1 100 1 10 100 1 10 7 1 7 1 1 1 1 1 1 1 1 1 1 1 1 1 1 1 1 1 1 1 1 1 1 1 1 1 1 1 1 1 1 1 1 1 1 1 1 1 1 1 1 1 1 1 1 1 1 1 1 1 1 100 1 8 1 1 12 10 1 1 1 8 1 1 1 8 1 1 8 1 1 1 8 1 1 1 8 1 1 1 8 1 1 1 8 1 1 1 8 1 1 1 8 1 1 1 8 1 1 8 1
ciMethod java/util/LinkedHashMap get (Ljava/lang/Object;)Ljava/lang/Object; 540 0 38553 0 1320
ciMethod java/util/LinkedHashMap afterNodeAccess (Ljava/util/HashMap$Node;)V 2 0 1521 0 0
ciInstanceKlass java/util/function/BiFunction 1 1 65 10 100 12 1 1 1 18 12 1 1 11 7 12 1 1 11 100 12 1 7 1 1 1 1 1 1 1 1 1 1 1 1 1 1 1 1 1 1 1 1 1 1 1 1 1 1 1 16 15 11 12 15 10 100 12 1 1 1 1 100 1 100 1 1
ciInstanceKlass java/lang/invoke/DirectMethodHandle$Constructor 1 1 91 10 7 12 1 1 1 9 7 12 1 1 1 9 12 1 1 9 12 1 1 10 100 12 1 1 1 100 1 10 12 1 9 12 1 9 12 1 10 12 1 10 12 1 1 9 12 1 1 10 12 1 1 10 7 12 1 1 1 1 1 1 1 1 1 1 1 1 1 1 100 1 100 1 1 1 1 1 1 1 1 1 1 1 1 1 1 1 1 1 1
staticfield java/lang/invoke/DirectMethodHandle$Constructor $assertionsDisabled Z 1
ciInstanceKlass sun/nio/ch/DirectBuffer 1 1 13 100 1 100 1 1 1 1 1 1 1 1 1
ciMethod sun/nio/ch/DirectBuffer address ()J 0 0 1 0 -1
ciInstanceKlass java/util/jar/Attributes$Name 1 1 231 9 7 12 1 1 1 11 7 12 1 1 1 10 12 1 1 10 7 12 1 1 10 12 1 1 9 12 1 1 10 7 12 1 1 1 9 12 1 1 8 10 7 12 1 1 1 10 12 1 1 100 1 10 10 12 1 1 10 12 1 1 11 12 1 1 10 7 12 1 1 1 8 1 9 12 1 1 8 1 9 12 1 8 1 9 12 1 8 1 9 12 1 8 1 9 12 1 8 1 9 12 1 8 1 9 12 1 8 1 9 12 1 8 1 9 12 1 8 1 9 12 1 8 1 9 12 1 8 1 9 12 1 8 1 9 12 1 8 1 9 12 1 8 1 9 12 1 8 1 9 12 1 8 1 9 12 1 8 1 9 12 1 7 1 10 12 1 10 12 1 1 8 1 8 1 8 1 8 1 8 1 8 1 8 1 8 1 8 1 11 12 1 1 1 1 1 1 1 1 1 1 1 1 1 1 1 1 1 1 1 1 1 1 1 1 1 1 1 1 1 1 1 1 1 1 1 1 100 1 1
staticfield java/util/jar/Attributes$Name MANIFEST_VERSION Ljava/util/jar/Attributes$Name; java/util/jar/Attributes$Name
staticfield java/util/jar/Attributes$Name SIGNATURE_VERSION Ljava/util/jar/Attributes$Name; java/util/jar/Attributes$Name
staticfield java/util/jar/Attributes$Name CONTENT_TYPE Ljava/util/jar/Attributes$Name; java/util/jar/Attributes$Name
staticfield java/util/jar/Attributes$Name CLASS_PATH Ljava/util/jar/Attributes$Name; java/util/jar/Attributes$Name
staticfield java/util/jar/Attributes$Name MAIN_CLASS Ljava/util/jar/Attributes$Name; java/util/jar/Attributes$Name
staticfield java/util/jar/Attributes$Name SEALED Ljava/util/jar/Attributes$Name; java/util/jar/Attributes$Name
staticfield java/util/jar/Attributes$Name EXTENSION_LIST Ljava/util/jar/Attributes$Name; java/util/jar/Attributes$Name
staticfield java/util/jar/Attributes$Name EXTENSION_NAME Ljava/util/jar/Attributes$Name; java/util/jar/Attributes$Name
staticfield java/util/jar/Attributes$Name EXTENSION_INSTALLATION Ljava/util/jar/Attributes$Name; java/util/jar/Attributes$Name
staticfield java/util/jar/Attributes$Name IMPLEMENTATION_TITLE Ljava/util/jar/Attributes$Name; java/util/jar/Attributes$Name
staticfield java/util/jar/Attributes$Name IMPLEMENTATION_VERSION Ljava/util/jar/Attributes$Name; java/util/jar/Attributes$Name
staticfield java/util/jar/Attributes$Name IMPLEMENTATION_VENDOR Ljava/util/jar/Attributes$Name; java/util/jar/Attributes$Name
staticfield java/util/jar/Attributes$Name IMPLEMENTATION_VENDOR_ID Ljava/util/jar/Attributes$Name; java/util/jar/Attributes$Name
staticfield java/util/jar/Attributes$Name IMPLEMENTATION_URL Ljava/util/jar/Attributes$Name; java/util/jar/Attributes$Name
staticfield java/util/jar/Attributes$Name SPECIFICATION_TITLE Ljava/util/jar/Attributes$Name; java/util/jar/Attributes$Name
staticfield java/util/jar/Attributes$Name SPECIFICATION_VERSION Ljava/util/jar/Attributes$Name; java/util/jar/Attributes$Name
staticfield java/util/jar/Attributes$Name SPECIFICATION_VENDOR Ljava/util/jar/Attributes$Name; java/util/jar/Attributes$Name
staticfield java/util/jar/Attributes$Name MULTI_RELEASE Ljava/util/jar/Attributes$Name; java/util/jar/Attributes$Name
ciInstanceKlass jdk/internal/access/JavaNioAccess 1 0 47 100 1 100 1 1 1 1 1 1 1 1 1 1 1 1 1 1 1 1 1 1 1 1 1 1 1 1 1 1 1 1 1 1 1 1 1 1 1 1 1 1 100 1 100 1 1
ciMethod jdk/internal/access/JavaNioAccess acquireSession (Ljava/nio/Buffer;)V 0 0 1 0 -1
ciMethod jdk/internal/access/JavaNioAccess releaseSession (Ljava/nio/Buffer;)V 0 0 1 0 -1
ciInstanceKlass java/io/DataInput 1 0 36 100 1 100 1 1 1 1 7 1 1 1 1 1 1 1 1 1 1 1 1 1 1 1 1 1 1 1 1 1 1 1 1 1 1 1
ciInstanceKlass jdk/internal/reflect/DirectMethodHandleAccessor 1 1 290 9 7 12 1 1 1 10 7 12 1 1 1 10 7 12 1 1 1 100 1 10 12 1 1 10 12 1 10 100 12 1 1 1 7 1 10 12 1 1 10 12 1 10 12 1 10 7 1 10 12 1 1 9 12 1 1 10 12 1 9 12 1 1 10 12 1 9 12 1 9 12 1 1 10 12 1 10 12 1 1 10 12 1 1 10 12 1 1 7 1 7 1 10 12 1 1 100 1 8 1 10 12 1 7 1 10 12 1 7 1 10 7 1 10 12 1 10 7 12 1 1 1 10 12 1 10 12 1 10 12 1 10 12 10 12 1 10 12 1 10 12 1 10 12 1 10 12 1 10 12 9 100 12 1 1 1 11 100 12 1 1 1 10 12 1 10 100 12 1 1 10 7 12 1 1 10 7 12 1 1 1 8 1 7 1 10 8 1 10 12 1 1 10 12 1 8 1 10 12 1 1 10 12 1 1 10 7 12 1 1 1 10 12 1 10 12 1 1 100 1 10 12 1 1 1 3 1 3 1 3 1 3 1 1 1 1 1 1 1 1 1 1 1 1 1 1 1 1 1 1 1 1 1 1 1 1 1 1 7 1 100 1 1 1 1 1 1 1 1 1 1 1 1 1 1 1 100 1 1 1 1 100 1 1 1 100 1 1 1
staticfield jdk/internal/reflect/DirectMethodHandleAccessor $assertionsDisabled Z 1
ciMethod jdk/internal/reflect/DirectMethodHandleAccessor invoke (Ljava/lang/Object;[Ljava/lang/Object;)Ljava/lang/Object; 1024 0 3237 0 -1
instanceKlass java/util/LinkedHashMap$Entry
ciInstanceKlass java/util/HashMap$Node 1 1 95 10 7 12 1 1 1 9 7 12 1 1 1 9 12 1 1 9 12 1 9 12 1 1 7 1 10 10 12 1 1 8 1 10 12 1 10 12 1 1 10 7 12 1 1 1 7 1 11 12 1 1 10 12 1 1 11 12 1 1 1 1 1 1 1 1 1 1 1 1 1 1 1 1 1 1 1 1 1 1 1 1 1 1 1 1 1 1 100 1 1 1 7 1 1
ciInstanceKlass java/util/HashMap$TreeNode 0 0 250 100 1 10 100 12 1 1 1 9 100 12 1 1 1 9 12 1 1 9 12 1 9 12 1 1 9 12 1 1 10 12 1 1 100 1 10 12 1 9 12 1 9 12 1 9 12 1 1 10 100 12 1 1 1 10 12 1 1 10 12 1 1 10 12 1 1 10 12 1 1 10 12 1 1 10 100 12 1 1 1 10 100 12 1 1 1 10 100 12 1 1 1 9 12 1 10 12 1 1 10 12 1 1 10 12 1 1 10 12 1 1 9 100 1 10 12 1 1 10 12 1 1 10 12 1 10 12 1 1 10 12 1 10 12 1 10 12 1 1 1 1 1 1 1 1 1 1 1 1 1 1 1 1 1 1 1 1 1 1 1 1 1 1 100 1 1 1 1 1 1 1 1 1 1 1 1 1 1 1 1 1 1 1 1 1 1 1 1 1 1 1 1 1 1 1 1 1 1 1 1 1 1 1 1 1 1 1 1 1 1 1 1 1 1 1 1 1 1 1 1 1 1 1 1 1 1 1 1 1 1 1 1 1 1 1 1 1 1 1 1 1 1 1 1 100 1 1 1 1
instanceKlass java/util/HashMap$TreeNode
ciInstanceKlass java/util/LinkedHashMap$Entry 1 1 41 10 7 12 1 1 1 100 1 1 1 1 1 1 1 1 1 1 1 1 1 1 1 1 1 1 1 1 1 1 1 1 1 1 100 1 1 100 1 1 1
ciMethod java/util/HashMap$TreeNode getTreeNode (ILjava/lang/Object;)Ljava/util/HashMap$TreeNode; 0 0 1 0 -1
ciInstanceKlass java/util/Collections$EmptyMap 1 1 125 10 7 12 1 1 1 10 7 12 1 1 1 100 1 11 12 1 1 10 7 12 1 1 1 100 1 10 9 12 1 1 100 1 100 1 1 1 1 5 0 1 1 1 1 1 1 1 1 1 1 1 1 1 1 1 1 1 1 1 1 1 1 1 1 1 1 1 1 1 1 1 1 1 1 1 1 1 1 1 1 1 1 1 1 1 1 1 1 1 1 1 1 1 1 1 1 1 1 1 1 1 1 1 1 1 1 1 1 1 1 1 1 1 1 1 1 1 1 1 1 1 100 1 1
ciMethod java/util/Collections$EmptyMap get (Ljava/lang/Object;)Ljava/lang/Object; 256 0 128 0 0
instanceKlass hudson/EnvVars
ciInstanceKlass java/util/TreeMap 1 1 692 10 7 12 1 1 1 9 7 12 1 1 1 9 12 1 9 12 1 1 10 12 1 1 11 7 12 1 1 11 12 1 11 12 1 1 11 7 12 1 1 1 10 12 1 1 7 1 7 1 10 12 1 1 10 12 1 1 9 7 12 1 1 1 10 12 1 1 10 12 1 1 10 12 1 1 10 12 1 100 1 10 11 7 1 10 7 12 1 1 11 10 10 12 1 10 12 1 1 7 1 9 12 1 1 9 12 11 12 1 1 9 12 1 9 12 1 11 7 12 1 1 1 10 9 12 1 10 12 1 1 10 12 1 1 10 12 1 1 10 12 1 1 10 12 1 1 10 12 1 1 10 12 1 11 7 12 1 1 100 1 10 11 100 12 1 1 10 12 1 10 12 1 1 10 12 1 10 12 1 1 100 1 100 1 10 12 1 9 12 1 9 12 1 1 9 12 1 1 10 10 12 1 1 10 12 1 10 12 1 10 12 1 10 12 1 10 12 1 10 12 1 7 1 10 12 1 10 12 1 11 100 1 9 12 1 1 7 1 10 12 1 7 1 10 100 1 10 12 1 100 1 10 10 12 1 1 10 12 1 1 10 12 1 11 100 12 1 1 7 1 10 12 1 100 1 10 10 7 12 1 1 100 1 10 12 1 100 1 10 9 12 1 1 10 12 1 10 12 1 10 12 1 10 12 1 1 10 12 1 1 10 12 1 10 12 1 10 12 1 10 100 12 1 1 10 12 1 1 11 7 12 1 1 1 11 12 1 7 1 11 12 1 10 12 1 1 11 12 1 10 7 12 1 1 10 12 1 11 7 1 11 10 12 1 1 10 12 1 10 12 1 10 7 12 1 1 10 12 1 1 9 12 1 1 10 12 1 100 1 10 7 1 10 12 1 100 1 10 10 9 12 1 100 1 100 1 1 1 1 1 1 1 1 1 3 1 3 1 1 5 0 1 1 1 1 1 1 1 1 1 1 1 1 1 1 1 100 1 1 1 1 1 1 1 1 1 1 1 1 1 1 1 1 1 1 1 1 1 1 1 1 1 1 1 1 1 1 1 1 1 1 1 1 1 1 1 1 1 1 1 1 1 1 1 1 1 1 1 1 1 1 1 1 1 1 1 1 1 1 1 1 1 1 1 1 1 1 1 1 1 1 1 1 1 1 1 1 1 1 1 1 100 1 1 1 1 1 1 100 1 1 1 1 1 1 1 1 1 1 1 1 1 1 1 1 1 1 1 1 1 1 1 1 1 1 1 1 1 1 1 1 1 1 1 1 1 1 1 1 1 1 1 1 1 1 1 1 1 1 1 1 1 1 1 1 1 1 1 1 1 1 1 1 1 1 1 1 1 1 1 1 1 1 1 1 1 1 1 1 1 1 1 1 1 1 1 1 1 1 1 1 1 1 1 1 1 1 1 1 1 1 1 1 100 1 100 1 100 1 100 1 100 1 100 1 100 1 100 1 100 1 100 1 100 1 100 1 100 1 100 1 100 1 1 1 1 1 1 1 1 1 1 1 1 1 1 1 1 1 1 1 1 1 1 1 1 1 1 1 1 1
staticfield java/util/TreeMap UNBOUNDED Ljava/lang/Object; java/lang/Object
ciInstanceKlass java/util/WeakHashMap$Entry 1 1 112 10 7 12 1 1 1 9 7 12 1 1 1 9 12 1 1 9 12 1 1 10 12 1 1 10 7 12 1 1 1 7 1 10 12 1 11 10 7 12 1 1 1 10 12 1 11 10 100 12 1 1 1 7 1 10 12 1 10 12 1 1 8 1 10 12 1 10 12 1 1 1 1 1 1 1 1 1 1 1 1 1 1 1 1 1 1 1 1 1 1 1 1 1 1 1 1 1 1 1 1 1 1 1 1 1 1 1 1 1 7 1
ciMethod java/io/FilterInputStream read ()I 564 0 8520 0 272
ciInstanceKlass jdk/internal/util/ByteArray 1 1 171 10 100 12 1 1 1 9 7 12 1 1 1 10 7 12 1 1 1 9 12 1 10 12 1 10 7 12 1 1 1 9 12 1 10 12 1 10 100 12 1 1 1 9 12 1 10 12 1 9 12 1 10 12 1 10 7 12 1 1 1 9 12 1 10 12 1 10 12 1 1 10 12 1 10 12 1 10 12 1 1 10 12 1 10 12 1 10 12 1 1 10 12 1 9 7 12 1 1 1 10 7 12 1 1 1 7 1 10 12 1 1 7 1 7 1 7 1 7 1 7 1 1 1 1 1 1 1 1 1 1 1 1 1 1 1 1 1 1 1 1 1 1 1 1 1 1 100 1 1 1 1 1 1 1 1 1 1 1 1 1 1 1 1 1 1 1 1 1 1 1
staticfield jdk/internal/util/ByteArray SHORT Ljava/lang/invoke/VarHandle; java/lang/invoke/VarHandleByteArrayAsShorts$ArrayHandle
staticfield jdk/internal/util/ByteArray CHAR Ljava/lang/invoke/VarHandle; java/lang/invoke/VarHandleByteArrayAsChars$ArrayHandle
staticfield jdk/internal/util/ByteArray INT Ljava/lang/invoke/VarHandle; java/lang/invoke/VarHandleByteArrayAsInts$ArrayHandle
staticfield jdk/internal/util/ByteArray FLOAT Ljava/lang/invoke/VarHandle; java/lang/invoke/VarHandleByteArrayAsFloats$ArrayHandle
staticfield jdk/internal/util/ByteArray LONG Ljava/lang/invoke/VarHandle; java/lang/invoke/VarHandleByteArrayAsLongs$ArrayHandle
staticfield jdk/internal/util/ByteArray DOUBLE Ljava/lang/invoke/VarHandle; java/lang/invoke/VarHandleByteArrayAsDoubles$ArrayHandle
ciMethod jdk/internal/util/ByteArray getBoolean ([BI)Z 1024 0 2516 0 -1
ciMethod jdk/internal/util/ByteArray getShort ([BI)S 1024 0 7335 0 -1
ciMethod jdk/internal/util/ByteArray getChar ([BI)C 0 0 10312 0 -1
ciMethod jdk/internal/util/ByteArray getInt ([BI)I 1024 0 14730 0 -1
ciMethod jdk/internal/util/ByteArray getLong ([BI)J 1024 0 3179 0 -1
ciMethod jdk/internal/util/ByteArray getFloat ([BI)F 0 0 1 0 -1
ciMethod jdk/internal/util/ByteArray getDouble ([BI)D 298 0 527 0 -1
ciInstanceKlass java/lang/invoke/BoundMethodHandle$Species_LL 1 1 73 1 7 1 7 1 1 1 1 1 1 1 1 12 9 1 1 1 12 10 12 9 12 9 1 1 12 10 1 1 1 100 1 7 1 1 12 10 1 7 1 1 12 10 1 1 1 12 10 1 1 1 12 10 1 1 1 12 10 1 1 1 12 10 1 1 1 12 10 1 1 1 1
ciInstanceKlass java/lang/invoke/BoundMethodHandle$Species_LLL 1 1 76 1 7 1 7 1 1 1 1 1 1 1 1 1 12 9 1 1 1 12 10 12 9 12 9 12 9 1 1 12 10 1 1 1 100 1 7 1 1 12 10 1 7 1 1 12 10 1 1 1 12 10 1 1 1 12 10 1 1 1 12 10 1 1 1 12 10 1 1 1 12 10 1 1 1 1
ciInstanceKlass java/util/zip/ZipUtils 1 1 331 7 1 7 1 100 1 10 7 12 1 1 1 5 0 5 0 9 7 12 1 1 1 10 7 12 1 1 1 10 12 1 1 9 12 1 5 0 5 0 5 0 5 0 5 0 5 0 10 7 12 1 1 1 10 7 12 1 1 1 10 12 1 1 10 7 12 1 1 1 10 12 1 1 10 12 1 1 100 1 10 12 1 1 100 1 10 12 1 10 12 1 1 10 12 1 10 12 1 1 10 12 1 10 12 1 10 12 1 10 12 1 10 12 1 5 0 10 12 1 1 10 12 1 1 5 0 100 1 5 0 10 7 12 1 1 1 10 12 1 1 10 12 1 1 10 12 1 1 10 12 1 10 12 1 10 12 1 10 12 1 8 1 10 7 12 1 1 1 9 12 1 1 9 12 1 1 10 7 12 1 1 1 7 1 9 12 1 10 12 1 1 10 7 12 1 1 1 9 12 1 1 10 7 12 1 1 1 9 12 1 1 10 12 1 1 8 1 10 12 1 1 8 1 1 1 1 5 0 1 5 0 1 1 3 1 3 1 5 0 1 3 1 1 1 1 1 1 1 1 1 1 1 1 1 1 1 1 1 1 1 1 1 1 1 1 1 1 1 1 1 1 1 1 1 1 1 1 1 1 1 1 1 1 1 1 1 1 1 1 1 1 1 1 1 1 1 1 1 1 1 1 1 1 1 1 1 1 1 1 1 1 1 1 1 1 1 1 1 1 1 1 1 1 1 1 1 1 1 1 1
staticfield java/util/zip/ZipUtils NIO_ACCESS Ljdk/internal/access/JavaNioAccess; java/nio/Buffer$2
staticfield java/util/zip/ZipUtils defaultBuf Ljava/nio/ByteBuffer; java/nio/HeapByteBuffer
staticfield java/util/zip/ZipUtils unsafe Ljdk/internal/misc/Unsafe; jdk/internal/misc/Unsafe
staticfield java/util/zip/ZipUtils byteBufferArrayOffset J 48
staticfield java/util/zip/ZipUtils byteBufferOffsetOffset J 40
ciMethod java/util/zip/ZipUtils getBufferArray (Ljava/nio/ByteBuffer;)[B 0 0 748 0 -1
ciMethod java/util/zip/ZipUtils getBufferOffset (Ljava/nio/ByteBuffer;)I 0 0 748 0 -1
ciInstanceKlass java/util/zip/ZipFile$ZipFileInputStream 1 1 180 100 1 100 1 9 7 12 1 1 1 10 7 12 1 1 1 10 7 12 1 1 1 9 12 1 1 10 12 1 9 12 1 10 12 1 9 12 1 5 0 10 12 1 1 9 7 12 1 1 1 9 7 12 1 1 1 9 7 12 1 1 10 12 1 1 10 12 1 10 12 1 10 12 1 10 12 1 1 100 1 8 1 10 12 1 10 12 1 1 5 0 8 1 10 12 1 1 10 12 1 9 12 1 10 12 1 10 12 1 1 10 12 1 10 12 1 10 12 1 1 7 1 5 0 3 9 12 1 1 9 12 1 1 11 7 12 1 1 1 1 1 1 1 1 1 1 1 1 1 1 100 1 1 1 1 1 1 1 1 100 1 1 7 1 7 1 1 1 1 1 1 1 1 1 1 1 1 1 1
ciInstanceKlass java/util/zip/ZipFile$ZipFileInflaterInputStream 1 1 155 10 7 12 1 1 1 10 7 12 1 1 1 9 12 1 1 10 7 12 1 1 9 12 1 1 10 7 12 1 1 1 7 1 10 12 1 10 7 12 1 1 1 9 12 1 1 9 12 1 10 12 1 1 9 7 12 1 1 1 9 12 1 1 11 7 12 1 1 1 11 7 12 1 1 100 1 8 1 10 12 1 9 12 1 1 9 12 1 1 10 7 12 1 1 1 9 12 1 1 9 12 1 1 10 7 12 1 1 1 7 1 10 12 1 1 10 12 1 7 1 5 0 3 1 1 1 1 1 1 1 1 1 1 7 1 7 1 1 100 1 1 1 1 1 1 1 1 1 1 1 1 1 1 1
instanceKlass org/apache/tools/zip/ZipFile$1
instanceKlass java/util/zip/GZIPInputStream
instanceKlass jdk/nio/zipfs/ZipFileSystem$2
instanceKlass java/util/zip/ZipFile$ZipFileInflaterInputStream
ciInstanceKlass java/util/zip/InflaterInputStream 1 1 180 9 7 12 1 1 1 100 1 8 1 10 12 1 1 10 7 12 1 1 9 12 1 9 12 1 9 12 1 1 100 1 10 12 1 100 1 8 1 10 9 12 1 1 9 12 1 10 12 1 7 1 10 10 12 1 10 12 1 10 12 1 1 10 7 12 1 1 1 10 7 12 1 1 1 10 12 1 1 10 12 1 10 12 1 10 12 1 10 12 1 10 12 1 100 1 10 12 1 1 100 1 8 1 10 8 1 7 1 5 0 10 100 12 1 1 1 10 12 1 10 12 1 9 12 1 1 10 7 12 1 1 10 9 12 1 1 100 1 8 1 10 10 12 1 1 8 1 1 1 1 1 1 1 1 1 1 1 1 1 1 1 1 1 100 7 1 1 1 1 1 1 1 1 1 1 1 1 1 1
ciMethod java/util/zip/InflaterInputStream read ([BII)I 512 0 12953 0 2320
ciMethod java/util/zip/InflaterInputStream read ()I 542 0 8550 0 208
ciMethod java/util/zip/InflaterInputStream fill ()V 774 0 18761 0 -1
ciMethod java/util/zip/InflaterInputStream ensureOpen ()V 512 0 38612 0 104
ciMethod java/util/zip/ZipFile$ZipFileInflaterInputStream fill ()V 838 0 5643 0 4296
ciInstanceKlass java/util/zip/ZipFile$Source$Key 1 1 84 10 7 12 1 1 1 9 7 12 1 1 1 9 12 1 1 10 7 12 1 1 1 9 12 1 1 100 1 5 0 11 7 12 1 1 1 10 7 12 1 1 1 10 7 12 1 1 1 10 12 1 1 11 12 1 1 10 10 1 1 1 1 1 1 1 1 1 1 1 1 1 1 1 1 1 1 100 1 1 100 1 1 1
ciInstanceKlass java/util/zip/Inflater 1 1 280 10 7 12 1 1 1 9 7 12 1 1 1 9 7 12 1 1 7 1 10 12 1 1 10 12 1 9 12 1 1 10 12 1 9 7 12 1 1 1 10 12 1 1 9 12 1 1 9 12 1 1 9 12 1 10 12 1 1 10 100 12 1 1 1 10 12 1 10 12 1 1 10 12 1 1 9 12 1 1 10 12 10 7 12 1 1 1 10 12 1 10 100 12 1 1 1 10 12 1 1 9 12 1 1 11 100 12 1 1 1 100 1 11 10 12 1 1 11 12 1 10 12 1 1 10 12 1 1 10 12 1 10 12 1 10 12 1 9 12 1 10 12 1 1 100 1 9 12 1 10 12 1 1 9 12 1 1 9 12 1 9 12 1 5 0 9 12 1 10 12 1 1 10 12 1 100 1 10 10 12 1 1 10 12 1 1 10 12 1 1 10 12 1 10 12 1 10 12 1 1 10 12 1 9 12 1 10 7 12 1 1 1 100 1 10 100 1 8 1 10 12 1 10 7 12 1 1 10 12 1 10 12 1 1 1 1 1 1 1 1 1 1 100 7 1 1 1 1 1 1 1 1 1 1 1 1 1 1 1 1 1 1 1 1 1 1 1 1 1 1 1 1 1 1 1 1 1 1 1
staticfield java/util/zip/Inflater $assertionsDisabled Z 1
ciMethod java/util/zip/Inflater inflate ([BII)I 516 0 5456 0 -1
ciMethod java/util/zip/Inflater setInput ([BII)V 840 0 6557 0 -1
ciMethod java/util/zip/Inflater finished ()Z 514 0 13406 0 432
ciMethod java/util/zip/Inflater needsInput ()Z 512 0 5387 0 544
ciMethod java/util/zip/Inflater needsDictionary ()Z 512 0 14452 0 432
ciMethod java/util/zip/Inflater hasPendingOutput ()Z 258 0 129 0 0
ciMethod java/util/zip/Inflater ensureOpen ()V 514 0 5399 0 -1
ciMethod java/util/zip/Inflater inflateBytesBytes (J[BII[BII)J 256 0 128 0 -1
ciMethod java/util/zip/Inflater inflateBufferBytes (JJI[BII)J 0 0 1 0 -1
ciInstanceKlass java/util/zip/Inflater$InflaterZStreamRef 1 1 60 10 7 12 1 1 1 10 7 12 1 1 1 10 7 12 1 1 1 9 7 12 1 1 1 9 12 1 1 11 7 12 1 1 10 7 12 1 1 1 100 1 1 1 1 1 1 1 1 1 1 1 1 1 1 1 1 1 1 1
ciMethod java/util/zip/Inflater$InflaterZStreamRef address ()J 264 0 132 0 -1
ciMethod jdk/internal/reflect/DirectMethodHandleAccessor checkArgumentCount (I[Ljava/lang/Object;)V 1024 0 3236 0 0
ciMethod jdk/internal/reflect/DirectMethodHandleAccessor isIllegalArgument (Ljava/lang/RuntimeException;)Z 0 0 1 0 0
ciMethod jdk/internal/reflect/DirectMethodHandleAccessor invokeImpl (Ljava/lang/Object;[Ljava/lang/Object;)Ljava/lang/Object; 1024 0 3235 0 -1
ciMethod jdk/internal/reflect/DirectMethodHandleAccessor checkReceiver (Ljava/lang/Object;)V 1024 0 2990 0 0
ciMethod jdk/internal/reflect/DirectMethodHandleAccessor isStatic ()Z 1024 0 3238 0 0
ciMethod java/util/HashSet <init> (I)V 512 0 329 0 -1
ciMethod java/lang/invoke/Invokers checkCustomized (Ljava/lang/invoke/MethodHandle;)V 1024 0 14411 0 -1
ciMethod java/lang/invoke/Invokers checkExactType (Ljava/lang/invoke/MethodHandle;Ljava/lang/invoke/MethodType;)V 538 0 12951 0 -1
ciMethod java/lang/invoke/Invokers newWrongMethodTypeException (Ljava/lang/invoke/MethodType;Ljava/lang/invoke/MethodType;)Ljava/lang/invoke/WrongMethodTypeException; 0 0 1 0 -1
ciMethod java/lang/invoke/Invokers maybeCustomize (Ljava/lang/invoke/MethodHandle;)V 1024 0 7098 0 -1
ciMethod java/lang/reflect/Modifier isProtected (I)Z 770 0 16014 0 -1
ciMethod java/lang/reflect/Modifier isStatic (I)Z 526 0 36052 0 88
ciMethod java/util/Collections reverse (Ljava/util/List;)V 774 760 830 0 -1
ciMethod java/util/HashMap getNode (Ljava/lang/Object;)Ljava/util/HashMap$Node; 1024 58 8342 0 1280
ciMethod java/util/HashMap hash (Ljava/lang/Object;)I 1024 0 89703 0 224
ciMethod java/lang/ReflectiveOperationException <init> (Ljava/lang/Throwable;)V 4 0 2 0 -1
ciMethod jdk/internal/util/Preconditions outOfBoundsCheckFromIndexSize (Ljava/util/function/BiFunction;III)Ljava/lang/RuntimeException; 0 0 1 0 -1
ciMethod jdk/internal/util/Preconditions checkFromIndexSize (IIILjava/util/function/BiFunction;)I 748 0 309908 0 168
ciMethod java/lang/Math max (II)I 718 0 254929 0 -1
ciMethod java/lang/Math min (II)I 1024 0 309342 0 -1
ciMethod jdk/internal/access/JavaLangAccess getConstantPool (Ljava/lang/Class;)Ljdk/internal/reflect/ConstantPool; 0 0 1 0 -1
ciMethod java/lang/Thread currentThread ()Ljava/lang/Thread; 0 0 1 0 -1
ciMethod java/lang/reflect/Executable getAnnotation (Ljava/lang/Class;)Ljava/lang/annotation/Annotation; 554 0 58486 0 0
ciMethod java/lang/reflect/Executable declaredAnnotations ()Ljava/util/Map; 774 0 5586 0 2904
ciMethod java/lang/reflect/Executable getDeclaringClass ()Ljava/lang/Class; 0 0 1 0 -1
ciMethod java/lang/reflect/Executable getAnnotationBytes ()[B 0 0 1 0 -1
ciMethod java/lang/reflect/AccessibleObject getRoot ()Ljava/lang/reflect/AccessibleObject; 0 0 1 0 -1
ciMethod java/lang/reflect/AccessibleObject checkAccess (Ljava/lang/Class;Ljava/lang/Class;Ljava/lang/Class;I)V 1024 0 3929 0 0
ciMethod java/lang/reflect/AccessibleObject printStackTraceWhenAccessFails ()Z 0 0 1 0 -1
ciMethod java/lang/reflect/AccessibleObject verifyAccess (Ljava/lang/Class;Ljava/lang/Class;Ljava/lang/Class;I)Z 1024 0 3929 0 -1
ciMethod java/lang/reflect/AccessibleObject isAccessChecked (Ljava/lang/Class;)Z 1024 0 3876 0 -1
ciMethod java/lang/reflect/AccessibleObject isAccessChecked (Ljava/lang/Class;Ljava/lang/Class;)Z 0 0 1 0 -1
ciMethod java/lang/reflect/AccessibleObject slowVerifyAccess (Ljava/lang/Class;Ljava/lang/Class;Ljava/lang/Class;I)Z 1024 0 3513 0 -1
ciMethod java/lang/ClassLoader checkClassLoaderPermission (Ljava/lang/ClassLoader;Ljava/lang/Class;)V 0 0 1 0 -1
ciMethod java/lang/ClassLoader getPlatformClassLoader ()Ljava/lang/ClassLoader; 162 0 1775 0 -1
ciMethod jdk/internal/misc/Unsafe putDouble (Ljava/lang/Object;JD)V 256 0 128 0 -1
ciMethod jdk/internal/misc/Unsafe putFloat (Ljava/lang/Object;JF)V 2 0 1 0 -1
ciMethod jdk/internal/misc/Unsafe putLong (Ljava/lang/Object;JJ)V 256 0 128 0 -1
ciMethod jdk/internal/misc/Unsafe putInt (Ljava/lang/Object;JI)V 256 0 128 0 -1
ciMethod jdk/internal/misc/Unsafe putChar (Ljava/lang/Object;JC)V 256 0 128 0 -1
ciMethod jdk/internal/misc/Unsafe putShort (Ljava/lang/Object;JS)V 2 0 1 0 -1
ciMethod jdk/internal/misc/Unsafe putByte (Ljava/lang/Object;JB)V 256 0 128 0 -1
ciMethod jdk/internal/misc/Unsafe putBoolean (Ljava/lang/Object;JZ)V 256 0 128 0 -1
ciMethod jdk/internal/misc/Unsafe putReference (Ljava/lang/Object;JLjava/lang/Object;)V 256 0 128 0 -1
ciMethod java/io/FilterInputStream read ([BII)I 1024 0 11408 0 344
ciMethod java/io/InputStream read ([BII)I 0 0 1 0 -1
ciMethod java/io/InputStream read ()I 0 0 1 0 -1
ciMethod java/lang/InternalError <init> ()V 0 0 1 0 -1
ciMethod java/lang/InternalError <init> (Ljava/lang/String;)V 0 0 1 0 -1
ciMethod jdk/internal/misc/VM isSystemDomainLoader (Ljava/lang/ClassLoader;)Z 394 0 2194 0 0
ciMethod jdk/internal/misc/VM isJavaLangInvokeInited ()Z 512 0 1912 0 -1
ciMethod java/lang/Exception <init> (Ljava/lang/String;Ljava/lang/Throwable;)V 470 0 4959 0 -1
ciMethod java/lang/Exception <init> (Ljava/lang/Throwable;)V 14 0 7 0 -1
ciMethod java/lang/Throwable <init> (Ljava/lang/Throwable;)V 14 0 7 0 -1
ciMethod java/lang/reflect/AnnotatedElement getAnnotation (Ljava/lang/Class;)Ljava/lang/annotation/Annotation; 0 0 1 0 -1
ciMethod java/lang/Class getClassLoader ()Ljava/lang/ClassLoader; 514 0 38056 0 -1
ciMethod java/lang/Class cast (Ljava/lang/Object;)Ljava/lang/Object; 394 0 121637 0 -1
ciMethod java/lang/Class getSuperclass ()Ljava/lang/Class; 256 0 128 0 -1
ciMethod java/lang/Class isInstance (Ljava/lang/Object;)Z 256 0 128 0 -1
ciMethod java/lang/Class isAssignableFrom (Ljava/lang/Class;)Z 256 0 128 0 -1
ciMethod java/lang/Class getName ()Ljava/lang/String; 456 0 104271 0 -1
ciMethod java/util/Map get (Ljava/lang/Object;)Ljava/lang/Object; 0 0 1 0 -1
ciMethod jdk/internal/access/SharedSecrets getJavaLangAccess ()Ljdk/internal/access/JavaLangAccess; 780 0 14123 0 -1
ciMethod java/lang/Object getClass ()Ljava/lang/Class; 256 0 128 0 -1
ciMethod java/lang/Object <init> ()V 1024 0 4110377 0 136
ciInstanceKlass com/sun/jmx/mbeanserver/WeakIdentityHashMap$IdentityWeakReference 1 1 62 10 7 12 1 1 1 10 7 1 10 7 12 1 1 1 9 12 1 1 10 12 1 1 10 12 1 1 1 1 1 1 1 1 1 1 1 1 1 1 1 1 1 1 1 100 1 100 1 1 1 1 1 1 1 1 1 1 100 1 1 1
instanceKlass org/apache/tools/ant/util/ResourceUtils$ReadOnlyTargetFileException
instanceKlass org/kohsuke/stapler/framework/adjunct/NoSuchAdjunctException
instanceKlass org/eclipse/jetty/server/internal/HttpConnection$SendCallback$CancelSendException
instanceKlass java/nio/channels/ClosedChannelException
instanceKlass hudson/util/jna/WinIOException
instanceKlass jenkins/util/io/CompositeIOException
instanceKlass hudson/model/Run$Halt
instanceKlass org/jenkinsci/remoting/protocol/impl/ConnectionRefusalException
instanceKlass org/jenkinsci/remoting/ChannelStateException
instanceKlass hudson/AbortException
instanceKlass hudson/util/FormValidation
instanceKlass jenkins/MissingDependencyException
instanceKlass hudson/FilePath$TunneledInterruptedException
instanceKlass org/apache/commons/fileupload2/core/FileUploadException
instanceKlass javax/net/ssl/SSLException
instanceKlass java/net/UnknownHostException
instanceKlass java/nio/charset/CharacterCodingException
instanceKlass java/io/ObjectStreamException
instanceKlass java/net/HttpRetryException
instanceKlass java/io/CharConversionException
instanceKlass java/io/EOFException
instanceKlass java/util/zip/ZipException
instanceKlass java/io/FileNotFoundException
instanceKlass java/net/SocketException
instanceKlass java/io/UnsupportedEncodingException
instanceKlass java/io/InterruptedIOException
instanceKlass java/nio/file/FileSystemException
instanceKlass java/net/MalformedURLException
ciInstanceKlass java/io/IOException 1 1 34 10 7 12 1 1 1 10 12 1 10 12 1 10 12 1 100 1 1 1 1 5 0 1 1 1 1 1 1 1 1 1 1 1
ciInstanceKlass java/lang/reflect/InvocationTargetException 1 1 37 100 1 10 7 12 1 1 1 9 7 12 1 1 1 10 12 1 1 1 1 5 0 1 1 1 1 1 1 1 1 1 1 1 1 1 1
instanceKlass org/codehaus/groovy/GroovyBugError
instanceKlass org/codehaus/groovy/runtime/powerassert/PowerAssertionError
ciInstanceKlass java/lang/AssertionError 1 1 79 10 7 12 1 1 1 10 12 1 10 100 12 1 1 1 10 100 1 100 1 10 12 1 1 10 12 1 10 12 1 10 12 1 10 12 1 10 12 1 10 12 1 10 12 1 1 1 1 5 0 1 1 1 1 1 1 1 1 1 1 100 1 1 1 1 1 1 1 1 1 1 1 1 1 1 1 1 1
ciInstanceKlass java/lang/IllegalAccessException 0 0 26 10 100 12 1 1 1 10 12 1 100 1 1 1 1 5 0 1 1 1 1 1 1 1 1 1
ciInstanceKlass sun/net/www/protocol/jar/JarURLConnection$JarURLInputStream 1 1 50 9 7 12 1 1 1 10 7 12 1 1 1 10 12 1 1 10 7 12 1 1 1 9 12 1 1 10 7 1 1 1 1 1 1 1 1 1 1 1 100 1 1 100 1 1 1 1 1 1
instanceKlass org/bouncycastle/util/encoders/EncoderException
instanceKlass org/bouncycastle/util/encoders/DecoderException
instanceKlass org/eclipse/jetty/http/HttpException$IllegalStateException
instanceKlass java/nio/channels/WritePendingException
instanceKlass java/util/concurrent/CancellationException
instanceKlass java/nio/channels/CancelledKeyException
instanceKlass java/nio/channels/ClosedSelectorException
instanceKlass java/nio/channels/ReadPendingException
instanceKlass java/nio/file/ClosedDirectoryStreamException
instanceKlass java/nio/file/ClosedFileSystemException
instanceKlass org/eclipse/jetty/util/TopologicalSort$CyclicException
ciInstanceKlass java/lang/IllegalStateException 1 1 35 10 7 12 1 1 1 10 12 1 10 12 1 10 12 1 100 1 1 1 1 5 0 1 1 1 1 1 1 1 1 1 1 1 1
instanceKlass java/nio/ReadOnlyBufferException
instanceKlass java/awt/HeadlessException
instanceKlass com/google/common/cache/CacheLoader$UnsupportedLoadingOperationException
instanceKlass java/nio/file/ReadOnlyFileSystemException
ciInstanceKlass java/lang/UnsupportedOperationException 1 1 34 10 7 12 1 1 1 10 12 1 10 12 1 10 12 1 100 1 1 1 1 5 0 1 1 1 1 1 1 1 1 1 1 1
ciInstanceKlass  @bci java/lang/invoke/BootstrapMethodInvoker invoke (Ljava/lang/Class;Ljava/lang/invoke/MethodHandle;Ljava/lang/String;Ljava/lang/Object;Ljava/lang/Object;Ljava/lang/Class;)Ljava/lang/Object; 462 <adapter> ; 1 1 47 1 7 1 100 1 1 1 1 1 1 1 7 1 7 1 7 1 1 12 10 1 1 12 10 1 1 12 10 1 1 1 1 1 7 1 1 12 10 1 7 12 9 1 1 1 1
staticfield  @bci java/lang/invoke/BootstrapMethodInvoker invoke (Ljava/lang/Class;Ljava/lang/invoke/MethodHandle;Ljava/lang/String;Ljava/lang/Object;Ljava/lang/Object;Ljava/lang/Class;)Ljava/lang/Object; 462 <adapter> ; _D_0 Ljava/lang/invoke/LambdaForm; java/lang/invoke/LambdaForm
ciInstanceKlass java/lang/invoke/MethodHandle$1 1 1 45 9 7 12 1 1 1 10 7 12 1 1 1 10 7 12 1 1 1 10 12 1 1 100 1 1 1 1 1 1 1 1 1 1 1 1 1 1 1 1 100 1 12 1 1
instanceKlass org/apache/tools/zip/UnsupportedZipFeatureException
instanceKlass org/apache/tools/zip/Zip64RequiredException
ciInstanceKlass java/util/zip/ZipException 0 0 26 10 100 12 1 1 1 10 12 1 100 1 1 1 1 5 0 1 1 1 1 1 1 1 1 1
instanceKlass org/eclipse/jetty/io/EofException
instanceKlass com/sun/org/apache/xerces/internal/impl/XMLEntityScanner$1
ciInstanceKlass java/io/EOFException 1 1 26 10 7 12 1 1 1 10 12 1 100 1 1 1 1 5 0 1 1 1 1 1 1 1 1 1
ciInstanceKlass jdk/nio/zipfs/ZipFileSystem$2 1 1 117 9 7 12 1 1 1 9 12 1 1 10 7 12 1 1 1 9 12 1 1 9 12 1 1 10 7 12 1 1 1 9 12 1 1 10 7 12 1 1 1 9 12 1 1 11 7 12 1 1 1 9 12 1 100 1 8 1 10 12 1 9 12 1 1 10 12 1 1 9 12 1 1 10 7 12 1 1 1 10 12 1 1 100 1 5 0 3 1 1 1 1 1 1 1 1 1 1 1 1 100 1 1 1 1 1 1 1 1 12 1 1 1 1 100 1 1
ciInstanceKlass java/util/zip/DataFormatException 0 0 26 10 100 12 1 1 1 10 12 1 100 1 1 1 1 5 0 1 1 1 1 1 1 1 1 1
ciInstanceKlass java/io/ObjectInput 1 0 27 100 1 100 1 100 1 100 1 1 1 1 7 1 7 1 1 1 1 1 1 1 1 1 1 1 1
ciInstanceKlass java/io/ObjectStreamConstants 1 0 87 100 1 8 1 10 12 1 1 9 100 12 1 1 1 8 1 9 12 1 8 1 9 12 1 100 1 1 1 1 3 1 3 1 1 3 1 1 3 1 3 1 3 1 3 1 3 1 3 1 3 1 3 1 3 1 3 1 3 1 3 1 3 1 3 1 1 1 3 1 3 1 3 1 3 1 3 1 3 1 1 1 1 1 1 1 1
instanceKlass hudson/remoting/ObjectInputStreamEx
instanceKlass com/thoughtworks/xstream/core/util/CustomObjectInputStream
instanceKlass com/thoughtworks/xstream/converters/reflection/PureJavaReflectionProvider$1
ciInstanceKlass java/io/ObjectInputStream 1 1 1255 10 7 12 1 1 1 7 1 9 12 1 1 9 12 1 1 10 12 1 7 1 10 12 1 9 12 1 1 7 1 10 12 1 9 12 1 1 7 1 10 9 12 1 1 9 12 1 10 7 12 1 1 1 10 12 1 1 11 7 12 1 1 1 100 1 9 12 1 1 9 12 1 10 12 1 10 12 1 1 10 100 12 1 1 1 9 12 1 1 10 100 12 1 1 1 7 1 10 12 1 1 7 1 100 1 100 1 10 12 1 10 12 1 1 100 1 8 1 10 12 1 10 12 1 1 10 12 1 1 10 12 1 1 9 12 1 1 10 12 1 10 12 1 9 12 1 10 12 1 9 12 1 1 100 1 8 1 10 12 1 10 7 12 1 1 10 12 1 1 7 1 10 12 1 10 12 1 10 12 1 10 7 12 1 1 1 10 12 1 8 1 10 12 1 1 10 12 1 1 10 12 1 1 10 7 12 1 1 1 9 12 1 1 11 7 12 1 1 1 10 12 1 1 100 1 10 12 1 100 1 8 1 10 10 100 12 1 1 1 100 1 10 12 1 9 12 1 9 12 1 10 12 1 1 100 1 100 1 8 1 10 7 12 1 1 1 10 12 1 1 10 10 10 12 1 1 10 12 1 100 1 10 10 100 12 1 1 1 10 12 1 10 12 1 10 12 1 10 12 1 10 12 1 1 10 12 1 10 12 1 1 10 12 1 10 12 1 10 12 1 1 10 12 1 1 10 12 1 1 10 12 1 1 10 12 1 1 10 12 1 10 12 1 9 12 1 9 12 1 9 100 12 1 1 8 1 10 8 1 10 12 1 8 1 10 12 1 100 1 10 12 1 11 12 1 1 100 1 9 100 12 1 1 1 9 100 12 1 1 1 9 100 12 1 1 1 9 12 1 8 1 10 7 12 1 1 10 7 12 1 1 8 1 10 12 1 1 11 100 12 1 1 1 7 1 10 10 12 1 9 12 1 10 12 1 9 12 1 1 9 12 1 1 9 12 1 9 12 1 9 9 12 1 10 12 1 1 9 12 1 10 12 1 9 12 1 10 12 1 100 1 100 1 10 8 1 10 12 1 1 10 12 1 10 12 10 10 12 1 8 1 10 8 1 10 12 1 1 9 12 1 1 10 100 12 1 7 1 10 12 1 100 1 10 12 1 10 100 12 1 1 1 10 10 10 12 1 10 12 1 100 1 10 10 12 1 10 12 1 10 12 1 10 12 1 10 12 1 1 10 12 1 100 1 8 1 10 10 12 1 1 10 12 1 1 10 12 1 1 10 12 1 8 1 10 12 1 8 1 10 12 1 1 8 1 10 12 1 8 1 10 12 1 1 100 1 8 1 10 12 1 10 12 1 8 1 8 1 8 1 10 7 12 1 1 10 12 1 10 100 12 1 1 1 10 12 1 1 100 1 10 3 10 12 1 8 1 100 1 8 1 10 10 12 1 1 9 12 1 1 8 1 10 12 1 10 12 1 10 12 1 1 10 12 1 1 10 12 1 10 12 1 10 12 1 10 12 1 3 8 1 10 12 1 8 1 9 12 1 8 1 10 100 12 1 1 10 12 1 1 8 1 10 10 12 1 1 8 1 10 10 12 1 1 10 100 12 1 1 1 10 100 1 8 1 10 10 12 1 10 12 1 1 10 12 1 8 1 10 12 1 10 12 1 1 10 12 1 10 12 1 1 10 12 1 10 12 1 10 12 1 10 12 1 10 12 1 1 10 12 1 9 12 1 100 1 10 12 1 1 9 100 1 9 100 1 10 12 1 1 9 7 1 100 1 10 12 1 1 9 7 1 100 1 10 12 1 1 9 100 1 10 12 1 1 9 7 1 100 1 10 12 1 1 9 100 1 10 12 1 1 100 1 10 12 1 8 1 10 100 12 1 1 8 1 8 1 10 12 1 8 1 10 12 1 10 12 100 1 10 8 1 10 12 1 10 12 1 9 12 1 10 10 12 1 1 10 12 1 100 1 10 12 1 1 10 12 1 1 10 12 1 10 12 1 10 12 1 10 12 1 10 12 1 11 12 1 1 10 12 1 1 9 7 12 1 1 9 12 1 1 10 100 12 1 1 1 9 12 1 9 12 1 10 100 12 1 1 1 10 100 1 100 1 8 1 10 12 1 10 12 1 10 12 10 12 1 1 10 12 1 10 12 1 10 12 1 100 1 8 1 10 12 1 10 7 1 9 12 1 1 10 7 12 1 1 10 12 1 10 10 10 10 10 10 10 10 10 12 1 10 8 1 8 1 8 1 8 1 8 1 8 1 8 1 8 1 8 1 9 7 1 11 12 1 1 10 12 1 1 18 12 1 1 10 7 12 1 1 1 18 12 1 10 12 1 1 100 1 1 1 3 1 1 1 1 1 1 1 1 1 1 1 1 1 1 100 1 1 1 1 1 1 1 1 1 1 1 1 1 1 1 1 1 1 1 1 1 1 1 1 1 1 1 1 1 1 1 1 1 1 1 1 100 100 1 100 1 1 1 1 1 1 1 1 1 1 1 1 1 1 1 1 1 1 1 1 1 1 1 1 1 1 1 100 1 1 1 1 1 1 1 1 1 1 1 1 1 1 1 1 1 1 1 1 1 1 1 1 1 1 1 1 1 1 1 1 1 1 1 1 1 1 1 1 1 1 1 1 1 1 1 1 1 1 1 1 1 100 1 1 1 1 100 1 1 1 1 100 1 100 1 100 1 100 1 100 1 100 1 1 16 1 15 10 12 16 1 15 10 12 15 10 7 12 1 1 1 1 1 1 1 1 1 1 1 100 1 1 1 1 1 1 1 1 1 1 1 1 100 1 100 1 1
staticfield java/io/ObjectInputStream unsharedMarker Ljava/lang/Object; java/lang/Object
staticfield java/io/ObjectInputStream primClasses Ljava/util/Map; java/util/ImmutableCollections$MapN
staticfield java/io/ObjectInputStream UNSAFE Ljdk/internal/misc/Unsafe; jdk/internal/misc/Unsafe
staticfield java/io/ObjectInputStream $assertionsDisabled Z 1
ciInstanceKlass java/io/ObjectInputStream$BlockDataInputStream 1 1 384 100 1 9 7 12 1 1 1 10 7 12 1 1 1 9 12 1 1 9 12 1 9 12 1 1 9 12 1 1 9 12 1 1 9 12 1 9 12 1 7 1 10 12 1 9 12 1 1 7 1 10 9 12 1 1 100 1 8 1 10 12 1 8 1 10 12 1 9 7 12 1 1 100 1 3 10 12 1 1 10 12 1 10 12 1 1 10 7 12 1 1 1 100 1 7 1 10 8 1 10 12 1 1 10 12 1 10 12 1 1 10 10 12 1 10 12 1 8 1 100 1 10 12 1 1 10 100 12 1 1 1 100 1 8 1 10 7 12 1 1 1 10 12 1 8 1 10 12 1 1 100 1 10 10 10 10 12 1 10 12 1 5 0 10 12 1 10 7 12 1 1 1 10 12 1 10 12 1 1 10 10 12 1 1 10 12 1 1 10 12 1 1 10 12 1 1 10 12 1 3 10 12 1 10 12 1 1 10 12 1 1 10 12 1 1 10 12 1 1 10 12 1 1 10 12 1 1 10 10 12 1 1 10 12 1 10 12 1 1 10 12 1 1 10 5 0 10 12 1 10 12 1 1 10 12 1 1 100 1 10 100 1 10 12 1 10 12 1 1 10 12 1 5 0 5 0 10 12 1 100 1 1 1 3 1 3 1 3 1 3 1 1 1 1 1 1 1 1 1 1 1 1 1 1 1 1 1 1 1 1 1 1 1 1 1 1 1 1 1 1 1 1 1 1 1 1 1 1 1 1 1 1 1 1 1 1 1 1 1 100 1 1 100 1 1 1 100 1 1 1 100 1 1 1 100 1 1 1 100 1 1 1 100 1 1 1 1 1 1 1 1 1 1 1 1 100 1 1 1 1 1 1 1
ciInstanceKlass java/io/ObjectInputStream$PeekInputStream 1 1 74 10 7 12 1 1 1 9 7 12 1 1 1 9 12 1 1 9 12 1 1 10 12 1 1 10 12 1 10 100 1 10 10 12 1 1 10 12 1 10 12 1 1 1 1 1 1 1 1 1 1 100 1 1 1 1 1 1 1 100 1 1 1 1 1 1 1 1 1 1 100 1 1 1
ciInstanceKlass java/io/ObjectInputStream$HandleTable 1 1 120 100 1 10 7 12 1 1 1 9 7 12 1 1 1 9 12 1 9 12 1 1 9 12 1 1 7 1 9 12 1 1 10 12 1 100 1 10 12 1 1 10 10 12 1 1 100 1 10 10 12 1 10 12 1 1 10 7 12 1 1 1 10 12 1 10 7 12 1 1 1 1 1 1 3 1 3 1 3 1 1 1 1 1 1 1 1 1 1 1 1 1 1 1 1 1 1 1 1 1 1 1 1 1 1 1 1 1 1 1 1 1 1 1 1 1 1 1 1 1
ciInstanceKlass java/io/ObjectInputStream$HandleTable$HandleList 0 0 50 10 100 12 1 1 1 9 100 12 1 1 1 9 12 1 1 10 100 12 1 1 1 100 1 10 1 1 1 1 1 1 1 1 1 1 1 1 1 1 1 1 1 100 1 1 100 1 1 1
ciInstanceKlass java/io/ObjectStreamClass 1 1 1221 10 7 12 1 1 1 9 12 1 1 9 12 1 1 9 12 1 1 100 1 10 12 1 1 10 7 12 1 1 1 7 1 10 12 1 1 9 12 1 1 10 12 1 1 10 7 12 1 1 1 10 100 12 1 1 1 10 7 12 1 1 1 10 100 12 1 1 1 10 12 1 1 10 12 1 1 10 12 1 1 100 1 10 12 10 12 1 1 8 1 10 12 1 10 12 1 8 1 10 12 1 1 7 1 10 12 1 1 9 7 12 1 1 1 10 7 12 1 1 1 10 7 1 9 12 1 10 12 1 10 7 12 1 1 9 12 1 7 1 9 12 1 10 12 1 9 12 1 7 1 9 12 1 10 12 1 9 12 1 1 9 12 1 7 1 10 12 1 10 12 1 1 9 12 1 1 9 12 1 10 12 1 1 9 12 1 1 100 1 100 1 10 12 1 9 12 1 1 100 1 8 1 10 12 1 9 12 1 1 8 1 9 12 1 1 8 1 10 7 12 1 1 8 1 9 12 1 9 12 1 100 1 10 10 100 12 1 1 100 1 10 12 1 10 7 12 1 1 10 12 1 1 7 1 10 11 100 12 1 1 1 11 12 1 10 12 1 11 12 1 1 100 1 8 1 10 12 1 9 12 1 1 9 12 1 1 9 12 1 9 12 1 8 1 8 1 8 1 10 12 1 8 1 8 1 10 10 12 1 1 8 1 8 1 8 1 8 1 9 12 1 9 12 1 1 9 12 1 9 12 1 1 9 12 1 9 12 1 9 12 1 9 12 1 100 1 10 10 7 12 1 1 10 7 12 1 1 10 12 1 10 12 1 1 100 1 8 1 8 1 10 12 1 10 12 1 1 8 1 10 12 1 10 12 1 10 7 12 1 1 10 12 1 100 1 8 1 10 12 1 10 12 1 10 100 12 1 1 10 12 1 1 10 12 1 1 10 12 1 1 10 12 1 10 12 1 1 10 10 12 1 10 12 1 10 12 1 8 1 10 8 1 10 12 1 1 9 12 1 10 7 12 1 1 10 12 1 10 12 1 10 12 1 1 10 100 12 1 1 1 18 12 1 1 10 12 1 1 100 1 10 12 1 11 100 12 1 1 1 100 1 10 12 1 1 100 1 100 1 100 1 100 1 10 10 12 1 1 100 1 10 10 7 12 1 1 1 10 100 1 10 12 1 100 1 100 1 100 1 9 12 1 1 10 12 1 1 7 1 10 10 12 10 12 1 8 1 10 7 1 10 12 1 10 10 12 1 1 10 7 12 1 1 1 10 12 1 10 7 10 12 1 1 10 12 1 10 12 1 1 10 12 1 10 12 1 10 12 1 10 8 1 10 10 12 1 1 10 12 1 1 100 1 10 12 1 1 10 12 1 1 10 12 1 100 1 7 1 9 12 1 1 10 7 12 1 1 1 8 1 10 12 1 18 12 1 100 1 10 12 1 1 10 12 1 10 10 10 12 1 1 10 12 1 10 12 1 1 10 12 1 10 12 1 1 10 12 1 10 12 1 100 1 8 1 10 12 1 10 12 1 1 10 7 12 1 1 1 10 12 1 10 12 1 8 1 10 12 1 1 10 7 1 10 10 12 1 7 1 10 12 1 1 11 8 1 10 10 12 1 10 12 1 100 1 10 12 1 10 12 1 1 8 1 10 12 1 1 100 1 10 100 1 10 12 1 10 10 10 12 1 1 10 12 1 10 12 1 1 100 1 10 12 1 100 1 10 10 12 1 9 12 1 1 11 100 1 9 9 12 1 10 12 1 8 1 8 10 12 1 1 10 12 1 100 1 10 8 10 12 1 1 10 12 1 100 1 10 10 12 1 8 1 10 100 12 1 1 1 10 12 1 1 10 12 1 1 10 100 12 1 1 1 100 1 100 1 10 12 1 10 7 1 9 12 1 7 1 7 1 10 12 1 11 10 12 1 1 10 11 12 1 1 8 1 10 12 1 10 12 1 10 12 1 1 10 12 1 1 18 12 1 1 11 100 12 1 1 1 18 12 1 11 12 1 10 100 12 1 1 10 100 12 1 1 1 10 10 12 1 9 12 7 1 10 10 12 1 1 1 5 0 1 1 1 1 1 1 1 1 1 1 1 1 1 1 1 1 1 1 1 1 1 1 1 1 1 1 1 1 1 1 1 1 1 1 1 1 1 1 1 1 1 1 1 1 1 1 1 1 1 1 1 1 1 1 1 1 1 1 1 1 1 1 1 1 1 1 1 1 1 1 1 1 1 1 1 1 1 1 1 1 1 1 1 1 1 1 1 1 1 1 1 1 1 1 1 1 100 1 100 1 1 1 1 1 1 1 1 1 1 1 1 1 1 1 1 1 1 1 1 1 1 1 1 1 1 1 1 1 1 1 1 1 1 1 1 1 1 1 1 1 1 1 1 1 1 1 1 1 1 1 1 1 1 1 1 1 1 1 1 1 1 1 1 1 1 1 1 1 1 1 1 1 1 1 1 1 1 1 1 1 1 100 1 1 1 1 1 1 1 1 1 1 1 1 1 1 1 1 1 1 1 1 1 1 1 1 1 1 1 1 1 100 100 100 100 100 1 1 1 1 1 1 1 1 1 1 1 1 1 1 1 1 1 100 1 1 1 1 1 1 1 1 100 1 100 1 100 1 100 1 100 1 100 1 100 1 1 16 15 10 12 15 10 12 16 16 15 10 100 1 16 1 16 1 15 10 12 16 15 10 100 12 1 1 1 1 1 1 1 1 1 1 1 1 1 1 1 1
staticfield java/io/ObjectStreamClass NO_FIELDS [Ljava/io/ObjectStreamField; 0 [Ljava/io/ObjectStreamField;
staticfield java/io/ObjectStreamClass serialPersistentFields [Ljava/io/ObjectStreamField; 0 [Ljava/io/ObjectStreamField;
staticfield java/io/ObjectStreamClass reflFactory Ljdk/internal/reflect/ReflectionFactory; jdk/internal/reflect/ReflectionFactory
staticfield java/io/ObjectStreamClass $assertionsDisabled Z 1
ciInstanceKlass java/io/ObjectStreamClass$FieldReflector 1 1 330 10 7 12 1 1 1 9 7 12 1 1 1 9 12 1 1 9 12 1 9 12 1 1 9 12 1 1 7 1 10 7 1 10 10 7 12 1 1 1 9 12 1 1 10 7 12 1 1 1 5 0 10 7 12 1 1 1 11 7 12 1 1 1 10 12 1 1 10 12 1 1 10 12 1 1 10 7 12 1 1 1 10 10 12 1 7 1 10 12 1 1 7 1 9 12 1 9 12 1 1 100 1 10 10 12 1 1 10 7 12 1 1 1 10 12 1 1 10 12 1 1 10 12 1 1 10 12 1 1 10 12 1 1 10 12 1 1 10 12 1 1 10 12 1 1 10 12 1 1 10 12 1 1 10 12 1 1 10 12 1 1 10 12 1 1 100 1 10 10 12 1 10 12 1 1 10 12 1 1 10 12 1 10 12 1 1 10 12 1 10 12 1 1 10 12 1 10 12 1 1 10 12 1 10 12 1 1 10 12 1 10 12 1 1 10 12 1 10 12 1 1 10 12 1 1 10 12 1 1 10 12 1 100 1 100 1 10 8 1 10 12 1 1 10 12 1 10 12 1 1 8 1 10 12 1 8 1 10 8 1 8 1 10 12 1 10 12 1 10 12 1 1 10 12 1 1 1 1 1 1 1 1 1 1 1 1 1 1 1 1 1 1 1 1 1 1 1 1 1 1 100 100 1 1 1 1 1 1 1 1 1 1 1 1 1 1 100 1 1 1 1 1 1 1 1 100 1 1 1
staticfield java/io/ObjectStreamClass$FieldReflector UNSAFE Ljdk/internal/misc/Unsafe; jdk/internal/misc/Unsafe
ciInstanceKlass java/io/ObjectStreamClass$ClassDataSlot 1 1 30 10 7 12 1 1 1 9 7 12 1 1 1 9 12 1 1 1 1 1 1 1 1 1 1 1 100 1 1 1
instanceKlass java/io/ObjectInputStream$FieldValues
ciInstanceKlass java/io/ObjectInputStream$GetField 1 1 40 10 7 12 1 1 1 100 1 1 1 1 1 1 1 1 1 1 1 100 1 1 1 1 1 1 1 1 1 1 1 100 1 1 1 1 100 1 1 1
ciInstanceKlass java/io/ObjectInputStream$FieldValues 1 1 271 9 7 12 1 1 1 10 7 12 1 1 1 9 12 1 1 10 7 12 1 1 1 9 12 1 1 9 7 12 1 1 1 10 7 12 1 1 1 10 12 1 7 1 9 12 1 1 9 12 1 1 9 12 1 1 10 12 1 1 10 7 12 1 1 1 10 12 1 1 10 12 1 1 9 12 1 1 10 7 12 1 1 1 10 12 1 1 9 100 12 1 1 1 10 100 12 1 1 1 9 100 1 9 100 1 10 12 1 1 9 100 1 10 12 1 1 9 100 1 10 12 1 1 9 100 1 10 12 1 1 9 100 1 10 12 1 1 9 100 1 10 12 1 1 10 12 1 1 9 100 12 1 1 1 10 12 1 1 10 12 1 1 10 12 1 10 12 1 10 12 1 10 12 1 1 100 1 100 1 10 8 1 10 12 1 1 8 1 10 12 1 10 12 1 1 10 12 1 1 1 1 1 1 1 1 1 1 1 1 1 1 1 1 1 1 100 100 100 100 1 100 1 1 1 1 1 1 1 1 1 1 1 1 1 1 1 1 1 1 1 1 1 1 1 1 1 1 1 1 100 1 1 1 1 1 1 1 1 1 1 1 1 1 1 1 1 1 1 1 1
ciInstanceKlass java/io/SerialCallbackContext 1 1 71 10 7 12 1 1 1 9 7 12 1 1 1 9 12 1 1 10 7 12 1 1 1 9 12 1 1 10 12 1 100 1 100 1 10 8 1 10 12 1 1 10 12 1 8 1 10 12 1 1 10 12 1 8 1 1 1 1 1 1 1 1 1 1 1 1 1 1 1 1 1
ciInstanceKlass  @bci jdk/internal/reflect/DirectConstructorHandleAccessor invokeImpl ([Ljava/lang/Object;)Ljava/lang/Object; 88 <adapter> ; 1 1 47 1 7 1 100 1 1 1 1 1 1 1 7 1 7 1 7 1 1 12 10 1 1 12 10 1 1 12 10 1 1 1 1 1 7 1 1 12 10 1 7 12 9 1 1 1 1
staticfield  @bci jdk/internal/reflect/DirectConstructorHandleAccessor invokeImpl ([Ljava/lang/Object;)Ljava/lang/Object; 88 <adapter> ; _D_0 Ljava/lang/invoke/LambdaForm; java/lang/invoke/LambdaForm
ciInstanceKlass hudson/Functions 1 1 2812 10 7 12 1 1 1 9 7 12 1 1 1 10 7 12 1 1 1 18 12 1 1 100 1 100 1 100 1 10 12 1 1 10 7 12 1 1 1 8 1 10 7 12 1 1 1 9 100 12 1 1 1 10 100 12 1 1 1 10 100 12 1 1 1 10 100 1 100 1 10 12 1 1 10 12 1 9 12 1 10 100 12 1 1 1 10 100 12 1 1 1 10 12 1 10 10 100 12 1 1 1 10 12 1 10 7 12 1 1 1 10 12 1 1 9 7 12 1 1 1 10 12 1 1 10 12 1 1 10 7 12 1 1 1 11 7 12 1 1 1 10 7 12 1 1 1 10 12 1 1 11 7 12 1 1 1 11 12 1 10 8 1 10 7 12 1 1 1 8 1 8 1 10 12 1 18 12 1 8 1 18 8 1 10 7 12 1 1 1 8 1 8 1 11 12 1 1 10 7 12 1 1 1 10 100 12 1 1 1 100 1 10 12 1 1 10 12 1 1 100 1 10 12 1 18 10 12 1 10 12 1 100 1 10 12 1 1 8 1 10 100 12 1 1 1 18 12 8 1 18 12 1 18 7 1 10 10 12 1 1 10 12 1 10 12 1 10 12 11 12 1 1 11 100 12 1 1 1 11 7 12 1 1 11 12 1 1 7 1 11 12 1 100 1 11 12 1 1 11 12 1 18 11 12 1 10 12 1 1 10 12 1 18 12 10 12 1 100 1 10 12 1 11 100 12 1 1 1 10 12 1 1 8 1 10 12 1 1 10 7 12 1 1 10 100 12 1 1 1 18 10 7 12 1 1 1 10 100 12 1 1 1 10 100 12 1 1 1 100 1 10 100 12 1 1 1 10 12 1 10 12 1 9 100 12 1 1 1 9 7 12 1 1 1 9 7 12 1 1 1 11 12 1 1 7 1 9 12 1 1 9 12 1 1 10 7 12 1 1 10 12 1 1 8 1 8 1 10 12 1 18 10 100 12 1 1 10 12 1 10 12 1 18 10 10 12 1 18 10 12 1 1 8 1 10 12 1 10 12 1 10 12 1 10 12 1 1 10 100 12 1 1 10 12 1 1 18 100 1 10 12 1 10 100 12 1 1 1 11 7 12 1 1 1 10 10 100 12 1 1 1 10 100 12 1 1 1 10 12 1 9 12 1 1 10 7 12 1 1 1 10 100 12 1 1 7 1 8 1 10 12 1 10 12 1 1 10 12 1 11 100 12 1 1 1 11 12 1 11 12 1 1 10 100 12 1 1 1 10 12 1 1 10 7 12 1 10 12 1 10 12 1 10 100 12 1 1 1 10 12 1 1 10 12 1 1 10 12 1 1 10 12 1 1 9 100 12 1 1 1 10 12 1 10 12 1 10 12 1 11 12 1 11 12 1 10 12 1 1 100 1 18 18 10 12 1 1 8 1 10 12 1 10 12 1 10 12 1 1 10 12 1 9 100 12 1 1 1 10 100 12 1 1 10 12 1 8 1 8 1 10 12 1 1 8 1 8 1 8 1 8 1 10 12 1 10 12 1 10 12 1 1 8 1 8 1 10 12 1 1 11 7 12 1 1 10 7 12 1 1 11 7 1 10 12 1 1 11 12 1 10 10 12 1 11 12 1 8 1 11 12 1 8 1 11 12 1 8 1 10 12 1 1 9 12 1 1 8 1 10 12 1 8 1 10 100 12 1 1 1 10 100 12 1 1 1 10 100 12 1 1 1 10 100 12 1 1 1 10 100 1 10 100 1 10 100 12 1 1 1 10 100 1 10 100 12 1 1 1 100 1 10 12 1 1 10 100 1 10 100 1 10 100 1 10 100 1 10 100 1 10 100 1 11 100 1 100 1 10 12 1 1 11 12 1 10 12 1 100 1 10 100 12 1 1 1 10 10 10 12 1 100 1 10 12 1 10 12 1 10 12 1 1 10 12 1 1 11 100 12 1 100 1 10 12 1 1 10 12 1 10 12 1 9 12 1 1 11 100 12 1 1 18 12 1 10 12 1 1 18 18 18 11 12 1 1 10 12 1 11 12 1 1 18 12 1 10 100 12 1 1 1 11 12 1 1 10 12 1 11 100 12 1 1 8 1 10 12 1 8 1 10 12 18 10 100 12 1 1 1 10 100 12 1 1 1 100 1 10 11 12 1 11 100 12 1 1 1 100 1 11 12 1 10 12 1 11 100 12 1 1 1 11 12 1 10 12 1 1 11 100 12 1 1 9 12 1 1 100 1 10 18 11 10 100 12 1 1 1 10 12 1 1 10 11 100 12 1 1 11 12 1 11 12 1 8 1 10 12 1 10 12 1 1 11 12 11 10 12 1 8 1 10 12 1 1 100 1 10 10 12 1 10 100 12 1 1 1 11 12 1 10 100 12 1 1 1 11 100 12 1 1 11 12 1 11 12 1 1 100 1 10 10 100 12 1 1 10 12 1 1 10 100 12 1 1 10 12 1 8 1 10 12 1 1 18 12 1 10 10 12 1 18 10 12 1 10 12 1 18 12 1 10 12 1 8 1 10 12 1 8 1 10 12 1 1 8 1 10 12 1 10 12 1 1 9 100 12 1 1 1 10 100 12 1 8 1 8 1 10 12 1 1 10 100 12 1 1 8 1 10 12 1 1 18 8 1 10 12 1 8 1 8 1 8 1 10 10 100 12 1 1 1 18 12 1 9 12 1 9 12 1 9 12 1 1 9 12 1 10 12 1 18 12 1 11 12 1 1 10 12 1 10 100 12 1 1 100 1 10 10 12 1 1 11 100 1 8 1 8 1 8 1 100 1 10 12 1 1 100 1 10 10 12 1 10 12 1 10 12 1 10 12 1 1 8 1 18 8 1 10 18 10 12 1 10 12 1 10 10 100 1 10 12 1 10 12 1 10 100 1 9 12 1 10 12 1 1 8 1 10 12 1 1 10 100 12 1 1 1 9 100 12 1 1 1 10 100 12 1 10 12 1 1 10 100 12 1 1 1 11 100 12 1 1 1 10 11 12 1 1 10 10 11 12 1 10 10 12 1 100 1 10 7 12 1 1 1 9 12 1 1 8 1 10 12 1 1 10 12 1 1 11 100 12 1 1 11 100 12 1 1 1 10 100 12 1 1 1 100 1 10 10 12 1 8 1 100 1 10 10 12 1 100 1 10 12 1 10 12 1 1 8 1 10 100 12 1 1 8 1 10 12 1 11 12 1 1 10 100 1 8 1 10 100 12 1 1 100 1 11 12 1 11 12 1 18 11 12 1 1 10 7 12 1 1 10 7 12 1 1 1 10 12 10 100 1 10 7 1 10 12 1 1 10 12 1 1 10 12 10 12 1 1 10 7 12 1 1 11 12 1 10 7 12 1 10 100 1 10 18 10 12 1 8 1 8 1 10 12 1 8 1 8 1 10 100 1 10 100 1 9 18 10 10 10 100 12 1 1 1 10 12 1 1 11 100 12 1 1 11 12 1 100 1 100 1 8 1 10 10 100 1 9 12 1 9 12 1 11 8 1 11 12 1 9 12 1 1 11 11 10 12 1 10 100 12 1 1 1 8 1 100 1 9 10 11 9 10 10 12 1 8 1 10 12 8 1 9 12 1 1 18 12 1 10 12 1 9 12 1 10 12 1 1 10 12 1 1 10 8 1 10 12 1 10 12 1 1 18 11 100 12 1 1 10 100 12 1 1 1 11 12 1 1 9 7 12 1 1 8 1 10 8 1 8 1 10 12 1 100 1 10 12 1 11 12 1 11 12 1 1 10 12 1 10 8 1 11 12 1 11 12 1 1 100 1 10 10 100 1 18 12 1 11 100 12 1 1 1 10 12 10 100 12 1 1 1 10 12 1 8 1 5 0 18 12 1 6 0 8 1 8 1 8 1 8 1 100 1 8 1 10 10 12 1 8 1 8 1 10 12 1 8 1 8 1 8 1 8 1 11 7 12 1 1 1 8 1 8 1 9 12 1 10 100 12 1 1 1 10 12 1 1 100 1 11 12 1 9 12 1 1 10 12 1 1 10 12 1 1 10 12 1 10 12 1 18 10 12 1 18 8 1 10 12 1 1 10 100 12 1 1 18 12 1 10 12 1 1 10 12 1 8 1 8 1 8 1 8 1 8 1 8 1 10 12 1 6 0 10 12 1 1 10 12 100 1 10 11 12 1 18 18 11 12 1 10 12 1 1 10 100 12 1 1 1 8 1 10 12 1 10 12 1 10 100 1 18 18 10 12 1 1 18 12 1 1 11 12 1 1 10 100 12 1 1 10 12 1 1 18 12 1 1 11 12 1 1 11 12 1 1 11 100 1 11 12 18 12 1 1 11 12 1 1 11 12 1 1 11 10 100 1 8 1 8 1 8 1 11 12 1 18 12 1 11 12 1 1 8 1 8 1 8 1 10 100 1 10 12 10 100 12 1 1 1 18 11 12 1 1 100 1 10 12 1 11 12 1 10 100 12 1 1 9 12 1 1 100 1 11 12 1 10 12 1 1 8 1 10 12 1 10 12 18 100 1 9 12 1 9 100 12 1 1 1 11 12 1 10 12 1 10 18 8 1 10 12 1 1 8 1 1 1 1 1 1 3 1 1 1 1 1 1 1 1 1 1 1 1 1 1 1 1 1 1 1 1 1 1 1 1 1 1 1 1 1 1 1 1 1 1 1 1 1 1 1 1 1 1 1 1 1 1 1 1 1 1 1 1 1 100 1 1 1 1 1 1 1 1 1 1 1 1 1 1 1 1 1 1 1 1 1 1 1 1 1 1 1 1 1 1 1 1 1 1 1 1 1 1 1 1 1 1 1 1 1 1 1 1 1 1 1 1 1 1 1 1 1 1 1 1 1 1 1 1 1 1 1 1 1 1 1 1 100 1 1 1 1 1 1 1 1 1 1 1 1 1 1 1 100 1 1 1 1 1 1 1 1 1 1 1 1 1 1 1 1 1 1 1 1 1 1 1 1 1 1 1 1 1 1 1 1 1 1 1 1 1 1 1 1 1 1 1 1 1 1 1 1 1 1 1 1 1 1 1 1 1 1 1 1 1 1 1 1 1 1 1 1 1 1 1 1 1 1 1 1 1 1 1 1 1 1 1 1 1 1 1 1 1 1 1 1 1 1 1 1 1 1 1 1 1 1 1 1 1 1 1 1 1 1 1 1 1 1 1 1 1 1 1 1 1 1 1 1 1 1 1 7 1 1 1 1 1 1 1 1 1 1 1 1 1 1 1 1 1 1 1 1 1 1 1 1 1 1 1 1 1 1 1 1 1 1 1 1 1 1 1 1 1 1 1 1 1 1 1 1 1 1 1 1 1 1 1 1 1 1 1 1 100 100 1 100 1 1 1 1 1 1 1 1 7 1 1 1 1 1 1 1 1 1 1 1 1 1 1 1 1 1 1 1 1 1 1 100 1 1 1 1 1 1 1 1 1 1 1 1 1 1 1 1 1 1 1 1 1 7 1 1 1 1 1 1 1 1 1 1 1 1 1 1 1 1 1 1 1 1 1 1 1 1 1 1 1 1 1 1 1 1 1 1 1 1 1 1 1 1 1 1 1 1 1 1 1 1 1 1 1 1 1 1 1 1 1 1 1 1 1 1 1 1 1 1 1 1 1 1 1 1 1 1 1 1 1 1 1 1 1 1 1 1 1 1 1 1 1 1 1 1 1 1 1 1 1 1 1 1 1 1 1 1 1 1 1 1 1 1 1 1 1 1 1 1 1 1 1 1 1 1 1 1 1 1 1 1 1 1 1 1 1 1 1 1 1 1 1 1 1 1 1 1 1 1 1 1 1 1 1 1 1 1 1 1 1 1 100 1 1 1 1 1 1 1 1 100 1 1 1 1 1 1 1 1 1 1 1 1 1 1 1 1 1 1 1 1 1 1 1 1 1 1 1 1 1 1 1 1 1 1 1 1 1 1 100 1 1 8 1 8 1 8 1 8 1 8 1 8 1 8 1 8 1 8 1 8 1 8 1 8 1 8 1 8 1 8 1 8 1 16 15 10 12 16 15 10 12 15 10 12 15 10 12 16 15 16 1 8 1 8 1 8 1 8 1 8 1 8 1 8 1 8 1 8 1 8 1 8 1 8 1 15 10 12 16 15 10 12 16 16 15 10 16 1 8 1 15 10 12 15 10 12 15 10 12 16 15 10 12 15 10 12 16 15 16 1 16 1 15 10 12 16 1 16 15 10 12 16 1 16 15 10 16 1 15 10 12 15 10 12 16 8 1 8 1 15 10 7 12 1 1 15 10 100 12 1 1 1 1 100 1 1 1 100 1 1 1 1 1 1 100 1 1 100 1 1 1 1 1 100 1 1 1 100 1 1 100 1 100 1 1
staticfield hudson/Functions iota Ljava/util/concurrent/atomic/AtomicLong; java/util/concurrent/atomic/AtomicLong
staticfield hudson/Functions ICON_SIZE Ljava/util/regex/Pattern; java/util/regex/Pattern
staticfield hudson/Functions formatter Ljava/util/logging/SimpleFormatter; java/util/logging/SimpleFormatter
staticfield hudson/Functions LINE_END Ljava/util/regex/Pattern; java/util/regex/Pattern
staticfield hudson/Functions $assertionsDisabled Z 1
ciInstanceKlass jdk/proxy2/$Proxy7 1 1 170 1 7 1 7 1 100 1 1 12 10 1 1 1 1 1 100 1 100 1 7 1 1 12 9 12 9 1 7 1 1 12 11 1 100 1 12 10 1 100 1 12 10 1 1 1 12 9 1 100 1 100 1 1 12 10 1 1 1 12 9 1 7 1 1 1 12 9 1 7 1 1 12 9 1 1 1 12 9 1 7 1 1 12 9 1 1 12 9 1 1 12 9 1 1 1 12 9 1 7 1 1 1 100 1 100 1 1 12 10 1 8 1 1 12 10 8 1 1 12 10 8 8 1 8 8 8 8 8 8 8 8 1 100 1 12 10 1 12 10 1 100 10 1 100 1 1 1 100 1 100 1 12 10 1 12 10 1 100 1 1 12 10 12 10 10 1 1 1 1
staticfield jdk/proxy2/$Proxy7 m0 Ljava/lang/reflect/Method; java/lang/reflect/Method
staticfield jdk/proxy2/$Proxy7 m1 Ljava/lang/reflect/Method; java/lang/reflect/Method
staticfield jdk/proxy2/$Proxy7 m2 Ljava/lang/reflect/Method; java/lang/reflect/Method
staticfield jdk/proxy2/$Proxy7 m3 Ljava/lang/reflect/Method; java/lang/reflect/Method
staticfield jdk/proxy2/$Proxy7 m4 Ljava/lang/reflect/Method; java/lang/reflect/Method
staticfield jdk/proxy2/$Proxy7 m5 Ljava/lang/reflect/Method; java/lang/reflect/Method
staticfield jdk/proxy2/$Proxy7 m6 Ljava/lang/reflect/Method; java/lang/reflect/Method
staticfield jdk/proxy2/$Proxy7 m7 Ljava/lang/reflect/Method; java/lang/reflect/Method
staticfield jdk/proxy2/$Proxy7 m8 Ljava/lang/reflect/Method; java/lang/reflect/Method
staticfield jdk/proxy2/$Proxy7 m9 Ljava/lang/reflect/Method; java/lang/reflect/Method
ciInstanceKlass net/java/sezpoz/impl/SerAnnotatedElement 1 1 111 10 9 9 9 9 10 7 10 10 10 10 100 10 10 10 10 100 10 10 10 8 10 10 10 100 100 100 1 1 1 5 0 1 1 1 1 1 1 1 1 1 1 1 1 1 1 1 1 1 1 1 1 1 1 1 1 1 1 100 1 1 100 1 1 1 100 1 1 1 1 1 1 12 12 12 12 12 7 12 1 12 7 12 12 1 12 12 12 1 12 12 12 1 12 12 1 1 1 1 1 1 1 1 1 1 1 1 1 1 1
ciInstanceKlass com/google/inject/internal/$Proxy26 1 1 139 1 7 1 7 1 100 1 1 12 10 1 1 1 1 1 100 1 100 1 7 1 1 12 9 12 9 1 7 1 1 12 11 1 100 1 12 10 1 100 1 12 10 1 1 1 12 9 1 100 1 100 1 1 12 10 1 1 1 12 9 1 7 1 1 12 9 1 1 1 12 9 1 7 1 1 1 100 1 100 1 1 12 10 1 8 1 1 12 10 8 1 1 12 10 8 8 1 8 8 8 1 100 1 12 10 1 12 10 1 100 10 1 100 1 1 1 100 1 100 1 12 10 1 12 10 1 100 1 1 12 10 12 10 10 1 1 1 1
staticfield com/google/inject/internal/$Proxy26 m0 Ljava/lang/reflect/Method; java/lang/reflect/Method
staticfield com/google/inject/internal/$Proxy26 m1 Ljava/lang/reflect/Method; java/lang/reflect/Method
staticfield com/google/inject/internal/$Proxy26 m2 Ljava/lang/reflect/Method; java/lang/reflect/Method
staticfield com/google/inject/internal/$Proxy26 m3 Ljava/lang/reflect/Method; java/lang/reflect/Method
staticfield com/google/inject/internal/$Proxy26 m4 Ljava/lang/reflect/Method; java/lang/reflect/Method
ciInstanceKlass java/lang/invoke/WrongMethodTypeException 0 0 34 10 100 12 1 1 1 10 12 1 10 12 1 10 12 1 100 1 1 1 1 5 0 1 1 1 1 1 1 1 1 1 1 1
ciInstanceKlass sun/net/www/http/KeepAliveStream 1 1 198 10 7 12 1 1 1 9 7 12 1 1 1 9 12 1 1 10 12 1 1 9 12 1 10 12 1 9 12 1 1 9 12 1 10 12 1 1 10 100 12 1 1 1 10 12 1 1 9 7 12 1 1 1 9 12 1 7 1 10 12 1 10 12 1 1 10 7 12 1 1 10 12 1 9 12 1 1 100 1 8 1 10 12 1 10 100 1 100 1 10 12 1 10 12 1 1 100 1 10 12 9 12 1 1 10 10 12 1 1 10 12 1 1 10 12 1 1 10 10 12 1 10 12 1 9 12 1 1 10 7 12 1 1 7 1 10 12 10 7 12 1 1 1 9 12 1 10 12 1 100 1 10 10 7 12 1 1 10 100 1 1 1 1 1 1 1 1 1 1 1 100 1 1 1 1 1 1 1 1 1 1 1 1 1 1 1 1 1 1 1 1 1 1 1 1 1 1
staticfield sun/net/www/http/KeepAliveStream queue Lsun/net/www/http/KeepAliveStreamCleaner; sun/net/www/http/KeepAliveStreamCleaner
staticfield sun/net/www/http/KeepAliveStream $assertionsDisabled Z 1
ciInstanceKlass java/io/StreamCorruptedException 0 0 26 10 100 12 1 1 1 10 12 1 100 1 1 1 1 5 0 1 1 1 1 1 1 1 1 1
ciInstanceKlass jdk/internal/reflect/DirectMethodHandleAccessor$NativeAccessor 1 1 130 10 7 12 1 1 1 9 7 12 1 1 1 10 100 12 1 1 1 100 1 10 9 12 1 1 9 12 1 9 12 1 10 12 1 1 10 100 12 1 1 1 100 1 10 100 12 1 1 1 10 100 12 1 1 1 10 12 1 1 10 100 12 1 1 1 100 1 100 1 100 1 100 1 100 1 10 12 1 9 12 1 1 10 12 1 1 7 1 10 7 12 1 1 1 1 1 1 1 1 1 1 1 1 1 1 1 1 1 1 1 1 1 1 1 1 100 1 1 1 1 100 1 1 1 1 1 1 1 1
staticfield jdk/internal/reflect/DirectMethodHandleAccessor$NativeAccessor $assertionsDisabled Z 1
ciMethodData java/lang/Object <init> ()V 2 4109867 orig 80 1 0 0 0 0 0 0 0 0 0 0 0 0 0 0 0 0 0 0 0 0 0 0 0 0 0 0 0 0 0 0 0 0 0 0 0 0 0 0 0 0 0 0 0 0 0 0 0 0 0 0 0 0 0 0 0 0 0 0 0 0 0 0 0 0 0 0 0 0 0 0 0 0 0 0 0 0 0 0 0 data 4 0x0 0x9 0x1 0x0 oops 0 methods 0
ciMethodData java/util/Objects requireNonNull (Ljava/lang/Object;)Ljava/lang/Object; 2 669761 orig 80 0 0 0 0 0 0 0 0 0 0 0 0 86 2 0 0 0 0 0 0 0 0 0 0 0 0 0 0 0 0 0 0 0 0 0 0 0 0 0 0 0 0 0 0 0 0 0 0 0 0 0 0 0 0 0 0 0 0 0 0 0 0 0 0 0 0 0 0 0 0 0 0 0 0 0 0 0 0 0 0 data 15 0x10007 0xa3887 0x30 0x0 0x80002 0x0 0x0 0x0 0x0 0x0 0x0 0x0 0x9 0x1 0x0 oops 0 methods 0
ciMethodData java/util/HashMap hash (Ljava/lang/Object;)I 2 89191 orig 80 0 0 0 0 0 0 0 0 0 0 0 0 0 0 0 0 0 0 0 0 0 0 0 0 0 0 0 0 0 0 0 0 0 0 0 0 0 0 0 0 0 0 0 0 0 0 0 0 0 0 0 0 0 0 0 0 0 0 0 0 0 0 0 0 0 0 0 0 0 0 0 0 0 0 0 0 0 0 0 0 data 23 0x10007 0x15c5c 0x38 0x10 0x50003 0x10 0x50 0x90005 0xbcfd 0x0 0x2563f13f328 0x9d95 0x2563f140b98 0x1d1 0x0 0x0 0x0 0x0 0x0 0x0 0x9 0x1 0xffffffffffffffff oops 2 10 java/lang/String 12 java/lang/Module methods 0
ciMethodData java/util/HashMap getNode (Ljava/lang/Object;)Ljava/util/HashMap$Node; 2 7830 orig 80 0 0 0 0 0 0 0 0 0 0 0 0 0 0 0 0 0 0 0 0 0 0 0 0 0 0 0 0 0 0 0 0 0 0 0 0 0 0 0 0 0 0 0 0 0 0 0 0 0 0 0 0 0 0 0 0 0 0 0 0 0 0 0 0 0 0 0 0 0 0 0 0 0 0 0 0 0 0 0 0 data 103 0x60007 0x1e9 0x2e8 0x1cae 0xe0007 0x0 0x2c8 0x1cae 0x170002 0x1cae 0x210007 0xaaf 0x298 0x11ff 0x2a0007 0x625 0xb8 0xbda 0x350007 0x259 0x98 0x981 0x390007 0x0 0x78 0x981 0x3f0005 0x33 0x0 0x2563f13f328 0x94b 0x25685f7f908 0x3 0x420007 0x0 0x20 0x981 0x4e0007 0x41d 0x1c0 0x208 0x520004 0xfffffffffffffdf8 0x0 0x25685f7a688 0x1a 0x25685f7f9b8 0x2 0x550007 0x208 0x90 0x0 0x590004 0x0 0x0 0x0 0x0 0x0 0x0 0x5f0005 0x0 0x0 0x0 0x0 0x0 0x0 0x6a0007 0x16f 0xb8 0xe2 0x760007 0x70 0x98 0x72 0x7a0007 0x0 0x78 0x72 0x800005 0x5 0x0 0x25685f7fa68 0x1 0x2563f13f328 0x6c 0x830007 0x0 0x20 0x72 0x910007 0x49 0xffffffffffffff48 0x126 0x0 0x0 0x0 0x0 0x0 0x0 0x9 0x2 0x0 0xffffffffffffffff oops 6 29 java/lang/String 31 java/util/zip/ZipFile$Source$Key 44 java/util/HashMap$Node 46 java/util/LinkedHashMap$Entry 81 java/util/jar/Attributes$Name 83 java/lang/String methods 0
ciMethod java/io/IOException <init> (Ljava/lang/String;Ljava/lang/Throwable;)V 236 0 118 0 -1
ciMethod java/lang/reflect/InvocationTargetException <init> (Ljava/lang/Throwable;)V 4 0 2 0 0
ciMethod java/lang/reflect/InvocationTargetException getCause ()Ljava/lang/Throwable; 0 0 1 0 0
ciMethodData java/lang/System getSecurityManager ()Ljava/lang/SecurityManager; 2 137742 orig 80 0 0 0 0 0 0 0 0 0 0 0 0 86 2 0 0 0 0 0 0 0 0 0 0 0 0 0 0 0 0 0 0 0 0 0 0 0 0 0 0 0 0 0 0 0 0 0 0 0 0 0 0 0 0 0 0 0 0 0 0 0 0 0 0 0 0 0 0 0 0 0 0 0 0 0 0 0 0 0 0 data 14 0x2 0x21a0f 0x30007 0x21a0f 0x20 0x0 0x0 0x0 0x0 0x0 0x0 0x0 0x9 0x0 oops 0 methods 0
ciMethodData java/lang/System allowSecurityManager ()Z 2 137745 orig 80 0 0 0 0 0 0 0 0 0 0 0 0 86 2 0 0 0 0 0 0 0 0 0 0 0 0 0 0 0 0 0 0 0 0 0 0 0 0 0 0 0 0 0 0 0 0 0 0 0 0 0 0 0 0 0 0 0 0 0 0 0 0 0 0 0 0 0 0 0 0 0 0 0 0 0 0 0 0 0 0 data 11 0x40007 0x21a11 0x38 0x0 0x80003 0x0 0x18 0x0 0x0 0x9 0x0 oops 0 methods 0
ciMethodData java/lang/Class getClassLoader ()Ljava/lang/ClassLoader; 2 37799 orig 80 0 0 0 0 0 0 0 0 0 0 0 0 86 2 0 0 0 0 0 0 0 0 0 0 0 0 0 0 0 0 0 0 0 0 0 0 0 0 0 0 0 0 0 0 0 0 0 0 0 0 0 0 0 0 0 0 0 0 0 0 0 0 0 0 0 0 0 0 0 0 0 0 0 0 0 0 0 0 0 0 data 23 0x60007 0x472c 0x20 0x4c7b 0xb0002 0x472c 0x100007 0x472b 0x40 0x0 0x140002 0x0 0x170002 0x0 0x0 0x0 0x0 0x0 0x0 0x0 0x9 0x1 0x0 oops 0 methods 0
ciMethodData jdk/internal/util/Preconditions checkFromIndexSize (IIILjava/util/function/BiFunction;)I 2 309534 orig 80 0 0 0 0 0 0 0 0 0 0 0 0 86 2 0 0 0 0 0 0 0 0 0 0 0 0 0 0 0 0 0 0 0 0 0 0 0 0 0 0 0 0 0 0 0 0 0 0 0 0 0 0 0 0 0 0 0 0 0 0 0 0 0 0 0 0 0 0 0 0 0 0 0 0 0 0 0 0 0 0 data 22 0x50007 0x0 0x40 0x4b933 0xc0007 0x4b945 0x30 0x0 0x130002 0x0 0x0 0x0 0x0 0x0 0x0 0x0 0x9 0x4 0x0 0x0 0x0 0x0 oops 0 methods 0
ciMethodData java/util/Objects checkFromIndexSize (III)I 2 79582 orig 80 0 0 0 0 0 0 0 0 0 0 0 0 86 2 0 0 0 0 0 0 0 0 0 0 0 0 0 0 0 0 0 0 0 0 0 0 0 0 0 0 0 0 0 0 0 0 0 0 0 0 0 0 0 0 0 0 0 0 0 0 0 0 0 0 0 0 0 0 0 0 0 0 0 0 0 0 0 0 0 0 data 13 0x40002 0x136df 0x0 0x0 0x0 0x0 0x0 0x0 0x9 0x3 0x0 0x0 0x0 oops 0 methods 0
ciMethodData java/util/zip/InflaterInputStream read ([BII)I 2 12697 orig 80 3 0 0 0 0 0 0 0 0 0 0 0 86 2 0 0 0 0 0 0 0 0 0 4 4 0 0 0 0 0 0 0 0 0 0 0 0 0 0 1 0 0 0 0 0 0 0 0 0 0 0 0 0 0 0 0 0 0 0 0 0 0 0 0 0 0 0 0 0 0 0 0 0 0 0 0 0 0 0 0 data 109 0x10005 0x3199 0x0 0x0 0x0 0x0 0x0 0x50007 0x3199 0x30 0x0 0xc0002 0x0 0x140002 0x3199 0x8000000600190007 0x30cc 0x20 0xce 0x220005 0x0 0x0 0x25685fe5598 0x38d7 0x0 0x0 0x8000000800250007 0x107 0x78 0x37d4 0x2c0005 0x0 0x0 0x25685fe5598 0x37d4 0x0 0x0 0x2f0007 0x37d4 0x20 0x0 0x3d0005 0x0 0x0 0x25685fe5598 0x37d4 0x0 0x0 0x400007 0x551 0xb0 0x3283 0x470005 0x0 0x0 0x25685fe5598 0x3283 0x0 0x0 0x4a0007 0x80c 0x58 0x2a77 0x80000007004e0005 0x147e 0x0 0x2563f490190 0x15f0 0x25685fe77e8 0xd 0x580005 0x0 0x0 0x25685fe5598 0x37d8 0x0 0x0 0x5e0007 0x80b 0xfffffffffffffe30 0x2fcd 0x680005 0x0 0x0 0x0 0x0 0x0 0x0 0x730007 0x0 0x38 0x0 0x780003 0x0 0x18 0x7d0002 0x0 0x0 0x0 0x0 0x0 0x0 0x0 0x9 0x4 0xffffffffffffffff 0xffffffffffffffff 0x0 0x0 oops 7 22 java/util/zip/Inflater 33 java/util/zip/Inflater 44 java/util/zip/Inflater 55 java/util/zip/Inflater 66 java/util/zip/ZipFile$ZipFileInflaterInputStream 68 jdk/nio/zipfs/ZipFileSystem$2 73 java/util/zip/Inflater methods 0
ciMethodData java/util/zip/InflaterInputStream ensureOpen ()V 2 38356 orig 80 0 0 0 0 0 0 0 0 0 0 0 0 86 2 0 0 0 0 0 0 0 0 0 0 0 0 0 0 0 0 0 0 0 0 0 0 0 0 0 0 0 0 0 0 0 0 0 0 0 0 0 0 0 0 0 0 0 0 0 0 0 0 0 0 0 0 0 0 0 0 0 0 0 0 0 0 0 0 0 0 data 13 0x40007 0x95d4 0x30 0x0 0xd0002 0x0 0x0 0x0 0x0 0x0 0x9 0x1 0x0 oops 0 methods 0
ciMethodData java/util/zip/Inflater finished ()Z 2 13149 orig 80 0 0 0 0 0 0 0 0 0 0 0 0 86 2 0 0 0 0 0 0 0 0 0 0 0 0 0 0 0 0 0 0 0 0 0 0 0 0 0 0 0 0 0 0 0 0 0 0 0 0 0 0 0 0 0 0 0 0 0 0 0 0 0 0 0 0 0 0 0 0 0 0 0 0 0 0 0 0 0 0 data 7 0x0 0x0 0x0 0x0 0x9 0x1 0x0 oops 0 methods 0
ciMethodData java/util/zip/Inflater needsDictionary ()Z 2 14196 orig 80 0 0 0 0 0 0 0 0 0 0 0 0 86 2 0 0 0 0 0 0 0 0 0 0 0 0 0 0 0 0 0 0 0 0 0 0 0 0 0 0 0 0 0 0 0 0 0 0 0 0 0 0 0 0 0 0 0 0 0 0 0 0 0 0 0 0 0 0 0 0 0 0 0 0 0 0 0 0 0 0 data 7 0x0 0x0 0x0 0x0 0x9 0x1 0x0 oops 0 methods 0
ciMethodData java/util/zip/Inflater needsInput ()Z 2 5131 orig 80 0 0 0 0 0 0 0 0 0 0 0 0 86 2 0 0 0 0 0 0 0 0 0 0 0 0 0 0 0 0 0 0 0 0 0 0 0 0 0 0 0 0 0 0 0 0 0 0 0 0 0 0 0 0 0 0 0 0 0 0 0 0 0 0 0 0 0 0 0 0 0 0 0 0 0 0 0 0 0 0 data 37 0xd0007 0x179 0x70 0x1292 0x180007 0x19d 0x38 0x10f5 0x1c0003 0x10f5 0xa0 0x200003 0x19d 0x88 0x240005 0x179 0x0 0x0 0x0 0x0 0x0 0x270007 0x0 0x38 0x179 0x2b0003 0x179 0x18 0x0 0x0 0x0 0x0 0x0 0x0 0x9 0x1 0x0 oops 0 methods 0
ciMethodData java/util/zip/Inflater inflate ([BII)I 2 5198 orig 80 0 0 0 0 0 0 0 0 0 0 0 0 86 2 0 0 0 0 0 0 0 0 0 0 0 0 0 0 0 0 0 0 0 0 0 0 0 0 0 0 0 0 0 0 0 0 0 0 0 0 0 0 0 0 0 0 0 0 0 0 0 0 0 0 0 0 0 0 0 0 0 0 0 0 0 0 0 0 0 0 data 208 0x70002 0x144e 0x140005 0x144e 0x0 0x0 0x0 0x0 0x0 0x1f0007 0x0 0xa8 0x144e 0x2d0005 0x0 0x0 0x25688d57b20 0x144e 0x0 0x0 0x400005 0x144e 0x0 0x0 0x0 0x0 0x0 0x450003 0x144e 0x388 0x5a0005 0x0 0x0 0x0 0x0 0x0 0x0 0x610005 0x0 0x0 0x0 0x0 0x0 0x0 0x680002 0x0 0x6f0005 0x0 0x0 0x0 0x0 0x0 0x0 0x720007 0x0 0x1d8 0x0 0x7a0005 0x0 0x0 0x0 0x0 0x0 0x0 0x810004 0x0 0x0 0x0 0x0 0x0 0x0 0x840005 0x0 0x0 0x0 0x0 0x0 0x0 0x900005 0x0 0x0 0x0 0x0 0x0 0x0 0x9e0005 0x0 0x0 0x0 0x0 0x0 0x0 0xa80005 0x0 0x0 0x0 0x0 0x0 0x0 0xad0003 0x0 0x50 0xb70005 0x0 0x0 0x0 0x0 0x0 0x0 0xbf0003 0x0 0xa8 0xc40002 0x0 0xcb0002 0x0 0xd50005 0x0 0x0 0x0 0x0 0x0 0x0 0xe40005 0x0 0x0 0x0 0x0 0x0 0x0 0xe90003 0x0 0x50 0xf70005 0x0 0x0 0x0 0x0 0x0 0x0 0xfe0003 0x144e 0x18 0x14e0007 0x12d3 0x20 0x17b 0x1590007 0xc97 0x58 0x7b7 0x1600007 0xdc 0x38 0x6db 0x1680003 0x6db 0x18 0x1790007 0x144e 0x20 0x0 0x1830007 0x144e 0x90 0x0 0x1880007 0x0 0x70 0x0 0x1920005 0x0 0x0 0x0 0x0 0x0 0x0 0x1960003 0x0 0x18 0x0 0x0 0x0 0x0 0x0 0x0 0x0 0x0 0x0 0x0 0x0 0x0 0x0 0x0 0x0 0x0 0x0 0x0 0x0 0x0 0x0 0x0 0x9 0x4 0x0 0x0 0x0 0x0 oops 1 16 java/util/zip/Inflater$InflaterZStreamRef methods 0
ciMethodData java/nio/Buffer hasRemaining ()Z 2 88419 orig 80 0 0 0 0 0 0 0 0 0 0 0 0 86 2 0 0 0 0 0 0 0 0 0 0 0 0 0 0 0 0 0 0 0 0 0 0 0 0 0 0 0 0 0 0 0 0 0 0 0 0 0 0 0 0 0 0 0 0 0 0 0 0 0 0 0 0 0 0 0 0 0 0 0 0 0 0 0 0 0 0 data 14 0x80007 0xbf7 0x38 0x14d6d 0xc0003 0x14d73 0x18 0x0 0x0 0x0 0x0 0x9 0x1 0x0 oops 0 methods 0
ciMethodData java/util/zip/ZipFile$ZipFileInflaterInputStream fill ()V 2 5224 orig 80 0 0 0 0 0 0 0 0 0 0 0 0 86 2 0 0 0 0 0 0 0 0 0 0 0 0 0 0 0 0 0 0 0 0 0 0 0 0 0 0 0 0 0 0 0 0 0 0 0 0 0 0 0 0 0 0 0 0 0 0 0 0 0 0 0 0 0 0 0 0 0 0 0 0 0 0 0 0 0 0 data 36 0x40007 0x1468 0x30 0x0 0xd0002 0x0 0x200005 0x0 0x0 0x25685167698 0x1468 0x0 0x0 0x2b0007 0x1468 0x20 0x0 0x4c0005 0x0 0x0 0x25685fe5598 0x1468 0x0 0x0 0x0 0x0 0x0 0x0 0x0 0x0 0x0 0x0 0x0 0x9 0x1 0x34 oops 2 9 java/util/zip/ZipFile$ZipFileInputStream 20 java/util/zip/Inflater methods 0
ciMethodData java/io/FilterInputStream read ([BII)I 2 10896 orig 80 1 0 0 0 0 0 0 0 0 0 0 0 0 0 0 0 0 0 0 0 4 0 0 0 0 0 0 0 0 0 0 0 0 0 0 0 0 0 0 0 0 0 0 0 0 0 0 0 0 0 0 0 0 0 0 0 0 0 0 0 0 0 0 0 0 0 0 0 0 0 0 0 0 0 0 0 0 0 0 0 data 19 0x8000000400070005 0x5 0x0 0x2563f490190 0x1cdc 0x2563f490240 0xdb4 0x0 0x0 0x0 0x0 0x0 0x0 0x9 0x4 0x0 0x0 0x0 0x0 oops 2 3 java/util/zip/ZipFile$ZipFileInflaterInputStream 5 sun/net/www/http/KeepAliveStream methods 0
ciMethodData java/lang/reflect/Modifier isStatic (I)Z 2 35789 orig 80 0 0 0 0 0 0 0 0 0 0 0 0 86 2 0 0 0 0 0 0 0 0 0 0 0 0 0 0 0 0 0 0 0 0 0 0 0 0 0 0 0 0 0 0 0 0 0 0 0 0 0 0 0 0 0 0 0 0 0 0 0 0 0 0 0 0 0 0 0 0 0 0 0 0 0 0 0 0 0 0 data 11 0x40007 0x624c 0x38 0x2980 0x80003 0x2980 0x18 0x0 0x9 0x1 0x0 oops 0 methods 0
ciMethodData java/lang/Object equals (Ljava/lang/Object;)Z 2 42417 orig 80 0 0 0 0 0 0 0 0 0 0 0 0 86 2 0 0 0 0 0 0 0 0 0 0 0 0 0 0 0 0 0 0 0 0 0 0 0 0 0 0 0 0 0 0 0 0 0 0 0 0 0 0 0 0 0 0 0 0 0 0 0 0 0 0 0 0 0 0 0 0 0 0 0 0 0 0 0 0 0 0 data 17 0x20007 0x2879 0x38 0x7d3c 0x60003 0x7d3e 0x18 0x0 0x0 0x0 0x0 0x0 0x0 0x9 0x2 0x0 0x0 oops 0 methods 0
ciMethodData java/util/LinkedHashMap get (Ljava/lang/Object;)Ljava/lang/Object; 2 38283 orig 80 1 0 0 0 0 0 0 0 0 0 0 0 86 2 0 0 0 0 0 0 0 0 0 0 0 0 0 0 0 0 0 0 0 0 0 0 0 0 0 1 0 0 0 0 0 0 0 0 0 0 0 0 0 0 0 0 0 0 0 0 0 0 0 0 0 0 0 0 0 0 0 0 0 0 0 0 0 0 0 0 data 32 0x20005 0x958c 0x0 0x0 0x0 0x0 0x0 0x70007 0x8eef 0x20 0x69b 0x8000000600100007 0x8e7a 0x58 0x7b 0x150005 0x0 0x0 0x25689307440 0x7b 0x0 0x0 0x0 0x0 0x0 0x0 0x0 0x0 0x9 0x2 0x0 0x0 oops 1 18 java/util/LinkedHashMap methods 0
ciMethodData java/util/LinkedHashMap afterNodeAccess (Ljava/util/HashMap$Node;)V 2 1520 orig 80 0 0 0 0 0 0 0 0 0 0 0 0 86 2 0 0 0 0 0 0 0 0 0 0 0 0 0 0 0 0 0 0 0 0 0 0 0 0 0 0 0 0 0 0 0 0 0 0 0 0 0 0 0 0 0 0 0 0 0 0 0 0 0 0 0 0 0 0 0 0 0 0 0 0 0 0 0 0 0 0 data 100 0x50007 0x0 0x60 0x5f0 0xc0007 0x0 0x158 0x5f0 0x130007 0x457 0x138 0x199 0x1d0007 0x57 0x118 0x142 0x210004 0x0 0x0 0x25685f7f9b8 0x142 0x0 0x0 0x3c0007 0xd0 0x38 0x72 0x450003 0x72 0x18 0x510007 0x0 0x38 0x142 0x5b0003 0x142 0x18 0x620007 0x142 0x38 0x0 0x6b0003 0x0 0x18 0x8a0003 0x142 0x138 0x920007 0x4ae 0x120 0x0 0x9c0007 0x0 0x100 0x0 0xa00004 0x0 0x0 0x0 0x0 0x0 0x0 0xbb0007 0x0 0x38 0x0 0xc40003 0x0 0x18 0xd00007 0x0 0x38 0x0 0xda0003 0x0 0x18 0xe10007 0x0 0x38 0x0 0xea0003 0x0 0x18 0x0 0x0 0x0 0x0 0x0 0x0 0x0 0x0 0x0 0x0 0x0 0x0 0x0 0x9 0x2 0x0 0x0 oops 1 19 java/util/LinkedHashMap$Entry methods 0
ciMethodData java/lang/ref/Reference refersTo (Ljava/lang/Object;)Z 2 138182 orig 80 0 0 0 0 0 0 0 0 0 0 0 0 86 2 0 0 0 0 0 0 0 0 0 0 0 0 0 0 0 0 0 0 0 0 0 0 0 0 0 0 0 0 0 0 0 0 0 0 0 0 0 0 0 0 0 0 0 0 0 0 0 0 0 0 0 0 0 0 0 0 0 0 0 0 0 0 0 0 0 0 data 17 0x20005 0x1ffb3 0x0 0x25685163e40 0x1c12 0x25685163ef0 0x16 0x0 0x0 0x0 0x0 0x0 0x0 0x9 0x2 0xffffffffffffffff 0xffffffffffffffff oops 2 3 java/util/WeakHashMap$Entry 5 com/sun/jmx/mbeanserver/WeakIdentityHashMap$IdentityWeakReference methods 0
ciMethodData java/lang/invoke/Invokers checkExactType (Ljava/lang/invoke/MethodHandle;Ljava/lang/invoke/MethodType;)V 2 12682 orig 80 0 0 0 0 0 0 0 0 0 0 0 0 86 2 0 0 0 0 0 0 0 0 0 0 0 0 0 0 0 0 0 0 0 0 0 0 0 0 0 0 0 0 0 0 0 0 0 0 0 0 0 0 0 0 0 0 0 0 0 0 0 0 0 0 0 0 0 0 0 0 0 0 0 0 0 0 0 0 0 0 data 23 0x10005 0x1ef9 0x0 0x256876c95f0 0xff0 0x2563f1417c8 0x2a1 0x70007 0x318b 0x30 0x0 0xc0002 0x0 0x0 0x0 0x0 0x0 0x0 0x0 0x9 0x2 0x0 0x0 oops 2 3 java/lang/invoke/DirectMethodHandle$Constructor 5 java/lang/invoke/DirectMethodHandle methods 0
ciMethod java/lang/invoke/MethodHandle$1 <init> (Ljava/lang/invoke/MethodHandle;)V 4 0 77 0 -1
ciMethodData java/lang/invoke/Invokers checkCustomized (Ljava/lang/invoke/MethodHandle;)V 2 13899 orig 80 0 0 0 0 0 0 0 0 0 0 0 0 0 0 0 0 0 0 0 0 0 0 0 0 0 0 0 0 0 0 0 0 0 0 0 0 0 0 0 0 0 0 0 0 0 0 0 0 0 0 0 0 0 0 0 0 0 0 0 0 0 0 0 0 0 0 0 0 0 0 0 0 0 0 0 0 0 0 0 0 data 21 0x10002 0x364d 0x40007 0x364c 0x20 0x0 0xf0007 0x19c4 0x30 0x1c87 0x130002 0x1c87 0x0 0x0 0x0 0x0 0x0 0x0 0x9 0x1 0x0 oops 0 methods 0
ciMethodData java/lang/reflect/AccessibleObject checkAccess (Ljava/lang/Class;Ljava/lang/Class;Ljava/lang/Class;I)V 2 3417 orig 80 0 0 0 0 0 0 0 0 0 0 0 0 0 0 0 0 0 0 0 0 0 0 0 0 0 0 0 0 0 0 0 0 0 0 0 0 0 0 0 0 0 0 0 0 0 0 0 0 0 0 0 0 0 0 0 0 0 0 0 0 0 0 0 0 0 0 0 0 0 0 0 0 0 0 0 0 0 0 0 0 data 39 0x60005 0xd59 0x0 0x0 0x0 0x0 0x0 0x90007 0xd5a 0x98 0x0 0x110002 0x0 0x160002 0x0 0x190007 0x0 0x58 0x0 0x210005 0x0 0x0 0x0 0x0 0x0 0x0 0x0 0x0 0x0 0x0 0x0 0x0 0x9 0x5 0x4 0xffffffffffffffff 0xffffffffffffffff 0xffffffffffffffff 0x0 oops 0 methods 0
ciMethodData java/lang/reflect/AccessibleObject verifyAccess (Ljava/lang/Class;Ljava/lang/Class;Ljava/lang/Class;I)Z 2 3417 orig 80 0 0 0 0 0 0 0 0 0 0 0 0 0 0 0 0 0 0 0 0 0 0 0 0 0 0 0 0 0 0 0 0 0 0 0 0 0 0 0 0 0 0 0 0 0 0 0 0 0 0 0 0 0 0 0 0 0 0 0 0 0 0 0 0 0 0 0 0 0 0 0 0 0 0 0 0 0 0 0 0 data 60 0x20007 0xd5a 0x20 0x0 0x80007 0x283 0xc8 0xad7 0xd0002 0xad7 0x100007 0xad7 0x98 0x0 0x150007 0x0 0x78 0x0 0x1b0005 0x0 0x0 0x0 0x0 0x0 0x0 0x1e0007 0x0 0x78 0x0 0x250005 0xd5a 0x0 0x0 0x0 0x0 0x0 0x280007 0xbf0 0x20 0x169 0x330005 0xbf1 0x0 0x0 0x0 0x0 0x0 0x0 0x0 0x0 0x0 0x0 0x0 0x9 0x5 0x4 0xffffffffffffffff 0xffffffffffffffff 0xffffffffffffffff 0x0 oops 0 methods 0
ciMethodData jdk/internal/reflect/Reflection verifyMemberAccess (Ljava/lang/Class;Ljava/lang/Class;Ljava/lang/Class;I)Z 2 3792 orig 80 0 0 0 0 0 0 0 0 0 0 0 0 0 0 0 0 0 0 0 0 0 0 0 0 0 0 0 0 0 0 0 0 0 0 0 0 0 0 0 0 0 0 0 0 0 0 0 0 0 0 0 0 0 0 0 0 0 0 0 0 0 0 0 0 0 0 0 0 0 0 0 0 0 0 0 0 0 0 0 0 data 131 0x10002 0xed2 0x60002 0xed3 0xc0007 0xec6 0x20 0xd 0x120005 0xec5 0x0 0x0 0x0 0x0 0x0 0x160002 0xec5 0x190007 0xec5 0x20 0x0 0x250002 0xec5 0x280002 0xec6 0x2b0007 0xb9f 0x50 0x326 0x300002 0x326 0x3a0007 0x326 0x20 0x0 0x400002 0xec5 0x430007 0x326 0x20 0xb9f 0x490002 0x326 0x4c0007 0x326 0x50 0x0 0x510002 0x0 0x540007 0x0 0x20 0x0 0x5d0002 0x326 0x600007 0x326 0x50 0x0 0x650002 0x0 0x680007 0x0 0x20 0x0 0x700007 0x0 0xa0 0x326 0x740002 0x326 0x770007 0x0 0x70 0x326 0x7c0007 0x325 0x30 0x1 0x810002 0x1 0x8b0007 0x0 0x20 0x326 0x930007 0x326 0x20 0x0 0x990007 0x1 0xf0 0x325 0x9d0002 0x325 0xa00007 0x325 0xc0 0x0 0xa50007 0x0 0xa0 0x0 0xaa0007 0x0 0x30 0x0 0xaf0002 0x0 0xb90007 0x0 0x50 0x0 0xbe0002 0x0 0xc10007 0x0 0x20 0x0 0x0 0x0 0x0 0x0 0x0 0x0 0x9 0x4 0x0 0x0 0x0 0x0 oops 0 methods 0
ciMethodData java/lang/reflect/AccessibleObject isAccessChecked (Ljava/lang/Class;)Z 2 3364 orig 80 0 0 0 0 0 0 0 0 0 0 0 0 0 0 0 0 0 0 0 0 0 0 0 0 0 0 0 0 0 0 0 0 0 0 0 0 0 0 0 0 0 0 0 0 0 0 0 0 0 0 0 0 0 0 0 0 0 0 0 0 0 0 0 0 0 0 0 0 0 0 0 0 0 0 0 0 0 0 0 0 data 35 0x60104 0x0 0x0 0x2563f140398 0x169 0x0 0x0 0x90007 0xbbc 0x90 0x169 0xd0004 0x0 0x0 0x2563f140398 0x169 0x0 0x0 0x130005 0x169 0x0 0x0 0x0 0x0 0x0 0x0 0x0 0x0 0x0 0x0 0x0 0x9 0x2 0x0 0xffffffffffffffff oops 2 3 java/lang/ref/WeakReference 14 java/lang/ref/WeakReference methods 0
ciMethodData java/lang/reflect/AccessibleObject slowVerifyAccess (Ljava/lang/Class;Ljava/lang/Class;Ljava/lang/Class;I)Z 2 3001 orig 80 0 0 0 0 0 0 0 0 0 0 0 0 0 0 0 0 0 0 0 0 0 0 0 0 0 0 0 0 0 0 0 0 0 0 0 0 0 0 0 0 0 0 0 0 0 0 0 0 0 0 0 0 0 0 0 0 0 0 0 0 0 0 0 0 0 0 0 0 0 0 0 0 0 0 0 0 0 0 0 0 data 46 0x10007 0xbba 0x30 0x0 0x70002 0x0 0x100002 0xbba 0x130007 0xbb9 0x20 0x0 0x190007 0x269 0x98 0x950 0x1e0002 0x950 0x210007 0x950 0x68 0x0 0x260007 0x0 0x48 0x0 0x2b0002 0x0 0x2e0003 0x0 0x28 0x360002 0xbba 0x0 0x0 0x0 0x0 0x0 0x0 0x9 0x5 0x4 0xffffffffffffffff 0xffffffffffffffff 0xffffffffffffffff 0x0 oops 0 methods 0
ciMethodData java/lang/invoke/Invokers maybeCustomize (Ljava/lang/invoke/MethodHandle;)V 2 6586 orig 80 0 0 0 0 0 0 0 0 0 0 0 0 0 0 0 0 0 0 0 0 0 0 0 0 0 0 0 0 0 0 0 0 0 0 0 0 0 0 0 0 0 0 0 0 0 0 0 0 0 0 0 0 0 0 0 0 0 0 0 0 0 0 0 0 0 0 0 0 0 0 0 0 0 0 0 0 0 0 0 0 data 16 0x10005 0xddd 0x0 0x256876c95f0 0xa9e 0x2563f1417c8 0x13e 0x0 0x0 0x0 0x0 0x0 0x0 0x9 0x1 0x6 oops 2 3 java/lang/invoke/DirectMethodHandle$Constructor 5 java/lang/invoke/DirectMethodHandle methods 0
ciMethodData java/lang/invoke/MethodHandle maybeCustomize ()V 2 5120 orig 80 0 0 0 0 0 0 0 0 0 0 0 0 0 0 0 0 0 0 0 0 0 0 0 0 0 0 0 0 0 0 0 0 0 0 0 0 0 0 0 0 0 0 0 0 0 0 0 0 0 0 0 0 0 0 0 0 0 0 0 0 0 0 0 0 0 0 0 0 0 0 0 0 0 0 0 0 0 0 0 0 data 27 0x70007 0x0 0x90 0x1401 0x130007 0x13f6 0x70 0xb 0x170005 0x6 0x0 0x2563f1417c8 0x3 0x256876c95f0 0x2 0x1a0003 0xb 0x18 0x0 0x0 0x0 0x0 0x0 0x0 0x9 0x1 0x6 oops 2 11 java/lang/invoke/DirectMethodHandle 13 java/lang/invoke/DirectMethodHandle$Constructor methods 0
ciMethodData java/lang/invoke/MethodHandle customize ()V 1 75 orig 80 0 0 0 0 0 0 0 0 0 0 0 0 86 2 0 0 0 0 0 0 0 0 0 0 0 0 0 0 0 0 0 0 0 0 0 0 0 0 0 0 0 0 0 0 0 0 0 0 0 0 0 0 0 0 0 0 0 0 0 0 0 0 0 0 0 0 0 0 0 0 0 0 0 0 0 0 0 0 0 0 data 18 0x60002 0x4b 0x90005 0x1a 0x0 0x2563f1417c8 0x3 0x256876c95f0 0x2e 0x0 0x0 0x0 0x0 0x0 0x0 0x9 0x1 0x0 oops 2 5 java/lang/invoke/DirectMethodHandle 7 java/lang/invoke/DirectMethodHandle$Constructor methods 0
ciMethodData java/lang/invoke/MethodHandle$1 <init> (Ljava/lang/invoke/MethodHandle;)V 1 75 orig 80 0 0 0 0 0 0 0 0 0 0 0 0 86 2 0 0 0 0 0 0 0 0 0 0 0 0 0 0 0 0 0 0 0 0 0 0 0 0 0 0 0 0 0 0 0 0 0 0 0 0 0 0 0 0 0 0 0 0 0 0 0 0 0 0 0 0 0 0 0 0 0 0 0 0 0 0 0 0 0 0 data 10 0x60002 0x4b 0x0 0x0 0x0 0x0 0x9 0x2 0x6 0x0 oops 0 methods 0
ciMethodData java/lang/reflect/AccessibleObject isAccessChecked (Ljava/lang/Class;Ljava/lang/Class;)Z 1 0 orig 80 0 0 0 0 0 0 0 0 0 0 0 0 86 2 0 0 0 0 0 0 0 0 0 0 0 0 0 0 0 0 0 0 0 0 0 0 0 0 0 0 0 0 0 0 0 0 0 0 0 0 0 0 0 0 0 0 0 0 0 0 0 0 0 0 0 0 0 0 0 0 0 0 0 0 0 0 0 0 0 0 data 36 0x60004 0x0 0x0 0x0 0x0 0x0 0x0 0x90007 0x0 0x90 0x0 0xd0004 0x0 0x0 0x0 0x0 0x0 0x0 0x120005 0x0 0x0 0x0 0x0 0x0 0x0 0x0 0x0 0x0 0x0 0x0 0x0 0x9 0x3 0x0 0xffffffffffffffff 0xffffffffffffffff oops 0 methods 0
ciMethodData java/lang/invoke/Invokers$Holder invokeExact_MT (Ljava/lang/Object;Ljava/lang/Object;Ljava/lang/Object;)Ljava/lang/Object; 2 3648 orig 80 0 0 0 0 0 0 0 0 0 0 0 0 86 2 0 0 0 0 0 0 0 0 0 0 0 0 0 0 0 0 0 0 0 0 0 0 0 0 0 0 0 0 0 0 0 0 0 0 0 0 0 0 0 0 0 0 0 0 0 0 0 0 0 0 0 0 0 0 0 0 0 0 0 0 0 0 0 0 0 0 data 54 0x10004 0x0 0x0 0x256876c6788 0x25c 0x256876c84e8 0x1 0x70004 0x0 0x0 0x2563f141bb8 0x27d 0x0 0x0 0xa000a 0xe3f 0x4 0x0 0x2 0x1 0x2563f141bb8 0xe000a 0xe40 0x2 0x0 0x2 0x13000b 0xe3d 0x0 0x0 0x0 0x0 0x0 0x3 0x1 0x3 0x3 0x0 0x0 0x0 0x0 0x0 0x0 0x9 0x3 0x0 0x0 0x0 0xc 0x4 0x0 0x2 0x1 0x3 oops 4 3 java/lang/invoke/BoundMethodHandle$Species_LL 5 java/lang/invoke/BoundMethodHandle$Species_LLL 10 java/lang/invoke/MethodType 20 java/lang/invoke/MethodType methods 0
ciMethodData java/lang/reflect/Executable declaredAnnotations ()Ljava/util/Map; 2 5199 orig 80 0 0 0 0 0 0 0 0 0 0 0 0 86 2 0 0 0 0 0 0 0 0 0 0 0 0 0 0 0 0 0 0 0 0 0 0 0 0 0 0 0 0 0 0 0 0 0 0 0 0 0 0 0 0 0 0 0 0 0 0 0 0 0 0 0 0 0 0 0 0 0 0 0 0 0 0 0 0 0 0 data 80 0x60007 0x86a 0x238 0xbe5 0x130007 0x0 0x200 0xbe5 0x170005 0x0 0x0 0x2563f140dd8 0xb67 0x2563f140f18 0x7e 0x1a0104 0x0 0x0 0x2563f140dd8 0x6f7 0x2563f140f18 0x50 0x1f0007 0x49e 0x70 0x747 0x230005 0x747 0x0 0x0 0x0 0x0 0x0 0x270003 0x747 0x118 0x2b0005 0x0 0x0 0x2563f140dd8 0x470 0x2563f140f18 0x2e 0x2e0002 0x49e 0x320005 0x0 0x0 0x2563f140dd8 0x470 0x2563f140f18 0x2e 0x350005 0x0 0x0 0x25687785ee8 0x49e 0x0 0x0 0x3b0005 0x0 0x0 0x2563f140dd8 0x470 0x2563f140f18 0x2e 0x3e0002 0x49e 0x490003 0xbe5 0x18 0x0 0x0 0x0 0x0 0x0 0x0 0x9 0x1 0x8 oops 11 11 java/lang/reflect/Method 13 java/lang/reflect/Constructor 18 java/lang/reflect/Method 20 java/lang/reflect/Constructor 39 java/lang/reflect/Method 41 java/lang/reflect/Constructor 48 java/lang/reflect/Method 50 java/lang/reflect/Constructor 55 java/lang/System$2 62 java/lang/reflect/Method 64 java/lang/reflect/Constructor methods 0
ciMethod  @bci java/lang/invoke/BootstrapMethodInvoker invoke (Ljava/lang/Class;Ljava/lang/invoke/MethodHandle;Ljava/lang/String;Ljava/lang/Object;Ljava/lang/Object;Ljava/lang/Class;)Ljava/lang/Object; 462 <adapter> ; invokeExact_MT (Ljava/lang/Object;Ljava/lang/Object;Ljava/lang/Object;Ljava/lang/Object;Ljava/lang/Object;Ljava/lang/Object;)Ljava/lang/Object; 116 0 66 0 -1
ciMethodData jdk/internal/misc/VM isSystemDomainLoader (Ljava/lang/ClassLoader;)Z 2 1997 orig 80 0 0 0 0 0 0 0 0 0 0 0 0 86 2 0 0 0 0 0 0 0 0 0 0 0 0 0 0 0 0 0 0 0 0 0 0 0 0 0 0 0 0 0 0 0 0 0 0 0 0 0 0 0 0 0 0 0 0 0 0 0 0 0 0 0 0 0 0 0 0 0 0 0 0 0 0 0 0 0 0 data 22 0x10007 0x2cc 0x50 0x502 0x50002 0x502 0x80007 0x4cb 0x38 0x36 0xc0003 0x302 0x18 0x0 0x0 0x0 0x0 0x0 0x0 0x9 0x1 0x0 oops 0 methods 0
ciMethodData java/lang/Exception <init> (Ljava/lang/String;Ljava/lang/Throwable;)V 2 4724 orig 80 0 0 0 0 0 0 0 0 0 0 0 0 86 2 0 0 0 0 0 0 0 0 0 0 0 0 0 0 0 0 0 0 0 0 0 0 0 0 0 0 0 0 0 0 0 0 0 0 0 0 0 0 0 0 0 0 0 0 0 0 0 0 0 0 0 0 0 0 0 0 0 0 0 0 0 0 0 0 0 0 data 9 0x30002 0x1274 0x0 0x0 0x9 0x3 0x1c 0x0 0x0 oops 0 methods 0
ciMethodData java/lang/Byte toUnsignedInt (B)I 2 340466 orig 80 0 0 0 0 0 0 0 0 0 0 0 0 86 2 0 0 0 0 0 0 0 0 0 0 0 0 0 0 0 0 0 0 0 0 0 0 0 0 0 0 0 0 0 0 0 0 0 0 0 0 0 0 0 0 0 0 0 0 0 0 0 0 0 0 0 0 0 0 0 0 0 0 0 0 0 0 0 0 0 0 data 4 0x0 0x9 0x1 0x0 oops 0 methods 0
ciMethod java/io/ObjectInputStream readObject0 (Ljava/lang/Class;Z)Ljava/lang/Object; 794 0 12323 0 -1
ciMethod java/io/ObjectInputStream checkResolve (Ljava/lang/Object;)Ljava/lang/Object; 478 0 7999 0 -1
ciMethod java/io/ObjectInputStream readNull ()Ljava/lang/Object; 316 0 4543 0 -1
ciMethod java/io/ObjectInputStream readHandle (Z)Ljava/lang/Object; 314 0 5516 0 -1
ciMethod java/io/ObjectInputStream readClass (Z)Ljava/lang/Class; 0 0 1 0 -1
ciMethod java/io/ObjectInputStream readClassDesc (Z)Ljava/io/ObjectStreamClass; 326 0 5667 0 -1
ciMethod java/io/ObjectInputStream readString (Z)Ljava/lang/String; 172 0 3260 0 -1
ciMethod java/io/ObjectInputStream readArray (Z)Ljava/lang/Object; 0 0 1 0 -1
ciMethod java/io/ObjectInputStream readEnum (Z)Ljava/lang/Enum; 0 0 1 0 -1
ciMethod java/io/ObjectInputStream readOrdinaryObject (Z)Ljava/lang/Object; 318 0 5561 0 -1
ciMethod java/io/ObjectInputStream readSerialData (Ljava/lang/Object;Ljava/io/ObjectStreamClass;)V 1024 3298 5427 0 -1
ciMethod java/io/ObjectInputStream skipCustomData ()V 1024 0 2538 0 0
ciMethod java/io/ObjectInputStream readFatalException ()Ljava/io/IOException; 0 0 1 0 -1
ciMethod java/io/ObjectInputStream handleReset ()V 0 0 1 0 -1
ciMethod  @bci jdk/internal/reflect/DirectConstructorHandleAccessor invokeImpl ([Ljava/lang/Object;)Ljava/lang/Object; 88 <adapter> ; invokeExact_MT (Ljava/lang/Object;Ljava/lang/Object;Ljava/lang/Object;Ljava/lang/Object;Ljava/lang/Object;)Ljava/lang/Object; 28 0 151 0 -1
ciMethodData java/lang/reflect/Method getAnnotation (Ljava/lang/Class;)Ljava/lang/annotation/Annotation; 2 52994 orig 80 0 0 0 0 0 0 0 0 0 0 0 0 86 2 0 0 0 0 0 0 0 0 0 0 0 0 0 0 0 0 0 0 0 0 0 0 0 0 0 0 0 0 0 0 0 0 0 0 0 0 0 0 0 0 0 0 0 0 0 0 0 0 0 0 0 0 0 0 0 0 0 0 0 0 0 0 0 0 0 0 data 8 0x20002 0xcf02 0x0 0x0 0x9 0x2 0x0 0x0 oops 0 methods 0
ciMethodData java/lang/reflect/Executable getAnnotation (Ljava/lang/Class;)Ljava/lang/annotation/Annotation; 2 58209 orig 80 0 0 0 0 0 0 0 0 0 0 0 0 86 2 0 0 0 0 0 0 0 0 0 0 0 0 0 0 0 0 0 0 0 0 0 0 0 0 0 0 0 0 0 0 0 0 0 0 0 0 0 0 0 0 0 0 0 0 0 0 0 0 0 0 0 0 0 0 0 0 0 0 0 0 0 0 0 0 0 0 data 40 0x10002 0xe362 0x70005 0xe363 0x0 0x0 0x0 0x0 0x0 0xb0005 0x0 0x0 0x25689307440 0x2acc 0x256893074f0 0xb896 0x100005 0xe361 0x0 0x0 0x0 0x0 0x0 0x130104 0x0 0x0 0x256893075a0 0x32 0x25689307650 0x1 0x0 0x0 0x0 0x0 0x0 0x0 0x9 0x2 0x0 0x0 oops 4 12 java/util/LinkedHashMap 14 java/util/Collections$EmptyMap 26 jdk/proxy2/$Proxy7 28 com/google/inject/internal/$Proxy26 methods 0
ciMethodData java/lang/reflect/AnnotatedElement isAnnotationPresent (Ljava/lang/Class;)Z 2 46980 orig 80 0 0 0 0 0 0 0 0 0 0 0 0 86 2 0 0 0 0 0 0 0 0 0 0 0 0 0 0 0 0 0 0 0 0 0 0 0 0 0 0 0 0 0 0 0 0 0 0 0 0 0 0 0 0 0 0 0 0 0 0 0 0 0 0 0 0 0 0 0 0 0 0 0 0 0 0 0 0 0 0 data 24 0x20005 0xc94 0x0 0x2563f140dd8 0x91c0 0x2563f140cb8 0x17b6 0x70007 0xb749 0x38 0x3c 0xb0003 0x3c 0x18 0x0 0x0 0x0 0x0 0x0 0x0 0x9 0x2 0xffffffffffffffff 0xffffffffffffffff oops 2 3 java/lang/reflect/Method 5 java/lang/reflect/Field methods 0
ciMethodData java/lang/reflect/AccessibleObject isAnnotationPresent (Ljava/lang/Class;)Z 2 46376 orig 80 0 0 0 0 0 0 0 0 0 0 0 0 86 2 0 0 0 0 0 0 0 0 0 0 0 0 0 0 0 0 0 0 0 0 0 0 0 0 0 0 0 0 0 0 0 0 0 0 0 0 0 0 0 0 0 0 0 0 0 0 0 0 0 0 0 0 0 0 0 0 0 0 0 0 0 0 0 0 0 0 data 8 0x20002 0xb527 0x0 0x0 0x9 0x2 0xffffffffffffffff 0xffffffffffffffff oops 0 methods 0
ciMethod java/io/ObjectInputStream$BlockDataInputStream setBlockDataMode (Z)Z 1024 0 7436 0 160
ciMethod java/io/ObjectInputStream$BlockDataInputStream getBlockDataMode ()Z 338 0 169 0 0
ciMethod java/io/ObjectInputStream$BlockDataInputStream skipBlockData ()V 1024 1022 2614 0 0
ciMethod java/io/ObjectInputStream$BlockDataInputStream readBlockHeader (Z)I 1024 0 5122 0 0
ciMethod java/io/ObjectInputStream$BlockDataInputStream refill ()V 144 70 5122 0 0
ciMethod java/io/ObjectInputStream$BlockDataInputStream currentBlockRemaining ()I 162 0 3278 0 -1
ciMethod java/io/ObjectInputStream$BlockDataInputStream peek ()I 1022 0 11382 0 480
ciMethod java/io/ObjectInputStream$BlockDataInputStream peekByte ()B 1020 0 20732 0 0
ciMethod java/io/ObjectInputStream$BlockDataInputStream read ()I 542 0 7608 0 256
ciMethod java/io/ObjectInputStream$BlockDataInputStream read ([BIIZ)I 1024 0 5551 0 0
ciMethod java/io/ObjectInputStream$BlockDataInputStream readFully ([BIIZ)V 668 668 3043 0 0
ciMethod java/io/ObjectInputStream$BlockDataInputStream readByte ()B 538 0 21475 0 288
ciMethod java/io/ObjectInputStream$PeekInputStream peek ()I 1024 0 9340 0 360
ciMethod java/io/ObjectInputStream$PeekInputStream read ()I 606 0 7608 0 0
ciMethod java/io/ObjectInputStream$PeekInputStream read ([BII)I 972 0 10521 0 656
ciMethod java/io/ObjectInputStream$PeekInputStream readFully ([BII)V 1024 1022 7614 0 816
ciMethod java/io/ObjectInputStream$PeekInputStream available ()I 0 0 1 0 -1
ciMethod java/io/ObjectInputStream$HandleTable markDependency (II)V 1024 0 12901 0 288
ciMethod java/io/ObjectInputStream$HandleTable markException (ILjava/lang/ClassNotFoundException;)V 0 0 1 0 0
ciMethod java/io/ObjectInputStream$HandleTable lookupException (I)Ljava/lang/ClassNotFoundException; 1024 0 17413 0 0
ciMethod java/io/ObjectInputStream$HandleTable$HandleList <init> ()V 0 0 1 0 -1
ciMethod java/io/ObjectInputStream$HandleTable$HandleList add (I)V 0 0 1 0 -1
ciMethod java/io/ObjectInputStream$HandleTable$HandleList get (I)I 0 0 1 0 -1
ciMethod java/io/ObjectInputStream$HandleTable$HandleList size ()I 0 0 1 0 -1
ciMethod java/io/ObjectStreamClass lookup (Ljava/lang/Class;Z)Ljava/io/ObjectStreamClass; 224 0 90 0 -1
ciMethod java/io/ObjectStreamClass requireInitialized ()V 572 0 55384 0 104
ciMethod java/io/ObjectStreamClass getFields (Z)[Ljava/io/ObjectStreamField; 1024 0 5026 0 0
ciMethod java/io/ObjectStreamClass hasWriteObjectData ()Z 1024 0 8415 0 0
ciMethod java/io/ObjectStreamClass hasReadObjectMethod ()Z 1024 0 6486 0 0
ciMethod java/io/ObjectStreamClass hasReadObjectNoDataMethod ()Z 208 0 522 0 0
ciMethod java/io/ObjectStreamClass invokeReadObject (Ljava/lang/Object;Ljava/io/ObjectInputStream;)V 1024 0 2455 0 0
ciMethod java/io/ObjectStreamClass invokeReadObjectNoData (Ljava/lang/Object;)V 0 0 1 0 -1
ciMethod java/io/ObjectStreamClass getClassDataLayout ()[Ljava/io/ObjectStreamClass$ClassDataSlot; 1024 0 5434 0 0
ciMethod java/io/ObjectStreamClass getClassDataLayout0 ()[Ljava/io/ObjectStreamClass$ClassDataSlot; 12 32 70 0 0
ciMethod java/io/ObjectStreamClass getPrimDataSize ()I 300 0 150 0 0
ciMethod java/io/ObjectStreamClass getNumObjFields ()I 316 0 158 0 0
ciMethod java/io/ObjectStreamClass setPrimFieldValues (Ljava/lang/Object;[B)V 1016 0 3043 0 0
ciMethod java/io/ObjectStreamClass checkObjFieldValueTypes (Ljava/lang/Object;[Ljava/lang/Object;)V 1024 0 5026 0 0
ciMethod java/io/ObjectStreamClass setObjFieldValues (Ljava/lang/Object;[Ljava/lang/Object;)V 1024 0 5026 0 0
ciMethod java/io/ObjectStreamClass getVariantFor (Ljava/lang/Class;)Ljava/io/ObjectStreamClass; 212 0 84 0 -1
ciMethod java/io/ObjectStreamClass throwMiscException (Ljava/lang/Throwable;)V 0 0 1 0 0
ciMethod java/io/ObjectStreamClass$FieldReflector setPrimFieldValues (Ljava/lang/Object;[B)V 1018 1018 3043 0 -1
ciMethod java/io/ObjectStreamClass$FieldReflector checkObjectFieldValueTypes (Ljava/lang/Object;[Ljava/lang/Object;)V 1024 0 5026 0 0
ciMethod java/io/ObjectStreamClass$FieldReflector setObjFieldValues (Ljava/lang/Object;[Ljava/lang/Object;)V 1024 0 5026 0 0
ciMethod java/io/ObjectStreamClass$FieldReflector setObjFieldValues (Ljava/lang/Object;[Ljava/lang/Object;Z)V 1024 2042 7256 0 1760
ciMethod java/io/ObjectStreamClass$ClassDataSlot <init> (Ljava/io/ObjectStreamClass;Z)V 212 0 84 0 -1
ciMethod java/io/ObjectInputStream$FieldValues <init> (Ljava/io/ObjectInputStream;Ljava/io/ObjectStreamClass;Z)V 1024 1820 5962 0 0
ciMethod java/io/ObjectInputStream$FieldValues defaultCheckFieldValues (Ljava/lang/Object;)V 1024 0 5956 0 0
ciMethod java/io/ObjectInputStream$FieldValues defaultSetFieldValues (Ljava/lang/Object;)V 1024 0 5956 0 0
ciMethod java/io/ObjectInputStream$GetField <init> ()V 1024 0 6088 0 0
ciMethod java/io/SerialCallbackContext <init> (Ljava/lang/Object;Ljava/io/ObjectStreamClass;)V 1024 0 2455 0 0
ciMethod java/io/SerialCallbackContext check ()V 0 0 1 0 0
ciMethod java/io/SerialCallbackContext setUsed ()V 1024 0 2454 0 0
ciMethodData java/io/ObjectStreamClass requireInitialized ()V 2 55105 orig 80 0 0 0 0 0 0 0 0 0 0 0 0 86 2 0 0 0 0 0 0 0 0 0 0 0 0 0 0 0 0 0 0 0 0 0 0 0 0 0 0 0 0 0 0 0 0 0 0 0 0 0 0 0 0 0 0 0 0 0 0 0 0 0 0 0 0 0 0 0 0 0 0 0 0 0 0 0 0 0 0 data 13 0x40007 0xd741 0x30 0x0 0xe0002 0x0 0x0 0x0 0x0 0x0 0x9 0x1 0x0 oops 0 methods 0
ciMethodData java/util/zip/InflaterInputStream read ()I 2 8279 orig 80 0 0 0 0 0 0 0 0 0 0 0 0 86 2 0 0 0 0 0 0 0 0 0 0 0 0 0 0 0 0 0 0 0 0 0 0 0 0 0 0 0 0 0 0 0 0 0 0 0 0 0 0 0 0 0 0 0 0 0 0 0 0 0 0 0 0 0 0 0 0 0 0 0 0 0 0 0 0 0 0 data 32 0x10005 0x2057 0x0 0x0 0x0 0x0 0x0 0xb0005 0x0 0x0 0x2563f490190 0x2057 0x0 0x0 0xf0007 0x2057 0x38 0x0 0x130003 0x0 0x28 0x1c0002 0x2057 0x0 0x0 0x0 0x0 0x0 0x0 0x9 0x1 0x0 oops 1 10 java/util/zip/ZipFile$ZipFileInflaterInputStream methods 0
ciMethodData java/io/FilterInputStream read ()I 2 8238 orig 80 0 0 0 0 0 0 0 0 0 0 0 0 86 2 0 0 0 0 0 0 0 0 0 0 0 0 0 0 0 0 0 0 0 0 0 0 0 0 0 0 0 0 0 0 0 0 0 0 0 0 0 0 0 0 0 0 0 0 0 0 0 0 0 0 0 0 0 0 0 0 0 0 0 0 0 0 0 0 0 0 data 16 0x40005 0x0 0x0 0x2563f490190 0x202e 0x0 0x0 0x0 0x0 0x0 0x0 0x0 0x0 0x9 0x1 0x0 oops 1 3 java/util/zip/ZipFile$ZipFileInflaterInputStream methods 0
ciMethodData java/io/ObjectInputStream$BlockDataInputStream readByte ()B 2 21206 orig 80 0 0 0 0 0 0 0 0 0 0 0 0 86 2 0 0 0 0 0 0 0 0 0 0 0 0 0 0 0 0 0 0 0 0 0 0 0 0 0 0 0 0 0 0 0 0 0 0 0 0 0 0 0 0 0 0 0 0 0 0 0 0 0 0 0 0 0 0 0 0 0 0 0 0 0 0 0 0 0 0 data 22 0x10005 0x0 0x0 0x256870e7b38 0x52d6 0x0 0x0 0x60007 0x52d6 0x30 0x0 0xd0002 0x0 0x0 0x0 0x0 0x0 0x0 0x0 0x9 0x1 0x0 oops 1 3 java/io/ObjectInputStream$BlockDataInputStream methods 0
ciMethodData java/io/ObjectInputStream$BlockDataInputStream read ()I 2 7337 orig 80 0 0 0 0 0 0 0 0 0 0 0 0 86 2 0 0 0 0 0 0 0 0 0 0 0 0 0 0 0 0 0 0 0 0 0 0 0 0 0 0 0 0 0 0 0 0 0 0 0 0 0 0 0 0 0 0 0 0 0 0 0 0 0 0 0 0 0 0 0 0 0 0 0 0 0 0 0 0 0 0 data 38 0x40007 0x1ca9 0xb0 0x0 0xf0007 0x0 0x58 0x0 0x130005 0x0 0x0 0x0 0x0 0x0 0x0 0x1a0007 0x0 0x38 0x0 0x310003 0x0 0x18 0x3a0005 0x0 0x0 0x25687bed7c8 0x1ca9 0x0 0x0 0x0 0x0 0x0 0x0 0x0 0x0 0x9 0x1 0x0 oops 1 25 java/io/ObjectInputStream$PeekInputStream methods 0
ciMethodData java/io/ObjectInputStream$BlockDataInputStream refill ()V 2 5050 orig 80 0 0 0 0 0 0 0 0 0 0 0 0 86 2 0 0 0 0 0 0 0 0 0 0 0 0 0 0 0 0 0 0 0 0 0 0 0 0 0 0 0 0 0 0 0 0 0 0 0 0 0 0 0 0 0 0 0 0 0 0 0 0 0 0 0 0 0 0 0 0 0 0 0 0 0 0 0 0 0 0 data 60 0x90007 0x13ba 0xc8 0x9a9 0x1c0002 0x9a9 0x1f0005 0x0 0x0 0x25687bed7c8 0x9a9 0x0 0x0 0x240007 0x0 0x38 0x9a9 0x360003 0x9a9 0x28 0x3f0002 0x0 0x430003 0x9a9 0x88 0x480005 0x13ba 0x0 0x0 0x0 0x0 0x0 0x4d0007 0xa11 0x38 0x9a9 0x5a0003 0x9a9 0x18 0x6f0007 0x9a9 0xfffffffffffffec8 0x13ba 0x720003 0x13ba 0x18 0x0 0x0 0x0 0x0 0x0 0x0 0x0 0x0 0x0 0x0 0x0 0x9 0x1 0x0 oops 1 9 java/io/ObjectInputStream$PeekInputStream methods 0
ciMethodData java/io/ObjectInputStream$PeekInputStream read ()I 2 7305 orig 80 0 0 0 0 0 0 0 0 0 0 0 0 86 2 0 0 0 0 0 0 0 0 0 0 0 0 0 0 0 0 0 0 0 0 0 0 0 0 0 0 0 0 0 0 0 0 0 0 0 0 0 0 0 0 0 0 0 0 0 0 0 0 0 0 0 0 0 0 0 0 0 0 0 0 0 0 0 0 0 0 data 27 0x40007 0xd 0x20 0x1c7c 0x170005 0x0 0x0 0x2563f48dc10 0xd 0x0 0x0 0x210007 0x0 0x38 0xd 0x250003 0xd 0x18 0x0 0x0 0x0 0x0 0x0 0x0 0x9 0x1 0x0 oops 1 7 sun/net/www/protocol/jar/JarURLConnection$JarURLInputStream methods 0
ciMethodData java/io/ObjectInputStream$BlockDataInputStream setBlockDataMode (Z)Z 2 6924 orig 80 0 0 0 0 0 0 0 0 0 0 0 0 0 0 0 0 0 0 0 0 0 0 0 0 0 0 0 0 0 0 0 0 0 0 0 0 0 0 0 0 0 0 0 0 0 0 0 0 0 0 0 0 0 0 0 0 0 0 0 0 0 0 0 0 0 0 0 0 0 0 0 0 0 0 0 0 0 0 0 0 data 34 0x50007 0xf1d 0x20 0xbf0 0xe0007 0x78e 0x38 0x78f 0x200003 0x78f 0x48 0x2b0007 0x78e 0x30 0x0 0x340002 0x0 0x410007 0x78f 0x38 0x78e 0x450003 0x78e 0x18 0x0 0x0 0x0 0x0 0x0 0x0 0x9 0x2 0x0 0x0 oops 0 methods 0
ciMethodData java/io/ObjectInputStream$PeekInputStream peek ()I 2 8828 orig 80 0 0 0 0 0 0 0 0 0 0 0 0 0 0 0 0 0 0 0 0 0 0 0 0 0 0 0 0 0 0 0 0 0 0 0 0 0 0 0 0 0 0 0 0 0 0 0 0 0 0 0 0 0 0 0 0 0 0 0 0 0 0 0 0 0 0 0 0 0 0 0 0 0 0 0 0 0 0 0 0 data 27 0x40007 0x1f41 0x20 0x33c 0x110005 0x0 0x0 0x2563f48dc10 0x1f41 0x0 0x0 0x200007 0x0 0x38 0x1f41 0x240003 0x1f41 0x18 0x0 0x0 0x0 0x0 0x0 0x0 0x9 0x1 0x0 oops 1 7 sun/net/www/protocol/jar/JarURLConnection$JarURLInputStream methods 0
ciMethodData java/io/ObjectInputStream$BlockDataInputStream peekByte ()B 2 20222 orig 80 0 0 0 0 0 0 0 0 0 0 0 0 86 2 0 0 0 0 0 0 0 0 0 0 0 0 0 0 0 0 0 0 0 0 0 0 0 0 0 0 0 0 0 0 0 0 0 0 0 0 0 0 0 0 0 0 0 0 0 0 0 0 0 0 0 0 0 0 0 0 0 0 0 0 0 0 0 0 0 0 data 22 0x10005 0x0 0x0 0x256870e7b38 0x4efe 0x0 0x0 0x60007 0x4efe 0x30 0x0 0xd0002 0x0 0x0 0x0 0x0 0x0 0x0 0x0 0x9 0x1 0x0 oops 1 3 java/io/ObjectInputStream$BlockDataInputStream methods 0
ciMethodData java/io/ObjectInputStream$BlockDataInputStream peek ()I 2 10871 orig 80 0 0 0 0 0 0 0 0 0 0 0 0 86 2 0 0 0 0 0 0 0 0 0 0 0 0 0 0 0 0 0 0 0 0 0 0 0 0 0 0 0 0 0 0 0 0 0 0 0 0 0 0 0 0 0 0 0 0 0 0 0 0 0 0 0 0 0 0 0 0 0 0 0 0 0 0 0 0 0 0 data 38 0x40007 0x2a77 0xb0 0x0 0xf0007 0x0 0x58 0x0 0x130005 0x0 0x0 0x0 0x0 0x0 0x0 0x1a0007 0x0 0x38 0x0 0x2a0003 0x0 0x18 0x330005 0x0 0x0 0x25687bed7c8 0x2a77 0x0 0x0 0x0 0x0 0x0 0x0 0x0 0x0 0x9 0x1 0x0 oops 1 25 java/io/ObjectInputStream$PeekInputStream methods 0
ciMethodData java/io/ObjectInputStream$PeekInputStream read ([BII)I 2 10035 orig 80 0 0 0 0 0 0 0 0 0 0 0 0 86 2 0 0 0 0 0 0 0 0 0 0 0 0 0 0 0 0 0 0 0 0 0 0 0 0 0 0 0 0 0 0 0 0 0 0 0 0 0 0 0 0 0 0 0 0 0 0 0 0 0 0 0 0 0 0 0 0 0 0 0 0 0 0 0 0 0 0 data 55 0x10007 0x2733 0x20 0x0 0xa0007 0x4db 0x90 0x2258 0x140005 0x0 0x0 0x2563f48dc10 0x2258 0x0 0x0 0x200007 0x0 0x38 0x2258 0x260003 0x2258 0x18 0x4b0005 0x0 0x0 0x2563f48dc10 0x4db 0x0 0x0 0x570007 0x0 0x38 0x4db 0x5d0003 0x4db 0x18 0x670007 0x0 0x38 0x4db 0x6e0003 0x4db 0x18 0x0 0x0 0x0 0x0 0x0 0x0 0x9 0x4 0x0 0x0 0x0 0x0 oops 2 11 sun/net/www/protocol/jar/JarURLConnection$JarURLInputStream 25 sun/net/www/protocol/jar/JarURLConnection$JarURLInputStream methods 0
ciMethodData java/io/ObjectInputStream readObject0 (Ljava/lang/Class;Z)Ljava/lang/Object; 2 11926 orig 80 0 0 0 0 0 0 0 0 0 0 0 0 86 2 0 0 0 0 0 0 0 0 0 0 0 0 0 0 0 0 0 0 0 0 0 0 0 0 0 0 0 0 0 0 0 0 0 0 0 0 0 0 0 0 0 0 0 0 0 0 0 0 0 0 0 0 0 0 0 0 0 0 0 0 0 0 0 0 0 0 data 394 0x40005 0x0 0x0 0x256870e7b38 0x2e96 0x0 0x0 0x90007 0x2219 0xf0 0xc7d 0x100005 0x0 0x0 0x256870e7b38 0xc7d 0x0 0x0 0x170007 0xc7d 0x30 0x0 0x200002 0x0 0x280007 0xc7d 0x30 0x0 0x300002 0x0 0x390005 0x0 0x0 0x256870e7b38 0xc7d 0x0 0x0 0x410005 0x0 0x0 0x256870e7b38 0x2e96 0x0 0x0 0x490007 0x2e96 0xa8 0x0 0x500005 0x0 0x0 0x0 0x0 0x0 0x0 0x550005 0x0 0x0 0x0 0x0 0x0 0x0 0x580003 0x0 0xffffffffffffff38 0x710008 0x20 0x0 0x838 0x10cb 0x110 0x6 0x180 0x0 0x2c8 0x12f6 0x5c0 0xacf 0x368 0x0 0x410 0x0 0x228 0x0 0x710 0x0 0x7f8 0x0 0x838 0x0 0x710 0x0 0x698 0x0 0x368 0x0 0x2c8 0x0 0x4e8 0xbd0005 0x10cb 0x0 0x0 0x0 0x0 0x0 0xd10005 0x0 0x0 0x256870e7b38 0x10cb 0x0 0x0 0xdb0005 0x6 0x0 0x0 0x0 0x0 0x0 0xde0005 0x6 0x0 0x0 0x0 0x0 0x0 0xf20005 0x0 0x0 0x256870e7b38 0x6 0x0 0x0 0xfc0007 0x0 0x30 0x0 0x1060002 0x0 0x10c0005 0x0 0x0 0x0 0x0 0x0 0x0 0x1200005 0x0 0x0 0x0 0x0 0x0 0x0 0x12a0007 0x0 0x30 0x0 0x1340002 0x0 0x13a0005 0x0 0x0 0x0 0x0 0x0 0x0 0x14e0005 0x0 0x0 0x0 0x0 0x0 0x0 0x1580005 0xacf 0x0 0x0 0x0 0x0 0x0 0x15b0005 0xacf 0x0 0x0 0x0 0x0 0x0 0x16f0005 0x0 0x0 0x256870e7b38 0xacf 0x0 0x0 0x1790007 0x0 0x30 0x0 0x1830002 0x0 0x18a0005 0x0 0x0 0x0 0x0 0x0 0x0 0x18d0005 0x0 0x0 0x0 0x0 0x0 0x0 0x1a10005 0x0 0x0 0x0 0x0 0x0 0x0 0x1ab0007 0x0 0x30 0x0 0x1b50002 0x0 0x1bc0005 0x0 0x0 0x0 0x0 0x0 0x0 0x1bf0005 0x0 0x0 0x0 0x0 0x0 0x0 0x1d30005 0x0 0x0 0x0 0x0 0x0 0x0 0x1dd0007 0x12f6 0x30 0x0 0x1e70002 0x0 0x1ee0005 0x12f6 0x0 0x0 0x0 0x0 0x0 0x1f10005 0x12f6 0x0 0x0 0x0 0x0 0x0 0x2050005 0x0 0x0 0x256870e7b38 0x12f6 0x0 0x0 0x20f0007 0x0 0x30 0x0 0x2190002 0x0 0x21e0005 0x0 0x0 0x0 0x0 0x0 0x0 0x22c0002 0x0 0x2310007 0x0 0xd8 0x0 0x2390005 0x0 0x0 0x0 0x0 0x0 0x0 0x2410005 0x0 0x0 0x0 0x0 0x0 0x0 0x24d0005 0x0 0x0 0x0 0x0 0x0 0x0 0x2500002 0x0 0x25b0002 0x0 0x2600007 0x0 0x30 0x0 0x2680002 0x0 0x2730002 0x0 0x2860002 0x0 0x2890004 0x0 0x0 0x0 0x0 0x0 0x0 0x28a0002 0x0 0x28d0002 0x0 0x2a20005 0x0 0x0 0x0 0x0 0x0 0x0 0x0 0x0 0x0 0x0 0x0 0x0 0x0 0x0 0x0 0x0 0x0 0x0 0x0 0x0 0x0 0x0 0x0 0x0 0x0 0x0 0x0 0x0 0x0 0x0 0x0 0x0 0x0 0x0 0x0 0x0 0x0 0x0 0x0 0x0 0x0 0x0 0x0 0x0 0x0 0x0 0x0 0x9 0x3 0x0 0x0 0x0 oops 8 3 java/io/ObjectInputStream$BlockDataInputStream 14 java/io/ObjectInputStream$BlockDataInputStream 33 java/io/ObjectInputStream$BlockDataInputStream 40 java/io/ObjectInputStream$BlockDataInputStream 109 java/io/ObjectInputStream$BlockDataInputStream 130 java/io/ObjectInputStream$BlockDataInputStream 191 java/io/ObjectInputStream$BlockDataInputStream 272 java/io/ObjectInputStream$BlockDataInputStream methods 0
ciMethodData java/io/ObjectInputStream$HandleTable lookupException (I)Ljava/lang/ClassNotFoundException; 2 16991 orig 80 0 0 0 0 0 0 0 0 0 0 0 0 0 0 0 0 0 0 0 0 0 0 0 0 0 0 0 0 0 0 0 0 0 0 0 0 0 0 0 0 0 0 0 0 0 0 0 0 0 0 0 0 0 0 0 0 0 0 0 0 0 0 0 0 0 0 0 0 0 0 0 0 0 0 0 0 0 0 0 0 data 28 0x20007 0x1b 0x90 0x4245 0xc0007 0x4245 0x70 0x0 0x150004 0x0 0x0 0x0 0x0 0x0 0x0 0x180003 0x0 0x18 0x0 0x0 0x0 0x0 0x0 0x0 0x9 0x2 0x0 0x0 oops 0 methods 0
ciMethodData java/io/ObjectInputStream$PeekInputStream readFully ([BII)V 2 7102 orig 80 0 0 0 0 0 0 0 0 0 0 0 0 0 0 0 0 0 0 0 0 0 0 0 0 0 0 0 0 0 0 0 0 0 0 0 0 0 0 0 0 0 0 0 0 0 0 0 0 0 0 0 0 0 0 0 0 0 0 0 0 0 0 0 0 0 0 0 0 0 0 0 0 0 0 0 0 0 0 0 0 data 32 0x60007 0x1bbf 0xa0 0x1bbf 0x130005 0x0 0x0 0x25687bed7c8 0x1bbf 0x0 0x0 0x1a0007 0x1bbf 0x30 0x0 0x210002 0x0 0x2c0003 0x1bbf 0xffffffffffffff78 0x0 0x0 0x0 0x0 0x0 0x0 0x9 0x4 0x0 0x0 0x0 0x0 oops 1 7 java/io/ObjectInputStream$PeekInputStream methods 0
ciMethodData java/io/ObjectInputStream$HandleTable markDependency (II)V 2 12389 orig 80 0 0 0 0 0 0 0 0 0 0 0 0 0 0 0 0 0 0 0 0 0 0 0 0 0 0 0 0 0 0 0 0 0 0 0 0 0 0 0 0 0 0 0 0 0 0 0 0 0 0 0 0 0 0 0 0 0 0 0 0 0 0 0 0 0 0 0 0 0 0 0 0 0 0 0 0 0 0 0 0 data 102 0x20007 0x12 0x60 0x3054 0x70007 0x8d8 0x40 0x277c 0xc0007 0x161a 0x20 0x1162 0x160008 0x6 0x0 0x250 0x161a 0x40 0x0 0x238 0x360008 0x8 0x0 0x1e8 0x161a 0x50 0x0 0xf0 0x0 0x68 0x500003 0x161a 0x1d0 0x5b0004 0x0 0x0 0x0 0x0 0x0 0x0 0x5e0005 0x0 0x0 0x0 0x0 0x0 0x0 0x610003 0x0 0x148 0x6a0007 0x0 0x68 0x0 0x760002 0x0 0x790004 0x0 0x0 0x0 0x0 0x0 0x0 0x810005 0x0 0x0 0x0 0x0 0x0 0x0 0x880007 0x0 0x40 0x0 0x900007 0x0 0x70 0x0 0x980003 0x0 0x50 0x9f0002 0x0 0xa30003 0x0 0x28 0xaa0002 0x0 0x0 0x0 0x0 0x0 0x0 0x0 0x0 0x0 0x0 0x9 0x3 0x0 0x0 0x0 oops 0 methods 0
ciMethodData java/io/ObjectStreamClass$FieldReflector setObjFieldValues (Ljava/lang/Object;[Ljava/lang/Object;Z)V 2 6744 orig 80 0 0 0 0 0 0 0 0 0 0 0 0 0 0 0 0 0 0 0 0 0 0 0 0 0 0 0 0 0 0 0 0 0 0 0 0 0 0 0 0 0 0 0 0 0 0 0 0 0 0 0 0 0 0 0 0 0 0 0 0 0 0 0 0 0 0 0 0 0 0 0 0 0 0 0 0 0 0 0 0 data 232 0x10007 0x1a59 0x30 0x0 0x80002 0x0 0x190007 0x1a59 0x688 0x34b3 0x2b0007 0x34b3 0x38 0x0 0x2e0003 0x0 0x630 0x380008 0x6 0x0 0x608 0x34b3 0x40 0x0 0x40 0x610007 0x19df 0x530 0x1ad4 0x720005 0x1ad4 0x0 0x0 0x0 0x0 0x0 0x750007 0x1ad4 0x4d8 0x0 0x7f0005 0x0 0x0 0x0 0x0 0x0 0x0 0x8c0002 0x0 0x910005 0x0 0x0 0x0 0x0 0x0 0x0 0x960005 0x0 0x0 0x0 0x0 0x0 0x0 0x990005 0x0 0x0 0x0 0x0 0x0 0x0 0x9c0005 0x0 0x0 0x0 0x0 0x0 0x0 0xa10005 0x0 0x0 0x0 0x0 0x0 0x0 0xa60005 0x0 0x0 0x0 0x0 0x0 0x0 0xa90005 0x0 0x0 0x0 0x0 0x0 0x0 0xac0005 0x0 0x0 0x0 0x0 0x0 0x0 0xb20005 0x0 0x0 0x0 0x0 0x0 0x0 0xb70005 0x0 0x0 0x0 0x0 0x0 0x0 0xba0005 0x0 0x0 0x0 0x0 0x0 0x0 0xc00005 0x0 0x0 0x0 0x0 0x0 0x0 0xc50005 0x0 0x0 0x0 0x0 0x0 0x0 0xc80005 0x0 0x0 0x0 0x0 0x0 0x0 0xcb0005 0x0 0x0 0x0 0x0 0x0 0x0 0xd10005 0x0 0x0 0x0 0x0 0x0 0x0 0xd50005 0x0 0x0 0x0 0x0 0x0 0x0 0xd80005 0x0 0x0 0x0 0x0 0x0 0x0 0xdb0005 0x0 0x0 0x0 0x0 0x0 0x0 0xde0005 0x0 0x0 0x0 0x0 0x0 0x0 0xe10002 0x0 0xe60007 0x1a58 0x80 0x1a5b 0xf1000b 0x1af 0x0 0x0 0x0 0x0 0x0 0x4 0x1 0x2 0x4 0x3 0xf40003 0x34b3 0x28 0xfb0002 0x0 0x1020003 0x34b3 0xfffffffffffff990 0x0 0x0 0x0 0x0 0x0 0x0 0x0 0x0 0x0 0x0 0x0 0x9 0x4 0x0 0x0 0x0 0x0 oops 0 methods 0
ciMethodData java/io/ObjectStreamClass hasWriteObjectData ()Z 2 8084 orig 80 0 0 0 0 0 0 0 0 0 0 0 0 0 0 0 0 0 0 0 0 0 0 0 0 0 0 0 0 0 0 0 0 0 0 0 0 0 0 0 0 0 0 0 0 0 0 0 0 0 0 0 0 0 0 0 0 0 0 0 0 0 0 0 0 0 0 0 0 0 0 0 0 0 0 0 0 0 0 0 0 data 16 0x10005 0x1f95 0x0 0x0 0x0 0x0 0x0 0x0 0x0 0x0 0x0 0x0 0x0 0x9 0x1 0x0 oops 0 methods 0
ciMethodData java/io/ObjectStreamClass hasReadObjectMethod ()Z 2 5994 orig 80 0 0 0 0 0 0 0 0 0 0 0 0 0 0 0 0 0 0 0 0 0 0 0 0 0 0 0 0 0 0 0 0 0 0 0 0 0 0 0 0 0 0 0 0 0 0 0 0 0 0 0 0 0 0 0 0 0 0 0 0 0 0 0 0 0 0 0 0 0 0 0 0 0 0 0 0 0 0 0 0 data 23 0x10005 0x176b 0x0 0x0 0x0 0x0 0x0 0x80007 0xea3 0x38 0x8c8 0xc0003 0x8c8 0x18 0x0 0x0 0x0 0x0 0x0 0x0 0x9 0x1 0x0 oops 0 methods 0
ciMethodData java/io/ObjectInputStream$FieldValues <init> (Ljava/io/ObjectInputStream;Ljava/io/ObjectStreamClass;Z)V 2 5576 orig 80 0 0 0 0 0 0 0 0 0 0 0 0 0 0 0 0 0 0 0 0 0 0 0 0 0 0 0 0 0 0 0 0 0 0 0 0 0 0 0 0 0 0 0 0 0 0 0 0 0 0 0 0 0 0 0 0 0 0 0 0 0 0 0 0 0 0 0 0 0 0 0 0 0 0 0 0 0 0 0 0 data 126 0x60002 0x15c9 0xf0005 0x15c9 0x0 0x0 0x0 0x0 0x0 0x170007 0xae6 0x38 0xae3 0x1e0003 0xae3 0x18 0x270007 0xae6 0x58 0xae3 0x360005 0x0 0x0 0x256870e7b38 0xae3 0x0 0x0 0x3a0005 0x15c9 0x0 0x0 0x0 0x0 0x0 0x420007 0x3ee 0x38 0x11db 0x4a0003 0x11db 0x18 0x540007 0x3ee 0x38 0x11db 0x5b0003 0x11db 0x18 0x640007 0x3ee 0x1e8 0x11db 0x6f0005 0x11db 0x0 0x0 0x0 0x0 0x0 0x890007 0x11db 0x190 0x23b5 0xa10005 0x0 0x0 0x2568575a978 0x23b5 0x0 0x0 0xa40005 0x23b5 0x0 0x0 0x0 0x0 0x0 0xa70104 0x0 0x0 0x2563f13f328 0x94e 0x2568575c710 0x8e8 0xb40007 0x0 0xb0 0x23b5 0xb90005 0x0 0x0 0x2568575a978 0x23b5 0x0 0x0 0xbc0007 0x0 0x58 0x23b5 0xc90005 0x23b5 0x0 0x0 0x0 0x0 0x0 0xcf0003 0x23b5 0xfffffffffffffe88 0x0 0x0 0x0 0x0 0x0 0x0 0x0 0x0 0x0 0x0 0x0 0x9 0x4 0x0 0x0 0x0 0x0 oops 5 23 java/io/ObjectInputStream$BlockDataInputStream 66 java/io/ObjectStreamField 80 java/lang/String 82 java/util/TreeMap 91 java/io/ObjectStreamField methods 0
ciMethodData java/io/ObjectInputStream$GetField <init> ()V 2 5576 orig 80 0 0 0 0 0 0 0 0 0 0 0 0 0 0 0 0 0 0 0 0 0 0 0 0 0 0 0 0 0 0 0 0 0 0 0 0 0 0 0 0 0 0 0 0 0 0 0 0 0 0 0 0 0 0 0 0 0 0 0 0 0 0 0 0 0 0 0 0 0 0 0 0 0 0 0 0 0 0 0 0 data 7 0x10002 0x15c9 0x0 0x0 0x9 0x1 0x0 oops 0 methods 0
ciMethodData java/io/ObjectInputStream$FieldValues defaultCheckFieldValues (Ljava/lang/Object;)V 2 5576 orig 80 0 0 0 0 0 0 0 0 0 0 0 0 0 0 0 0 0 0 0 0 0 0 0 0 0 0 0 0 0 0 0 0 0 0 0 0 0 0 0 0 0 0 0 0 0 0 0 0 0 0 0 0 0 0 0 0 0 0 0 0 0 0 0 0 0 0 0 0 0 0 0 0 0 0 0 0 0 0 0 0 data 21 0x40007 0x3ee 0x58 0x11db 0x100005 0x11db 0x0 0x0 0x0 0x0 0x0 0x0 0x0 0x0 0x0 0x0 0x0 0x9 0x2 0x0 0x0 oops 0 methods 0
ciMethodData java/io/ObjectInputStream$FieldValues defaultSetFieldValues (Ljava/lang/Object;)V 2 5576 orig 80 0 0 0 0 0 0 0 0 0 0 0 0 0 0 0 0 0 0 0 0 0 0 0 0 0 0 0 0 0 0 0 0 0 0 0 0 0 0 0 0 0 0 0 0 0 0 0 0 0 0 0 0 0 0 0 0 0 0 0 0 0 0 0 0 0 0 0 0 0 0 0 0 0 0 0 0 0 0 0 0 data 32 0x40007 0xae5 0x58 0xae4 0x100005 0xae4 0x0 0x0 0x0 0x0 0x0 0x170007 0x3ee 0x58 0x11db 0x230005 0x11db 0x0 0x0 0x0 0x0 0x0 0x0 0x0 0x0 0x0 0x0 0x0 0x9 0x2 0x0 0x0 oops 0 methods 0
ciMethodData java/io/ObjectInputStream readSerialData (Ljava/lang/Object;Ljava/io/ObjectStreamClass;)V 2 4918 orig 80 0 0 0 0 0 0 0 0 0 0 0 0 0 0 0 0 0 0 0 0 0 0 0 0 0 0 0 0 0 0 0 0 0 0 0 0 0 0 0 0 0 0 0 0 0 0 0 0 0 0 0 0 0 0 0 0 0 0 0 0 0 0 0 0 0 0 0 0 0 0 0 0 0 0 0 0 0 0 0 0 data 346 0x10005 0x1335 0x0 0x0 0x0 0x0 0x0 0x120007 0x1335 0x100 0x1ed 0x200005 0x1ed 0x0 0x0 0x0 0x0 0x0 0x230007 0x0 0x78 0x1ed 0x280005 0x1ed 0x0 0x0 0x0 0x0 0x0 0x2b0007 0x1ed 0x38 0x0 0x310003 0x0 0x30 0x370003 0x1ed 0xffffffffffffff18 0x3c0007 0x0 0x20 0x1335 0x4d0007 0x1335 0x768 0x1522 0x600007 0x0 0x628 0x1522 0x640007 0x0 0x78 0x1522 0x6f0005 0x1522 0x0 0x0 0x0 0x0 0x0 0x720007 0x1522 0x48 0x0 0x7d0002 0x0 0x810003 0x0 0x488 0x860005 0x1522 0x0 0x0 0x0 0x0 0x0 0x890007 0xc84 0x328 0x89e 0x940007 0x89e 0x58 0x0 0x990005 0x0 0x0 0x0 0x0 0x0 0x0 0xa40002 0x89e 0xaf0005 0x0 0x0 0x256870e7b38 0x89e 0x0 0x0 0xb70005 0x89e 0x0 0x0 0x0 0x0 0x0 0xbe0005 0x89e 0x0 0x0 0x0 0x0 0x0 0xc30007 0x89e 0x58 0x0 0xc80005 0x0 0x0 0x0 0x0 0x0 0x0 0xd10003 0x89e 0x188 0xe00005 0x0 0x0 0x0 0x0 0x0 0x0 0xe70005 0x0 0x0 0x0 0x0 0x0 0x0 0xec0007 0x0 0x58 0x0 0xf10005 0x0 0x0 0x0 0x0 0x0 0x0 0xfa0003 0x0 0xa8 0x1030005 0x0 0x0 0x0 0x0 0x0 0x0 0x1080007 0x0 0x58 0x0 0x10d0005 0x0 0x0 0x0 0x0 0x0 0x0 0x11e0003 0x89e 0x128 0x1290002 0xc84 0x1300007 0x0 0x70 0xc84 0x1390004 0x0 0x0 0x256870e7be8 0xc84 0x0 0x0 0x13a0003 0xc84 0xa8 0x13e0007 0x0 0x90 0x0 0x1440005 0x0 0x0 0x0 0x0 0x0 0x0 0x14a0005 0x0 0x0 0x0 0x0 0x0 0x0 0x14f0005 0x1522 0x0 0x0 0x0 0x0 0x0 0x1520007 0xc84 0x70 0x89e 0x1560005 0x89e 0x0 0x0 0x0 0x0 0x0 0x1590003 0x89e 0x170 0x1610005 0x0 0x0 0x256870e7b38 0xc84 0x0 0x0 0x1650003 0xc84 0x120 0x1690007 0x0 0x108 0x0 0x16e0005 0x0 0x0 0x0 0x0 0x0 0x0 0x1710007 0x0 0xb0 0x0 0x17c0005 0x0 0x0 0x0 0x0 0x0 0x0 0x17f0007 0x0 0x58 0x0 0x1850005 0x0 0x0 0x0 0x0 0x0 0x0 0x18b0003 0x1522 0xfffffffffffff8b0 0x18f0007 0x0 0x160 0x1335 0x1940007 0x0 0x140 0x1335 0x19e0007 0x1335 0x90 0x1522 0x1a60007 0x89e 0x58 0xc84 0x1af0005 0xc84 0x0 0x0 0x0 0x0 0x0 0x1b50003 0x1522 0xffffffffffffff88 0x1bf0007 0x1335 0x90 0x1522 0x1c70007 0x89e 0x58 0xc84 0x1d00005 0xc84 0x0 0x0 0x0 0x0 0x0 0x1d60003 0x1522 0xffffffffffffff88 0x0 0x0 0x0 0x0 0x0 0x0 0x0 0x0 0x0 0x0 0x0 0x0 0x0 0x0 0x0 0x0 0x0 0x9 0x3 0x0 0x0 0x0 oops 3 98 java/io/ObjectInputStream$BlockDataInputStream 188 java/io/ObjectInputStream$FieldValues 237 java/io/ObjectInputStream$BlockDataInputStream methods 0
ciMethodData java/io/ObjectStreamClass getClassDataLayout ()[Ljava/io/ObjectStreamClass$ClassDataSlot; 2 4942 orig 80 0 0 0 0 0 0 0 0 0 0 0 0 0 0 0 0 0 0 0 0 0 0 0 0 0 0 0 0 0 0 0 0 0 0 0 0 0 0 0 0 0 0 0 0 0 0 0 0 0 0 0 0 0 0 0 0 0 0 0 0 0 0 0 0 0 0 0 0 0 0 0 0 0 0 0 0 0 0 0 0 data 20 0x40007 0x130c 0x58 0x43 0x90005 0x43 0x0 0x0 0x0 0x0 0x0 0x0 0x0 0x0 0x0 0x0 0x0 0x9 0x1 0x0 oops 0 methods 0
ciMethodData java/io/ObjectInputStream$BlockDataInputStream read ([BIIZ)I 2 5039 orig 80 0 0 0 0 0 0 0 0 0 0 0 0 0 0 0 0 0 0 0 0 0 0 0 0 0 0 0 0 0 0 0 0 0 0 0 0 0 0 0 0 0 0 0 0 0 0 0 0 0 0 0 0 0 0 0 0 0 0 0 0 0 0 0 0 0 0 0 0 0 0 0 0 0 0 0 0 0 0 0 0 data 69 0x10007 0x13b0 0x20 0x0 0xa0007 0xad5 0xb8 0x8db 0x150007 0x0 0x58 0x8db 0x190005 0x8db 0x0 0x0 0x0 0x0 0x0 0x200007 0x8db 0x20 0x0 0x2f0002 0x8db 0x400002 0x8db 0x530007 0xad5 0x98 0x0 0x630002 0x0 0x660005 0x0 0x0 0x0 0x0 0x0 0x0 0x6d0007 0x0 0x30 0x0 0x790002 0x0 0x860005 0x0 0x0 0x25687bed7c8 0xad5 0x0 0x0 0x0 0x0 0x0 0x0 0x0 0x0 0x0 0x0 0x0 0x9 0x5 0x0 0x0 0x0 0x0 0x0 oops 1 49 java/io/ObjectInputStream$PeekInputStream methods 0
ciMethodData java/io/ObjectInputStream$BlockDataInputStream readBlockHeader (Z)I 2 4610 orig 80 0 0 0 0 0 0 0 0 0 0 0 0 0 0 0 0 0 0 0 0 0 0 0 0 0 0 0 0 0 0 0 0 0 0 0 0 0 0 0 0 0 0 0 0 0 0 0 0 0 0 0 0 0 0 0 0 0 0 0 0 0 0 0 0 0 0 0 0 0 0 0 0 0 0 0 0 0 0 0 0 data 157 0x70007 0x1203 0x20 0x0 0xd0007 0x0 0x38 0x1203 0x120003 0x1203 0x50 0x190005 0x0 0x0 0x0 0x0 0x0 0x0 0x1e0007 0x1203 0x20 0x0 0x280005 0x0 0x0 0x25687bed7c8 0x1203 0x0 0x0 0x2d0008 0xa 0x0 0x290 0x8ce 0x60 0x935 0x290 0x0 0x208 0x0 0xb8 0x4e0007 0x8ce 0x20 0x0 0x5e0005 0x0 0x0 0x25687bed7c8 0x8ce 0x0 0x0 0x6e0007 0x0 0x20 0x0 0x7e0005 0x0 0x0 0x0 0x0 0x0 0x0 0x860002 0x0 0x8d0007 0x0 0xe8 0x0 0x980002 0x0 0x9d0005 0x0 0x0 0x0 0x0 0x0 0x0 0xa20005 0x0 0x0 0x0 0x0 0x0 0x0 0xa50005 0x0 0x0 0x0 0x0 0x0 0x0 0xa80002 0x0 0xb30005 0x0 0x0 0x0 0x0 0x0 0x0 0xbb0005 0x0 0x0 0x0 0x0 0x0 0x0 0xbe0003 0x0 0xe0 0xc20007 0x0 0xc8 0x935 0xc80007 0x0 0x40 0x935 0xce0007 0x935 0x88 0x0 0xde0002 0x0 0xe10004 0x0 0x0 0x0 0x0 0x0 0x0 0xe20002 0x0 0xe50002 0x0 0xeb0003 0x0 0xfffffffffffffbe0 0xf50002 0x0 0x0 0x0 0x0 0x0 0x0 0x0 0x0 0x0 0x0 0x0 0x0 0x0 0x9 0x2 0x0 0x0 oops 2 25 java/io/ObjectInputStream$PeekInputStream 48 java/io/ObjectInputStream$PeekInputStream methods 0
ciMethodData java/io/ObjectStreamClass getFields (Z)[Ljava/io/ObjectStreamField; 2 4514 orig 80 0 0 0 0 0 0 0 0 0 0 0 0 0 0 0 0 0 0 0 0 0 0 0 0 0 0 0 0 0 0 0 0 0 0 0 0 0 0 0 0 0 0 0 0 0 0 0 0 0 0 0 0 0 0 0 0 0 0 0 0 0 0 0 0 0 0 0 0 0 0 0 0 0 0 0 0 0 0 0 0 data 31 0x10007 0x11a3 0xa8 0x0 0x80005 0x0 0x0 0x0 0x0 0x0 0x0 0xb0004 0x0 0x0 0x0 0x0 0x0 0x0 0xe0003 0x0 0x18 0x0 0x0 0x0 0x0 0x0 0x0 0x9 0x2 0x0 0x0 oops 0 methods 0
ciMethodData java/io/ObjectStreamClass checkObjFieldValueTypes (Ljava/lang/Object;[Ljava/lang/Object;)V 2 4514 orig 80 0 0 0 0 0 0 0 0 0 0 0 0 0 0 0 0 0 0 0 0 0 0 0 0 0 0 0 0 0 0 0 0 0 0 0 0 0 0 0 0 0 0 0 0 0 0 0 0 0 0 0 0 0 0 0 0 0 0 0 0 0 0 0 0 0 0 0 0 0 0 0 0 0 0 0 0 0 0 0 0 data 18 0x60005 0x11a3 0x0 0x0 0x0 0x0 0x0 0x0 0x0 0x0 0x0 0x0 0x0 0x9 0x3 0x0 0x0 0x0 oops 0 methods 0
ciMethodData java/io/ObjectStreamClass$FieldReflector checkObjectFieldValueTypes (Ljava/lang/Object;[Ljava/lang/Object;)V 2 4514 orig 80 0 0 0 0 0 0 0 0 0 0 0 0 0 0 0 0 0 0 0 0 0 0 0 0 0 0 0 0 0 0 0 0 0 0 0 0 0 0 0 0 0 0 0 0 0 0 0 0 0 0 0 0 0 0 0 0 0 0 0 0 0 0 0 0 0 0 0 0 0 0 0 0 0 0 0 0 0 0 0 0 data 18 0x40005 0x11a3 0x0 0x0 0x0 0x0 0x0 0x0 0x0 0x0 0x0 0x0 0x0 0x9 0x3 0x0 0x0 0x0 oops 0 methods 0
ciMethodData java/io/ObjectStreamClass setObjFieldValues (Ljava/lang/Object;[Ljava/lang/Object;)V 2 4514 orig 80 0 0 0 0 0 0 0 0 0 0 0 0 0 0 0 0 0 0 0 0 0 0 0 0 0 0 0 0 0 0 0 0 0 0 0 0 0 0 0 0 0 0 0 0 0 0 0 0 0 0 0 0 0 0 0 0 0 0 0 0 0 0 0 0 0 0 0 0 0 0 0 0 0 0 0 0 0 0 0 0 data 18 0x60005 0x11a3 0x0 0x0 0x0 0x0 0x0 0x0 0x0 0x0 0x0 0x0 0x0 0x9 0x3 0x0 0x0 0x0 oops 0 methods 0
ciMethodData java/io/ObjectStreamClass$FieldReflector setObjFieldValues (Ljava/lang/Object;[Ljava/lang/Object;)V 2 4514 orig 80 0 0 0 0 0 0 0 0 0 0 0 0 0 0 0 0 0 0 0 0 0 0 0 0 0 0 0 0 0 0 0 0 0 0 0 0 0 0 0 0 0 0 0 0 0 0 0 0 0 0 0 0 0 0 0 0 0 0 0 0 0 0 0 0 0 0 0 0 0 0 0 0 0 0 0 0 0 0 0 0 data 18 0x40005 0x11a3 0x0 0x0 0x0 0x0 0x0 0x0 0x0 0x0 0x0 0x0 0x0 0x9 0x3 0x0 0x0 0x0 oops 0 methods 0
ciMethodData java/io/ObjectInputStream$HandleTable markException (ILjava/lang/ClassNotFoundException;)V 1 0 orig 80 0 0 0 0 0 0 0 0 0 0 0 0 86 2 0 0 0 0 0 0 0 0 0 0 0 0 0 0 0 0 0 0 0 0 0 0 0 0 0 0 0 0 0 0 0 0 0 0 0 0 0 0 0 0 0 0 0 0 0 0 0 0 0 0 0 0 0 0 0 0 0 0 0 0 0 0 0 0 0 0 data 73 0x60008 0x6 0x0 0x1e0 0x0 0x40 0x0 0x1c8 0x2d0004 0x0 0x0 0x0 0x0 0x0 0x0 0x360007 0x0 0x178 0x0 0x3a0005 0x0 0x0 0x0 0x0 0x0 0x0 0x460007 0x0 0xa8 0x0 0x4d0005 0x0 0x0 0x0 0x0 0x0 0x0 0x510005 0x0 0x0 0x0 0x0 0x0 0x0 0x570003 0x0 0xffffffffffffff70 0x600004 0x0 0x0 0x0 0x0 0x0 0x0 0x610003 0x0 0x40 0x640003 0x0 0x28 0x6b0002 0x0 0x0 0x0 0x0 0x0 0x0 0x0 0x9 0x3 0x0 0x0 0x0 oops 0 methods 0
ciMethodData java/io/ObjectInputStream$BlockDataInputStream readFully ([BIIZ)V 2 2709 orig 80 0 0 0 0 0 0 0 0 0 0 0 0 86 2 0 0 0 0 0 0 0 0 0 0 0 0 0 0 0 0 0 0 0 0 0 0 0 0 0 0 0 0 0 0 0 0 0 0 0 0 0 0 0 0 0 0 0 0 0 0 0 0 0 0 0 0 0 0 0 0 0 0 0 0 0 0 0 0 0 0 data 33 0x10007 0xa95 0xa0 0xa95 0xa0005 0x0 0x0 0x256870e7b38 0xa95 0x0 0x0 0x110007 0xa95 0x30 0x0 0x180002 0x0 0x260003 0xa95 0xffffffffffffff78 0x0 0x0 0x0 0x0 0x0 0x0 0x9 0x5 0x0 0x0 0x0 0x0 0x0 oops 1 7 java/io/ObjectInputStream$BlockDataInputStream methods 0
ciMethodData java/lang/reflect/Method isCallerSensitive ()Z 2 2878 orig 80 0 0 0 0 0 0 0 0 0 0 0 0 0 0 0 0 0 0 0 0 0 0 0 0 0 0 0 0 0 0 0 0 0 0 0 0 0 0 0 0 0 0 0 0 0 0 0 0 0 0 0 0 0 0 0 0 0 0 0 0 0 0 0 0 0 0 0 0 0 0 0 0 0 0 0 0 0 0 0 0 data 29 0x60007 0x9c4 0x68 0x17b 0xb0002 0x17b 0xe0007 0x17b 0x38 0x0 0x120003 0x0 0x18 0x1d0007 0xb40 0x38 0x0 0x210003 0x0 0x18 0x0 0x0 0x0 0x0 0x0 0x0 0x9 0x1 0xffffffffffffffff oops 0 methods 0
ciMethodData java/lang/reflect/Method invoke (Ljava/lang/Object;[Ljava/lang/Object;)Ljava/lang/Object; 2 2709 orig 80 0 0 0 0 0 0 0 0 0 0 0 0 0 0 0 0 0 0 0 0 0 0 0 0 0 0 0 0 0 0 0 0 0 0 0 0 0 0 0 0 0 0 0 0 0 0 0 0 0 0 0 0 0 0 0 0 0 0 0 0 0 0 0 0 0 0 0 0 0 0 0 0 0 0 0 0 0 0 0 0 data 87 0x10005 0xa96 0x0 0x0 0x0 0x0 0x0 0xc0007 0x252 0x40 0x845 0x100007 0x846 0x30 0x0 0x130002 0x252 0x1c0007 0x846 0xd8 0x251 0x2a0002 0x251 0x2d0007 0x197 0x38 0xba 0x310003 0xba 0x50 0x350005 0x197 0x0 0x0 0x0 0x0 0x0 0x3c0005 0x251 0x0 0x0 0x0 0x0 0x0 0x470007 0xa28 0x58 0x6d 0x4b0005 0x6e 0x0 0x0 0x0 0x0 0x0 0x510007 0xa98 0x70 0x0 0x5a0005 0x0 0x0 0x0 0x0 0x0 0x0 0x5f0003 0x0 0x50 0x660005 0x0 0x0 0x2563f2e5f88 0xa92 0x2563f2e6038 0x2 0x0 0x0 0x0 0x0 0x0 0x0 0x9 0x3 0x0 0x0 0x0 oops 2 72 jdk/internal/reflect/DirectMethodHandleAccessor 74 jdk/internal/reflect/DirectMethodHandleAccessor$NativeAccessor methods 0
ciMethodData jdk/internal/reflect/DirectMethodHandleAccessor isStatic ()Z 2 2726 orig 80 0 0 0 0 0 0 0 0 0 0 0 0 0 0 0 0 0 0 0 0 0 0 0 0 0 0 0 0 0 0 0 0 0 0 0 0 0 0 0 0 0 0 0 0 0 0 0 0 0 0 0 0 0 0 0 0 0 0 0 0 0 0 0 0 0 0 0 0 0 0 0 0 0 0 0 0 0 0 0 0 data 13 0xb0007 0x9d8 0x38 0xcf 0xf0003 0xcf 0x18 0x0 0x0 0x0 0x9 0x1 0x0 oops 0 methods 0
ciMethodData jdk/internal/reflect/DirectMethodHandleAccessor checkArgumentCount (I[Ljava/lang/Object;)V 2 2724 orig 80 0 0 0 0 0 0 0 0 0 0 0 0 0 0 0 0 0 0 0 0 0 0 0 0 0 0 0 0 0 0 0 0 0 0 0 0 0 0 0 0 0 0 0 0 0 0 0 0 0 0 0 0 0 0 0 0 0 0 0 0 0 0 0 0 0 0 0 0 0 0 0 0 0 0 0 0 0 0 0 0 data 60 0x10007 0xa8 0x38 0x9fd 0x60003 0x9fd 0x18 0xd0007 0xaa5 0x158 0x0 0x180002 0x0 0x1d0005 0x0 0x0 0x0 0x0 0x0 0x0 0x210005 0x0 0x0 0x0 0x0 0x0 0x0 0x260005 0x0 0x0 0x0 0x0 0x0 0x0 0x2a0005 0x0 0x0 0x0 0x0 0x0 0x0 0x2d0005 0x0 0x0 0x0 0x0 0x0 0x0 0x300002 0x0 0x0 0x0 0x0 0x0 0x0 0x0 0x9 0x2 0x0 0x0 oops 0 methods 0
ciMethodData jdk/internal/reflect/DirectMethodHandleAccessor invoke (Ljava/lang/Object;[Ljava/lang/Object;)Ljava/lang/Object; 2 2725 orig 80 0 0 0 0 0 0 0 0 0 0 0 0 0 0 0 0 0 0 0 0 0 0 0 0 0 0 0 0 0 0 0 0 0 0 0 0 0 0 0 0 0 0 0 0 0 0 0 0 0 0 0 0 0 0 0 0 0 0 0 0 0 0 0 0 0 0 0 0 0 0 0 0 0 0 0 0 0 0 0 0 data 70 0x10005 0xaa6 0x0 0x0 0x0 0x0 0x0 0x40007 0xcf 0x58 0x9d7 0x90005 0x9d7 0x0 0x0 0x0 0x0 0x0 0x110002 0xaa6 0x170005 0xaa5 0x0 0x0 0x0 0x0 0x0 0x1e0005 0x0 0x0 0x0 0x0 0x0 0x0 0x210007 0x0 0x30 0x0 0x2a0002 0x0 0x330002 0x0 0x3a0005 0x0 0x0 0x0 0x0 0x0 0x0 0x3d0007 0x0 0x30 0x0 0x450002 0x0 0x4e0002 0x0 0x580002 0x2 0x0 0x0 0x0 0x0 0x0 0x0 0x9 0x3 0x0 0x0 0x0 oops 0 methods 0
ciMethodData jdk/internal/reflect/DirectMethodHandleAccessor invokeImpl (Ljava/lang/Object;[Ljava/lang/Object;)Ljava/lang/Object; 2 2723 orig 80 0 0 0 0 0 0 0 0 0 0 0 0 0 0 0 0 0 0 0 0 0 0 0 0 0 0 0 0 0 0 0 0 0 0 0 0 0 0 0 0 0 0 0 0 0 0 0 0 0 0 0 0 0 0 0 0 0 0 0 0 0 0 0 0 0 0 0 0 0 0 0 0 0 0 0 0 0 0 0 0 data 98 0x40008 0xa 0x2 0x250 0xed 0x60 0x92e 0xd0 0x86 0x150 0x3 0x1d0 0x29000b 0xee 0x0 0x0 0x0 0x0 0x0 0x3 0x1 0x3 0x3 0x2c0003 0xed 0x200 0x37000b 0x92e 0x0 0x0 0x0 0x0 0x0 0x5 0x1 0x3 0x2 0x256870e6ce0 0x3 0x3a0003 0x92c 0x180 0x48000b 0x86 0x0 0x0 0x0 0x0 0x0 0x5 0x1 0x256876c66d9 0x2 0x2563f13f328 0x3 0x4b0003 0x86 0x100 0x5c000b 0x3 0x0 0x0 0x0 0x0 0x0 0x5 0x1 0x2 0x2 0x0 0x2 0x5f0003 0x3 0x80 0x68000b 0x0 0x0 0x256876c6788 0x2 0x0 0x0 0x5 0x1 0x1 0x2 0x256871664d8 0x2563f13f328 0x0 0x0 0x0 0x0 0x0 0x0 0x9 0x3 0x0 0x0 0x0 oops 6 37 java/io/ObjectInputStream 51 hudson/Functions 53 java/lang/String 77 java/lang/invoke/BoundMethodHandle$Species_LL 85 [Ljava/lang/Object; 86 java/lang/String methods 0
ciMethodData java/io/ObjectStreamClass setPrimFieldValues (Ljava/lang/Object;[B)V 2 2535 orig 80 0 0 0 0 0 0 0 0 0 0 0 0 86 2 0 0 0 0 0 0 0 0 0 0 0 0 0 0 0 0 0 0 0 0 0 0 0 0 0 0 0 0 0 0 0 0 0 0 0 0 0 0 0 0 0 0 0 0 0 0 0 0 0 0 0 0 0 0 0 0 0 0 0 0 0 0 0 0 0 0 data 18 0x60005 0x9e7 0x0 0x0 0x0 0x0 0x0 0x0 0x0 0x0 0x0 0x0 0x0 0x9 0x3 0x0 0x0 0x0 oops 0 methods 0
ciMethodData java/io/ObjectStreamClass$FieldReflector setPrimFieldValues (Ljava/lang/Object;[B)V 2 2534 orig 80 0 0 0 0 0 0 0 0 0 0 0 0 86 2 0 0 0 0 0 0 0 0 0 0 0 0 0 0 0 0 0 0 0 0 0 0 0 0 0 0 0 0 0 0 0 0 0 0 0 0 0 0 0 0 0 0 0 0 0 0 0 0 0 0 0 0 0 0 0 0 0 0 0 0 0 0 0 0 0 0 data 206 0x10007 0x9e6 0x30 0x0 0x80002 0x0 0x130007 0x9e6 0x5e0 0x9e6 0x240007 0x9e6 0x38 0x0 0x270003 0x0 0x588 0x380008 0x34 0x0 0x560 0x0 0x228 0x0 0x290 0x1b5 0x4e8 0x0 0x560 0x0 0x3f8 0x0 0x560 0x0 0x560 0x0 0x380 0x0 0x470 0x0 0x560 0x0 0x560 0x0 0x560 0x0 0x560 0x0 0x560 0x0 0x560 0x0 0x560 0x0 0x560 0x0 0x308 0x0 0x560 0x0 0x560 0x0 0x560 0x0 0x560 0x0 0x560 0x0 0x560 0x831 0x1b0 0xb50002 0x831 0xb8000b 0x16d 0x0 0x0 0x0 0x0 0x0 0x2 0x1 0x256877838e8 0xbb0003 0x831 0x360 0xc8000b 0x0 0x0 0x0 0x0 0x0 0x0 0x2 0x1 0x0 0xcb0003 0x0 0x2f8 0xd70002 0x0 0xda000b 0x0 0x0 0x0 0x0 0x0 0x0 0x2 0x1 0x0 0xdd0003 0x0 0x280 0xe90002 0x0 0xec000b 0x0 0x0 0x0 0x0 0x0 0x0 0x2 0x1 0x0 0xef0003 0x0 0x208 0xfb0002 0x0 0xfe000b 0x0 0x0 0x0 0x0 0x0 0x0 0x2 0x1 0x0 0x1010003 0x0 0x190 0x10d0002 0x0 0x110000b 0x0 0x0 0x0 0x0 0x0 0x0 0x2 0x1 0x0 0x1130003 0x0 0x118 0x11f0002 0x0 0x122000b 0x0 0x0 0x0 0x0 0x0 0x0 0x2 0x1 0x0 0x1250003 0x0 0xa0 0x1310002 0x1b5 0x134000b 0x54 0x0 0x0 0x0 0x0 0x0 0x2 0x1 0x2563f143518 0x1370003 0x1b5 0x28 0x13e0002 0x0 0x1450003 0x9e6 0xfffffffffffffa38 0x0 0x0 0x0 0x0 0x0 0x0 0x0 0x9 0x3 0x0 0x0 0x0 oops 2 82 net/java/sezpoz/impl/SerAnnotatedElement 185 java/lang/Double methods 0
ciMethodData jdk/internal/reflect/DirectMethodHandleAccessor checkReceiver (Ljava/lang/Object;)V 2 2478 orig 80 0 0 0 0 0 0 0 0 0 0 0 0 0 0 0 0 0 0 0 0 0 0 0 0 0 0 0 0 0 0 0 0 0 0 0 0 0 0 0 0 0 0 0 0 0 0 0 0 0 0 0 0 0 0 0 0 0 0 0 0 0 0 0 0 0 0 0 0 0 0 0 0 0 0 0 0 0 0 0 0 data 30 0x50005 0x9af 0x0 0x0 0x0 0x0 0x0 0x80005 0x9af 0x0 0x0 0x0 0x0 0x0 0xb0007 0x9af 0x30 0x0 0x140002 0x0 0x0 0x0 0x0 0x0 0x0 0x0 0x9 0x2 0x0 0x0 oops 0 methods 0
ciMethodData java/lang/invoke/Invokers$Holder invokeExact_MT (Ljava/lang/Object;Ljava/lang/Object;Ljava/lang/Object;Ljava/lang/Object;)Ljava/lang/Object; 2 2936 orig 80 0 0 0 0 0 0 0 0 0 0 0 0 0 0 0 0 0 0 0 0 0 0 0 0 0 0 0 0 0 0 0 0 0 0 0 0 0 0 0 0 0 0 0 0 0 0 0 0 0 0 0 0 0 0 0 0 0 0 0 0 0 0 0 0 0 0 0 0 0 0 0 0 0 0 0 0 0 0 0 0 data 57 0x10004 0x0 0x0 0x256876c84e8 0x172 0x256876c6788 0x1c8 0x70004 0x0 0x0 0x2563f141bb8 0x416 0x0 0x0 0xa000a 0xb7a 0x4 0x0 0x2 0x1 0x2563f141bb8 0xe000a 0xb7a 0x2 0x0 0x2 0x14000b 0xb7a 0x0 0x0 0x0 0x0 0x0 0x5 0x1 0x3 0x2 0x2 0x3 0x0 0x0 0x0 0x0 0x0 0x0 0x9 0x4 0x0 0x0 0x0 0x0 0xc 0x4 0x0 0x2 0x1 0x3 oops 4 3 java/lang/invoke/BoundMethodHandle$Species_LLL 5 java/lang/invoke/BoundMethodHandle$Species_LL 10 java/lang/invoke/MethodType 20 java/lang/invoke/MethodType methods 0
ciMethodData java/io/ObjectInputStream skipCustomData ()V 2 2102 orig 80 0 0 0 0 0 0 0 0 0 0 0 0 0 0 0 0 0 0 0 0 0 0 0 0 0 0 0 0 0 0 0 0 0 0 0 0 0 0 0 0 0 0 0 0 0 0 0 0 0 0 0 0 0 0 0 0 0 0 0 0 0 0 0 0 0 0 0 0 0 0 0 0 0 0 0 0 0 0 0 0 data 80 0x90005 0x0 0x0 0x256870e7b38 0x837 0x0 0x0 0xc0007 0x0 0x90 0x837 0x130005 0x0 0x0 0x256870e7b38 0x837 0x0 0x0 0x1b0005 0x0 0x0 0x256870e7b38 0x837 0x0 0x0 0x230005 0x0 0x0 0x256870e7b38 0x837 0x0 0x0 0x260008 0xa 0x0 0xe8 0x0 0x60 0x837 0xb0 0x0 0xe8 0x0 0x60 0x490005 0x0 0x0 0x0 0x0 0x0 0x0 0x4d0003 0x0 0xfffffffffffffe68 0x540005 0x0 0x0 0x256870e7b38 0x837 0x0 0x0 0x620005 0x0 0x0 0x0 0x0 0x0 0x0 0x660003 0x0 0xfffffffffffffde0 0x0 0x0 0x0 0x0 0x0 0x0 0x9 0x1 0x0 oops 5 3 java/io/ObjectInputStream$BlockDataInputStream 14 java/io/ObjectInputStream$BlockDataInputStream 21 java/io/ObjectInputStream$BlockDataInputStream 28 java/io/ObjectInputStream$BlockDataInputStream 57 java/io/ObjectInputStream$BlockDataInputStream methods 0
ciMethodData java/io/ObjectInputStream$BlockDataInputStream skipBlockData ()V 2 2102 orig 80 0 0 0 0 0 0 0 0 0 0 0 0 0 0 0 0 0 0 0 0 0 0 0 0 0 0 0 0 0 0 0 0 0 0 0 0 0 0 0 0 0 0 0 0 0 0 0 0 0 0 0 0 0 0 0 0 0 0 0 0 0 0 0 0 0 0 0 0 0 0 0 0 0 0 0 0 0 0 0 0 data 29 0x40007 0x837 0x30 0x0 0xd0002 0x0 0x150007 0x837 0x70 0x837 0x190005 0x837 0x0 0x0 0x0 0x0 0x0 0x1c0003 0x837 0xffffffffffffffa8 0x0 0x0 0x0 0x0 0x0 0x0 0x9 0x1 0x0 oops 0 methods 0
ciMethodData java/io/SerialCallbackContext <init> (Ljava/lang/Object;Ljava/io/ObjectStreamClass;)V 2 1958 orig 80 0 0 0 0 0 0 0 0 0 0 0 0 0 0 0 0 0 0 0 0 0 0 0 0 0 0 0 0 0 0 0 0 0 0 0 0 0 0 0 0 0 0 0 0 0 0 0 0 0 0 0 0 0 0 0 0 0 0 0 0 0 0 0 0 0 0 0 0 0 0 0 0 0 0 0 0 0 0 0 0 data 15 0x10002 0x7a7 0xf0002 0x7a7 0x0 0x0 0x0 0x0 0x0 0x0 0x9 0x3 0xe 0x0 0x0 oops 0 methods 0
ciMethodData java/io/ObjectStreamClass invokeReadObject (Ljava/lang/Object;Ljava/io/ObjectInputStream;)V 2 1968 orig 80 0 0 0 0 0 0 0 0 0 0 0 0 0 0 0 0 0 0 0 0 0 0 0 0 0 0 0 0 0 0 0 0 0 0 0 0 0 0 0 0 0 0 0 0 0 0 0 0 0 0 0 0 0 0 0 0 0 0 0 0 0 0 0 0 0 0 0 0 0 0 0 0 0 0 0 0 0 0 0 0 data 91 0x10005 0x7b1 0x0 0x0 0x0 0x0 0x0 0x80007 0x0 0x238 0x7b1 0x170004 0x0 0x0 0x256870e6ce0 0x7b1 0x0 0x0 0x180005 0x7b1 0x0 0x0 0x0 0x0 0x0 0x1c0003 0x7b1 0x1b8 0x210005 0x0 0x0 0x0 0x0 0x0 0x0 0x280004 0x0 0x0 0x0 0x0 0x0 0x0 0x2b0007 0x0 0x58 0x0 0x300004 0x0 0x0 0x0 0x0 0x0 0x0 0x360004 0x0 0x0 0x0 0x0 0x0 0x0 0x390007 0x0 0x58 0x0 0x3e0004 0x0 0x0 0x0 0x0 0x0 0x0 0x440002 0x0 0x470003 0x0 0x38 0x500002 0x0 0x580002 0x0 0x0 0x0 0x0 0x0 0x0 0x0 0x9 0x3 0x0 0x0 0x0 oops 1 14 java/io/ObjectInputStream methods 0
ciMethodData java/io/SerialCallbackContext setUsed ()V 2 1996 orig 80 0 0 0 0 0 0 0 0 0 0 0 0 0 0 0 0 0 0 0 0 0 0 0 0 0 0 0 0 0 0 0 0 0 0 0 0 0 0 0 0 0 0 0 0 0 0 0 0 0 0 0 0 0 0 0 0 0 0 0 0 0 0 0 0 0 0 0 0 0 0 0 0 0 0 0 0 0 0 0 0 data 6 0x0 0x0 0x0 0x9 0x1 0x0 oops 0 methods 0
ciMethodData java/io/ObjectStreamClass getClassDataLayout0 ()[Ljava/io/ObjectStreamClass$ClassDataSlot; 1 64 orig 80 0 0 0 0 0 0 0 0 0 0 0 0 86 2 0 0 0 0 0 0 0 0 0 0 0 0 0 0 0 0 0 0 0 0 0 0 0 0 0 0 0 0 0 0 0 0 0 0 0 0 0 0 0 0 0 0 0 0 0 0 0 0 0 0 0 0 0 0 0 0 0 0 0 0 0 0 0 0 0 0 data 214 0x40002 0x40 0x130007 0x0 0xc8 0x8c 0x190005 0x8c 0x0 0x0 0x0 0x0 0x0 0x1c0007 0x40 0x70 0x4c 0x200005 0x4c 0x0 0x0 0x0 0x0 0x0 0x240003 0x4c 0xffffffffffffff50 0x2c0002 0x40 0x360007 0x40 0x400 0x4c 0x400005 0x0 0x0 0x25687165448 0x4c 0x0 0x0 0x430007 0x4c 0x30 0x0 0x4d0002 0x0 0x580005 0x0 0x0 0x25687165448 0x4c 0x0 0x0 0x610007 0x0 0x70 0x4c 0x690005 0x4c 0x0 0x0 0x0 0x0 0x0 0x6c0003 0x4c 0x18 0x7f0007 0x0 0x118 0x4c 0x860005 0x4c 0x0 0x0 0x0 0x0 0x0 0x890005 0x4c 0x0 0x0 0x0 0x0 0x0 0x8c0007 0x0 0x38 0x4c 0x930003 0x4c 0x68 0x980005 0x0 0x0 0x0 0x0 0x0 0x0 0x9d0003 0x0 0xffffffffffffff00 0xa20007 0x0 0x120 0x4c 0xac0007 0x4c 0xc8 0x0 0xb70002 0x0 0xbb0002 0x0 0xbe0005 0x0 0x0 0x0 0x0 0x0 0x0 0xc40005 0x0 0x0 0x0 0x0 0x0 0x0 0xc90003 0x0 0xffffffffffffff50 0xce0005 0x4c 0x0 0x0 0x0 0x0 0x0 0xdb0005 0x4c 0x0 0x0 0x0 0x0 0x0 0xdf0002 0x4c 0xe20005 0x0 0x0 0x2563f142cf8 0x4c 0x0 0x0 0xed0003 0x4c 0xfffffffffffffc18 0xf60007 0x40 0xc8 0x0 0x1010002 0x0 0x1050002 0x0 0x1080005 0x0 0x0 0x0 0x0 0x0 0x0 0x10e0005 0x0 0x0 0x0 0x0 0x0 0x0 0x1130003 0x0 0xffffffffffffff50 0x1170002 0x40 0x11c0005 0x0 0x0 0x2563f142cf8 0x40 0x0 0x0 0x1220005 0x0 0x0 0x2563f142cf8 0x40 0x0 0x0 0x1250004 0x0 0x0 0x256870eaf38 0x40 0x0 0x0 0x0 0x0 0x0 0x0 0x0 0x0 0x9 0x1 0x0 oops 6 36 java/util/HashSet 49 java/util/HashSet 150 java/util/ArrayList 187 java/util/ArrayList 194 java/util/ArrayList 201 [Ljava/io/ObjectStreamClass$ClassDataSlot; methods 0
ciMethodData java/io/ObjectStreamClass hasReadObjectNoDataMethod ()Z 1 420 orig 80 0 0 0 0 0 0 0 0 0 0 0 0 86 2 0 0 0 0 0 0 0 0 0 0 0 0 0 0 0 0 0 0 0 0 0 0 0 0 0 0 0 0 0 0 0 0 0 0 0 0 0 0 0 0 0 0 0 0 0 0 0 0 0 0 0 0 0 0 0 0 0 0 0 0 0 0 0 0 0 0 data 23 0x10005 0x1a4 0x0 0x0 0x0 0x0 0x0 0x80007 0x1a4 0x38 0x0 0xc0003 0x0 0x18 0x0 0x0 0x0 0x0 0x0 0x0 0x9 0x1 0x0 oops 0 methods 0
ciMethodData jdk/internal/reflect/Reflection isCallerSensitive (Ljava/lang/reflect/Method;)Z 1 377 orig 80 0 0 0 0 0 0 0 0 0 0 0 0 86 2 0 0 0 0 0 0 0 0 0 0 0 0 0 0 0 0 0 0 0 0 0 0 0 0 0 0 0 0 0 0 0 0 0 0 0 0 0 0 0 0 0 0 0 0 0 0 0 0 0 0 0 0 0 0 0 0 0 0 0 0 0 0 0 0 0 0 data 36 0x10005 0x179 0x0 0x0 0x0 0x0 0x0 0x40005 0x179 0x0 0x0 0x0 0x0 0x0 0x90002 0x179 0xc0007 0xec 0x58 0x8e 0x120005 0x0 0x0 0x2563f140dd8 0x8e 0x0 0x0 0x0 0x0 0x0 0x0 0x0 0x0 0x9 0x1 0xffffffffffffffff oops 1 23 java/lang/reflect/Method methods 0
ciMethodData java/lang/reflect/Method acquireMethodAccessor ()Ljdk/internal/reflect/MethodAccessor; 1 112 orig 80 0 0 0 0 0 0 0 0 0 0 0 0 86 2 0 0 0 0 0 0 0 0 0 0 0 0 0 0 0 0 0 0 0 0 0 0 0 0 0 0 0 0 0 0 0 0 0 0 0 0 0 0 0 0 0 0 0 0 0 0 0 0 0 0 0 0 0 0 0 0 0 0 0 0 0 0 0 0 0 0 data 57 0x60007 0x70 0x38 0x0 0xa0003 0x0 0x50 0xe0005 0x70 0x0 0x0 0x0 0x0 0x0 0x130007 0x6f 0x38 0x0 0x1b0003 0x0 0xf0 0x230005 0x6e 0x0 0x0 0x0 0x0 0x0 0x260005 0x0 0x0 0x2563f631958 0x6f 0x0 0x0 0x2a0002 0x6f 0x2d0007 0x0 0x58 0x70 0x320005 0x6f 0x0 0x0 0x0 0x0 0x0 0x0 0x0 0x0 0x0 0x0 0x0 0x9 0x1 0xffffffffffffffff oops 1 31 jdk/internal/reflect/ReflectionFactory methods 0
ciMethodData jdk/internal/reflect/DirectMethodHandleAccessor isIllegalArgument (Ljava/lang/RuntimeException;)Z 1 0 orig 80 0 0 0 0 0 0 0 0 0 0 0 0 86 2 0 0 0 0 0 0 0 0 0 0 0 0 0 0 0 0 0 0 0 0 0 0 0 0 0 0 0 0 0 0 0 0 0 0 0 0 0 0 0 0 0 0 0 0 0 0 0 0 0 0 0 0 0 0 0 0 0 0 0 0 0 0 0 0 0 0 data 12 0x30002 0x0 0x0 0x0 0x0 0x0 0x0 0x0 0x9 0x2 0x0 0xffffffffffffffff oops 0 methods 0
ciMethodData java/io/ObjectStreamClass throwMiscException (Ljava/lang/Throwable;)V 1 0 orig 80 0 0 0 0 0 0 0 0 0 0 0 0 86 2 0 0 0 0 0 0 0 0 0 0 0 0 0 0 0 0 0 0 0 0 0 0 0 0 0 0 0 0 0 0 0 0 0 0 0 0 0 0 0 0 0 0 0 0 0 0 0 0 0 0 0 0 0 0 0 0 0 0 0 0 0 0 0 0 0 0 data 47 0x10004 0x0 0x0 0x0 0x0 0x0 0x0 0x40007 0x0 0x58 0x0 0x80004 0x0 0x0 0x0 0x0 0x0 0x0 0xd0004 0x0 0x0 0x0 0x0 0x0 0x0 0x100007 0x0 0x58 0x0 0x140004 0x0 0x0 0x0 0x0 0x0 0x0 0x200002 0x0 0x0 0x0 0x0 0x0 0x0 0x0 0x9 0x1 0x0 oops 0 methods 0
ciMethod jdk/internal/reflect/DirectMethodHandleAccessor$NativeAccessor invoke (Ljava/lang/Object;[Ljava/lang/Object;)Ljava/lang/Object; 4 0 2 0 0
ciMethod jdk/internal/reflect/DirectMethodHandleAccessor$NativeAccessor invoke0 (Ljava/lang/reflect/Method;Ljava/lang/Object;[Ljava/lang/Object;)Ljava/lang/Object; 4 0 2 0 -1
compile java/io/ObjectInputStream readSerialData (Ljava/lang/Object;Ljava/io/ObjectStreamClass;)V -1 4 inline 148 0 -1 0 java/io/ObjectInputStream readSerialData (Ljava/lang/Object;Ljava/io/ObjectStreamClass;)V 1 1 0 java/io/ObjectStreamClass getClassDataLayout ()[Ljava/io/ObjectStreamClass$ClassDataSlot; 1 32 0 java/io/ObjectStreamClass hasReadObjectMethod ()Z 2 1 0 java/io/ObjectStreamClass requireInitialized ()V 1 40 0 java/io/ObjectStreamClass hasReadObjectNoDataMethod ()Z 1 111 0 java/io/ObjectInputStream$HandleTable lookupException (I)Ljava/lang/ClassNotFoundException; 1 134 0 java/io/ObjectStreamClass hasReadObjectMethod ()Z 2 1 0 java/io/ObjectStreamClass requireInitialized ()V 1 164 0 java/io/SerialCallbackContext <init> (Ljava/lang/Object;Ljava/io/ObjectStreamClass;)V 2 1 0 java/lang/Object <init> ()V 1 175 0 java/io/ObjectInputStream$BlockDataInputStream setBlockDataMode (Z)Z 1 183 0 java/io/ObjectStreamClass invokeReadObject (Ljava/lang/Object;Ljava/io/ObjectInputStream;)V 2 1 0 java/io/ObjectStreamClass requireInitialized ()V 2 24 0 java/lang/reflect/Method invoke (Ljava/lang/Object;[Ljava/lang/Object;)Ljava/lang/Object; 3 1 0 java/lang/reflect/Method isCallerSensitive ()Z 4 11 0 jdk/internal/reflect/Reflection isCallerSensitive (Ljava/lang/reflect/Method;)Z 5 1 0 java/lang/reflect/Method getDeclaringClass ()Ljava/lang/Class; 5 4 0 java/lang/Class getClassLoader ()Ljava/lang/ClassLoader; 6 11 0 java/lang/System getSecurityManager ()Ljava/lang/SecurityManager; 7 0 0 java/lang/System allowSecurityManager ()Z 5 18 0 java/lang/reflect/AccessibleObject isAnnotationPresent (Ljava/lang/Class;)Z 6 2 0 java/lang/reflect/AnnotatedElement isAnnotationPresent (Ljava/lang/Class;)Z 7 2 0 java/lang/reflect/Method getAnnotation (Ljava/lang/Class;)Ljava/lang/annotation/Annotation; 8 2 0 java/lang/reflect/Executable getAnnotation (Ljava/lang/Class;)Ljava/lang/annotation/Annotation; 9 1 0 java/util/Objects requireNonNull (Ljava/lang/Object;)Ljava/lang/Object; 9 11 0 java/util/Collections$EmptyMap get (Ljava/lang/Object;)Ljava/lang/Object; 9 11 0 java/util/LinkedHashMap get (Ljava/lang/Object;)Ljava/lang/Object; 10 2 0 java/util/HashMap getNode (Ljava/lang/Object;)Ljava/util/HashMap$Node; 11 23 0 java/util/HashMap hash (Ljava/lang/Object;)I 11 63 0 java/lang/Object equals (Ljava/lang/Object;)Z 11 128 0 java/lang/Object equals (Ljava/lang/Object;)Z 3 42 0 java/lang/reflect/Modifier isStatic (I)Z 3 102 0 jdk/internal/reflect/DirectMethodHandleAccessor invoke (Ljava/lang/Object;[Ljava/lang/Object;)Ljava/lang/Object; 4 1 0 jdk/internal/reflect/DirectMethodHandleAccessor isStatic ()Z 4 9 0 jdk/internal/reflect/DirectMethodHandleAccessor checkReceiver (Ljava/lang/Object;)V 4 17 0 jdk/internal/reflect/DirectMethodHandleAccessor checkArgumentCount (I[Ljava/lang/Object;)V 4 23 0 jdk/internal/reflect/DirectMethodHandleAccessor invokeImpl (Ljava/lang/Object;[Ljava/lang/Object;)Ljava/lang/Object; 5 104 0 java/lang/invoke/Invokers$Holder invokeExact_MT (Ljava/lang/Object;Ljava/lang/Object;Ljava/lang/Object;Ljava/lang/Object;)Ljava/lang/Object; 6 10 0 java/lang/invoke/Invokers checkExactType (Ljava/lang/invoke/MethodHandle;Ljava/lang/invoke/MethodType;)V 7 1 0 java/lang/invoke/MethodHandle type ()Ljava/lang/invoke/MethodType; 6 14 0 java/lang/invoke/Invokers checkCustomized (Ljava/lang/invoke/MethodHandle;)V 5 55 0 java/lang/invoke/Invokers$Holder invokeExact_MT (Ljava/lang/Object;Ljava/lang/Object;Ljava/lang/Object;Ljava/lang/Object;)Ljava/lang/Object; 6 10 0 java/lang/invoke/Invokers checkExactType (Ljava/lang/invoke/MethodHandle;Ljava/lang/invoke/MethodType;)V 7 1 0 java/lang/invoke/MethodHandle type ()Ljava/lang/invoke/MethodType; 6 14 0 java/lang/invoke/Invokers checkCustomized (Ljava/lang/invoke/MethodHandle;)V 5 41 0 java/lang/invoke/Invokers$Holder invokeExact_MT (Ljava/lang/Object;Ljava/lang/Object;Ljava/lang/Object;)Ljava/lang/Object; 6 10 0 java/lang/invoke/Invokers checkExactType (Ljava/lang/invoke/MethodHandle;Ljava/lang/invoke/MethodType;)V 7 1 0 java/lang/invoke/MethodHandle type ()Ljava/lang/invoke/MethodType; 6 14 0 java/lang/invoke/Invokers checkCustomized (Ljava/lang/invoke/MethodHandle;)V 3 102 0 jdk/internal/reflect/DirectMethodHandleAccessor$NativeAccessor invoke (Ljava/lang/Object;[Ljava/lang/Object;)Ljava/lang/Object; 1 190 0 java/io/SerialCallbackContext setUsed ()V 1 231 0 java/io/SerialCallbackContext setUsed ()V 1 259 0 java/io/SerialCallbackContext setUsed ()V 1 297 0 java/io/ObjectInputStream$FieldValues <init> (Ljava/io/ObjectInputStream;Ljava/io/ObjectStreamClass;Z)V 2 6 0 java/io/ObjectInputStream$GetField <init> ()V 3 1 0 java/lang/Object <init> ()V 2 15 0 java/io/ObjectStreamClass getPrimDataSize ()I 2 54 0 java/io/ObjectInputStream$BlockDataInputStream readFully ([BIIZ)V 3 10 0 java/io/ObjectInputStream$BlockDataInputStream read ([BIIZ)I 4 25 0 java/io/ObjectInputStream$BlockDataInputStream refill ()V 5 31 0 java/io/ObjectInputStream$PeekInputStream read ([BII)I 6 20 0 java/io/FilterInputStream read ([BII)I 6 75 0 java/io/FilterInputStream read ([BII)I 5 72 0 java/io/ObjectInputStream$BlockDataInputStream readBlockHeader (Z)I 6 40 0 java/io/ObjectInputStream$PeekInputStream peek ()I 7 17 0 java/io/FilterInputStream read ()I 8 4 0 java/util/zip/InflaterInputStream read ()I 9 1 0 java/util/zip/InflaterInputStream ensureOpen ()V 9 11 0 java/util/zip/InflaterInputStream read ([BII)I 10 1 0 java/util/zip/InflaterInputStream ensureOpen ()V 10 20 0 java/util/Objects checkFromIndexSize (III)I 11 4 0 jdk/internal/util/Preconditions checkFromIndexSize (IIILjava/util/function/BiFunction;)I 10 34 0 java/util/zip/Inflater finished ()Z 10 44 0 java/util/zip/Inflater needsDictionary ()Z 10 61 0 java/util/zip/Inflater needsInput ()Z 11 36 0 java/nio/Buffer hasRemaining ()Z 10 71 0 java/util/zip/Inflater hasPendingOutput ()Z 9 28 0 java/lang/Byte toUnsignedInt (B)I 6 94 0 java/io/ObjectInputStream$PeekInputStream readFully ([BII)V 7 19 0 java/io/ObjectInputStream$PeekInputStream read ([BII)I 8 20 0 java/io/FilterInputStream read ([BII)I 8 75 0 java/io/FilterInputStream read ([BII)I 4 134 0 java/io/ObjectInputStream$PeekInputStream read ([BII)I 5 20 0 java/io/FilterInputStream read ([BII)I 5 75 0 java/io/FilterInputStream read ([BII)I 2 58 0 java/io/ObjectStreamClass getNumObjFields ()I 2 111 0 java/io/ObjectStreamClass getFields (Z)[Ljava/io/ObjectStreamField; 2 161 0 java/io/ObjectStreamField isUnshared ()Z 2 185 0 java/io/ObjectStreamField getField ()Ljava/lang/reflect/Field; 2 201 0 java/io/ObjectInputStream$HandleTable markDependency (II)V 1 335 0 java/io/ObjectStreamClass hasWriteObjectData ()Z 2 1 0 java/io/ObjectStreamClass requireInitialized ()V 1 342 0 java/io/ObjectInputStream skipCustomData ()V 2 9 0 java/io/ObjectInputStream$BlockDataInputStream getBlockDataMode ()Z 2 19 0 java/io/ObjectInputStream$BlockDataInputStream skipBlockData ()V 3 25 0 java/io/ObjectInputStream$BlockDataInputStream refill ()V 4 31 0 java/io/ObjectInputStream$PeekInputStream read ([BII)I 5 20 0 java/io/FilterInputStream read ([BII)I 5 75 0 java/io/FilterInputStream read ([BII)I 4 72 0 java/io/ObjectInputStream$BlockDataInputStream readBlockHeader (Z)I 5 40 0 java/io/ObjectInputStream$PeekInputStream peek ()I 6 17 0 java/io/FilterInputStream read ()I 7 4 0 java/util/zip/InflaterInputStream read ()I 8 1 0 java/util/zip/InflaterInputStream ensureOpen ()V 8 11 0 java/util/zip/InflaterInputStream read ([BII)I 9 1 0 java/util/zip/InflaterInputStream ensureOpen ()V 9 20 0 java/util/Objects checkFromIndexSize (III)I 10 4 0 jdk/internal/util/Preconditions checkFromIndexSize (IIILjava/util/function/BiFunction;)I 9 34 0 java/util/zip/Inflater finished ()Z 9 44 0 java/util/zip/Inflater needsDictionary ()Z 9 61 0 java/util/zip/Inflater needsInput ()Z 10 36 0 java/nio/Buffer hasRemaining ()Z 9 71 0 java/util/zip/Inflater hasPendingOutput ()Z 8 28 0 java/lang/Byte toUnsignedInt (B)I 5 94 0 java/io/ObjectInputStream$PeekInputStream readFully ([BII)V 6 19 0 java/io/ObjectInputStream$PeekInputStream read ([BII)I 7 20 0 java/io/FilterInputStream read ([BII)I 7 75 0 java/io/FilterInputStream read ([BII)I 2 27 0 java/io/ObjectInputStream$BlockDataInputStream setBlockDataMode (Z)Z 2 35 0 java/io/ObjectInputStream$BlockDataInputStream peekByte ()B 3 1 0 java/io/ObjectInputStream$BlockDataInputStream peek ()I 4 51 0 java/io/ObjectInputStream$PeekInputStream peek ()I 5 17 0 java/io/FilterInputStream read ()I 6 4 0 java/util/zip/InflaterInputStream read ()I 7 1 0 java/util/zip/InflaterInputStream ensureOpen ()V 7 11 0 java/util/zip/InflaterInputStream read ([BII)I 8 1 0 java/util/zip/InflaterInputStream ensureOpen ()V 8 20 0 java/util/Objects checkFromIndexSize (III)I 9 4 0 jdk/internal/util/Preconditions checkFromIndexSize (IIILjava/util/function/BiFunction;)I 8 34 0 java/util/zip/Inflater finished ()Z 8 44 0 java/util/zip/Inflater needsDictionary ()Z 8 61 0 java/util/zip/Inflater needsInput ()Z 9 36 0 java/nio/Buffer hasRemaining ()Z 8 71 0 java/util/zip/Inflater hasPendingOutput ()Z 7 28 0 java/lang/Byte toUnsignedInt (B)I 2 84 0 java/io/ObjectInputStream$BlockDataInputStream readByte ()B 3 1 0 java/io/ObjectInputStream$BlockDataInputStream read ()I 4 58 0 java/io/ObjectInputStream$PeekInputStream read ()I 1 353 0 java/io/ObjectInputStream$BlockDataInputStream setBlockDataMode (Z)Z 1 431 0 java/io/ObjectInputStream$FieldValues defaultCheckFieldValues (Ljava/lang/Object;)V 2 16 0 java/io/ObjectStreamClass checkObjFieldValueTypes (Ljava/lang/Object;[Ljava/lang/Object;)V 3 6 0 java/io/ObjectStreamClass$FieldReflector checkObjectFieldValueTypes (Ljava/lang/Object;[Ljava/lang/Object;)V 4 4 0 java/io/ObjectStreamClass$FieldReflector setObjFieldValues (Ljava/lang/Object;[Ljava/lang/Object;Z)V 1 464 0 java/io/ObjectInputStream$FieldValues defaultSetFieldValues (Ljava/lang/Object;)V 2 16 0 java/io/ObjectStreamClass setPrimFieldValues (Ljava/lang/Object;[B)V 2 35 0 java/io/ObjectStreamClass setObjFieldValues (Ljava/lang/Object;[Ljava/lang/Object;)V 3 6 0 java/io/ObjectStreamClass$FieldReflector setObjFieldValues (Ljava/lang/Object;[Ljava/lang/Object;)V 4 4 0 java/io/ObjectStreamClass$FieldReflector setObjFieldValues (Ljava/lang/Object;[Ljava/lang/Object;Z)V
